entity_id,company,company_description,sector,subsector,value_chain_tier,bottleneck_risk,policy_exposure,round,deal_type,amount_m,valuation_m,date,date_display,month_year,quarter,year,location,lead_investors,co_investors,related_tickers,robotnik_take,source
kobold-metals,KoBold Metals,"Uses machine-learning models to identify and develop deposits of copper, lithium, nickel, and cobalt globally. Flagship project is the Mingomba copper deposit in Zambia; the company exists at the intersection of AI-driven exploration software and traditional mining operations.",Materials,Battery Materials,Upstream Materials,High,US_Critical_Minerals_List;US_DOE_LPO_Eligible,Series C,venture,537,2960.0,2025-01-02,2-Jan-25,Jan-25,1Q25,2025,USA,"Durable Capital Partners, T. Rowe Price","Andreessen Horowitz, BOND, Breakthrough Energy Ventures, Earthshot VC, Equinor, July Fund, Mitsubishi, Standard Investments, StepStone Group, WCM Investment Management",,"$537M at $2.96B post — the largest mineral-exploration venture round on record, anchoring KoBold as the AI-native critical-minerals comp to traditional majors Freeport-McMoRan (FCX), Rio Tinto (RIO), and BHP (BHP). Durable + T. Rowe leading signals crossover capital is treating Mingomba copper discovery as a pre-IPO setup, not a venture science bet. The thesis turns on whether ML-driven exploration produces a step-change in copper hit-rates versus a generation of seismic-only majors — a binary geological catalyst, not a software one.",https://techcrunch.com/2025/01/02/kobold-used-ai-to-find-copper-now-investors-are-piling-in-to-the-tune-of-537m/
fourier-intelligence,Fourier Intelligence,Chinese humanoid robot developer behind the GR-2 platform. Also operates a rehabilitation robotics business line for clinical use.,Robotics,Humanoid & Service Robots,System Integration,Medium,China_Made_In_China_2025,Series E,venture,109,1100,2025-01-07,7-Jan-25,Jan-25,1Q25,2025,China (Shanghai),"Guoxin Investment, Pudong Venture Capital","Zhangjiang Hi-Tech, Zhangke Yaokun Fund, Prosperity7 Ventures, Junshan Capital",,"Series E at $1.1B post puts Fourier into the Chinese humanoid unicorn cohort alongside Unitree, Galbot, and Agibot — but valuation lags Spirit AI's $1.4B post-Series-A by an order of magnitude in funding efficiency. GR-2 platform competes with Tesla (TSLA) Optimus and Apptronik Apollo on the bipedal stack while rehab-robotics revenue gives Fourier near-term cashflow most peers lack. Guoxin/Pudong lead reads as state-municipal alignment; the bet is rehab-revenue funds the humanoid roadmap.",https://www.dealstreetasia.com/stories/chinese-robotics-firm-fourier-books-nearly-109m-425571
harbinger,Harbinger,"Builds medium-duty electric truck chassis from a clean-sheet design for delivery, work-truck, and motorhome applications. Order book of approximately 4,690 vehicles worth around $500M; founded by alumni of Canoo and QuantumScape.",Robotics,Autonomous Systems & Drones,System Integration,Medium,None,Series B,venture,100,,2025-01-14,14-Jan-25,Jan-25,1Q25,2025,"USA (Garden Grove, CA)","Capricorn Technology Impact Fund, Leitmotif","Tiger Global Management, ArcTern Ventures, THOR Industries, Coca-Cola System Sustainability Fund, Ridgeline, Maniv Mobility, Ironspring, Schematic",,"$100M Series B against a 4,690-unit / ~$500M order book — backlog-to-funding ratio is the cleanest in the EV-chassis class, contrasting with Canoo's collapse and Rivian (RIVN) / Workhorse (WKHS) burn rates. Tiger Global + Capricorn co-leading alongside THOR (THO) and Coca-Cola system signals strategic-anchor customer validation, not pure venture optionality. Medium-duty is the segment Ford (F) and Stellantis (STLA) under-serve; Harbinger's binary catalyst is converting the order book into delivered units without the chassis-startup death-by-NRE pattern.",https://techcrunch.com/2025/01/14/ev-startup-harbingers-obsession-with-simplicity-fuels-100m-series-b/
neura-robotics,NEURA Robotics,"Develops humanoid and cognitive robots equipped with onboard AI software for industrial and service applications. Flagship product is the 4NE1 humanoid, a 5.9-foot bipedal robot designed to understand natural-language instructions and handle payloads up to 220 pounds.",Robotics,Humanoid & Service Robots,System Integration,High,None,Series B,venture,123,,2025-01-15,15-Jan-25,Jan-25,1Q25,2025,Germany (Metzingen),Lingotto Investment Management,"BlueCrest Capital, Volvo Cars Tech Fund, InterAlpen Partners, Vsquared Ventures, HV Capital, Delta Electronics, C4 Ventures, L-Bank",,"At the time, Europe's largest humanoid round — NEURA is the European counterweight to Apptronik, Figure, and 1X, with Volvo Cars Tech Fund anchoring auto-industry pull-through. Lingotto (Agnelli family) lead reads as Stellantis (STLA) / Ferrari (RACE) strategic positioning, not pure financial. 4NE1 third-gen targets the same warehouse / light-manufacturing TAM as Apollo and Optimus (TSLA), but with German industrial customers as the LTM revenue base. The bet is whether European OEMs procure domestically before US-trained models cross over.",https://neura-robotics.com/neura-robotics-secures-euro-120-million-series-b/
stoke-space,Stoke Space,"Develops Nova, a fully reusable two-stage medium-lift rocket. Both stages are designed to return and land for refurbishment. Targets US national security launch contracts (NSSL Phase 3 Lane 1) alongside commercial customers.",Space,Launch,Deployment & Operation,High,US_DPA_Title_III,Series C,venture,260,,2025-01-15,15-Jan-25,Jan-25,1Q25,2025,"USA (Kent, WA)","Breakthrough Energy Ventures, Glade Brook Capital","Point72 Ventures, Woven Capital, 776, Industrious Ventures, Leitmotif, Y Combinator",NVMI,"$260M Series C funds Nova rocket development and Cape Canaveral pad LC-14, the first US fully-reusable two-stage program after SpaceX. Comp set: Rocket Lab (RKLB) on partial reusability, Relativity and Blue Origin privately. The Breakthrough Energy + Glade Brook lead is a climate-aligned strategic syndicate signalling launch-decarbonization thesis. First Nova flight test is the binary milestone; subsequent Oct-25 Series D + Feb-26 extension validate investor conviction.",https://spacenews.com/stoke-space-raises-260-million/
loft-orbital,Loft Orbital,Operates a 'space infrastructure as a service' business — builds and operates satellites carrying hosted payloads for customers who buy capacity rather than buying their own spacecraft. Backlog exceeds $500M across commercial and government customers.,Space,In-Orbit Services,Deployment & Operation,Medium,US_DPA_Title_III,Series C,venture,170,1000,2025-01-15,15-Jan-25,Jan-25,1Q25,2025,"USA (San Francisco, CA)","Tikehau Capital, Axial Partners","Bpifrance, Foundation Capital, Temasek, Uncork Capital, Starburst VC, Supernova, Tribeca VP",,"Unicorn round on $500M+ backlog — Loft is the hosted-payload comp to Planet (PL) and BlackSky (BKSY) on the recurring-bookings model, but differentiated by selling capacity rather than imagery. Tikehau + Temasek leading reads as sovereign infrastructure capital, not growth equity; Bpifrance participation flags French strategic alignment. The thesis: as launch cost collapses via SpaceX, satellite-as-a-service becomes the dominant procurement model for governments unwilling to operate their own birds. Execution risk is bus-supplier dependency, not demand.",https://techcrunch.com/2025/01/15/loft-orbital-lands-a-fresh-170-million/
shippeo,Shippeo,"Real-time multimodal transport visibility platform — software that tracks freight across road, rail, ocean, and air. Sells to shippers and carriers for supply-chain visibility; competes with project44 and FourKites.",Robotics,Warehouse & Logistics,System Integration,Pre-commercial,None,Undisclosed,venture,30,,2025-01-15,15-Jan-25,Jan-25,1Q25,2025,France (Paris),Woven Capital,"Battery Ventures, Partech, NGP Capital, Bpifrance Digital Venture, LFX, Shift4Good, Yamaha Motor Ventures",,"$30M undisclosed tranche brings Shippeo total above $140M — competes directly with project44 and FourKites in real-time visibility, against the public-market read-through of Descartes (DSGX) and SPS Commerce (SPSC) on the supply-chain SaaS stack. Woven (Toyota) lead plus Yamaha Motor Ventures suggests Japanese OEM pull-through. APAC customer growth of 53% YoY is the only metric that differentiates Shippeo from project44; if APAC consolidation continues, Shippeo is the natural acquisition target for a logistics platform play.",https://www.shippeo.com/resources/explore/press-releases/shippeo-raises-30m-strategic-round/
electralith,ElectraLith,Develops direct lithium extraction (DLE) technology using membrane-based separation for sustainable battery materials supply.,Materials,Battery Materials,Upstream Materials,Pre-commercial,US_Critical_Minerals_List;US_DOE_LPO_Eligible,Series A,venture,18,,2025-01-16,16-Jan-25,Jan-25,1Q25,2025,USA,Undisclosed,,,"$18M Series A on undisclosed lead — DLE category competes against Albemarle (ALB), SQM (SQM), and Standard Lithium (SLI) on the brine-extraction stack. Membrane-based separation is the differentiator versus solvent extraction; the thesis is unit economics at scale, not technology novelty. Sub-$25M tail round for the segment — the binary catalyst is a single commercial DLE plant demonstrating cost-down versus conventional brine evaporation.",https://techcrunch.com
bow,BOW,University of Sheffield spinout building a universal robotics software platform — an SDK enabling cross-platform robot programming across different hardware vendors.,Robotics,Software & Simulation,Software & Services,Pre-commercial,UK_NSI_Act,Seed,venture,5,,2025-01-27,27-Jan-25,Jan-25,1Q25,2025,United Kingdom (Sheffield),Northern Gritstone,"Northern Powerhouse Investment Fund II, Praetura Ventures",ROBOT,"$5M seed for a cross-platform robotics SDK — competing with ROS-derived stacks and Viam's horizontal platform on the developer-infrastructure layer. Northern Gritstone lead is UK regional-deeptech capital, not venture-velocity. Comp set thin at this stage but adjacent reads: NVIDIA (NVDA) Isaac, ABB (ABB) RobotStudio on incumbent toolchains. Binary: developer adoption before larger horizontal players capture the SDK layer.",https://www.eu-startups.com/2025/01/worlds-first-universal-robotics-software-platform-bow-raises-e4-7-million/
helion-energy,Helion Energy,"Develops a pulsed magneto-inertial fusion approach using helium-3 and deuterium, with direct electricity generation from plasma rather than steam turbines. Holds a power purchase agreement with Microsoft for a 50 MW plant targeted for 2028.",Materials,Structural Materials,Upstream Materials,Medium,US_DOE_LPO_Eligible,Series F,venture,425,,2025-01-28,28-Jan-25,Jan-25,1Q25,2025,"USA (Everett, WA)","Lightspeed Venture Partners, SoftBank",,,"$425M Series F lifts Helion past $1B cumulative at $5.4B — pricing roughly parallel to Commonwealth Fusion ($6B at last raise) and well above TAE Technologies and Marvel Fusion on the inertial-confinement comp side. Microsoft (MSFT) 50MW PPA by 2028 is the only enforceable demand-side commitment in private fusion; that contract is also the binary catalyst — Helion either hits commercial first plasma against the PPA timeline or the valuation resets. Lightspeed + SoftBank lead reads as growth-capital signaling, not first-of-a-kind risk underwriting.",https://helionenergy.com
castelion,Castelion,"Builds the Blackbeard hypersonic strike weapon for the US Army and Navy. Founded by former SpaceX engineers applying high-rate, vertically integrated manufacturing methods to hypersonic missile production.",Space,Launch,Deployment & Operation,Medium,US_DPA_Title_III,Series A,venture,100,,2025-01-29,29-Jan-25,Jan-25,1Q25,2025,"USA (El Segundo, CA)",Lightspeed Venture Partners,"Andreessen Horowitz, Lavrock Ventures, Cantos, First In, BlueYard Capital, Interlagos",,"$70M equity + $30M debt Series A — ex-SpaceX team applying high-rate vertical integration to hypersonic strike weapons. Direct comp set: Lockheed Martin (LMT) and Raytheon (RTX) on the incumbent missile primes, Anduril and Stoke Space on the new-defense-prime model. Lightspeed leading with a16z, BlueYard, Cantos signals the Anduril-template playbook is being copied. The thesis: DoD pricing per hypersonic round will collapse if Castelion's SpaceX-style manufacturing transfers to munitions — a binary on cost-per-unit, not technology.",https://spacenews.com/castelion-raises-350-million-to-scale-hypersonic-missile-production/
arkedge-space,ArkEdge Space,"Japanese satellite system integrator scaling micro-satellite production for commercial and government constellations. Operates as a vertically integrated supplier of buses, payloads, and mission management.",Space,Satellite Communications,Deployment & Operation,Medium,None,Series B,venture,52,,2025-02-04,04-Feb-25,Feb-25,1Q25,2025,Japan (Tokyo),Incubate Fund KK,,,"$52M Series B for Japan's leading micro-satellite integrator — comp set: Mitsubishi Electric (6503 JP) and IHI (7013 JP) on the incumbent Japanese aerospace side, plus Rocket Lab (RKLB) on the vertically integrated smallsat-bus model. Incubate Fund lead reads as Japan-domestic capital depth, not international growth signal. Thesis: Japan's MoD smallsat procurement is reshoring from US suppliers; ArkEdge is the most plausible domestic prime. Binary catalyst is the next JAXA / MoD constellation contract.",https://spacenews.com
quera-computing,QuEra Computing,Builds neutral-atom quantum computers using arrays of optically trapped rubidium atoms as qubits. Spun out of Harvard and MIT research; customers include Japanese supercomputing centers.,Semiconductors,Frontier Compute,IP & Design,Pre-commercial,US_CHIPS_Act,Undisclosed,venture,230,,2025-02-11,11-Feb-25,Feb-25,1Q25,2025,"USA (Boston, MA)","Google, SoftBank Vision Fund 2, Valor Equity Partners","QVT Family Office, Safar Partners",,"$230M convertible note led by Google (GOOG), SoftBank Vision Fund 2, and Valor — the cap-stack signal is that QuEra is being positioned as the neutral-atom leader against IonQ (IONQ), Rigetti (RGTI), and D-Wave (QBTS) on the public-market side, plus PsiQuantum and Quantinuum privately. $41M Japan supercomputing-center sale is the only real commercial-revenue datapoint in modal neutral-atom. Convertible structure rather than equity reads as price-discovery deferral by Google — they want the option without setting the mark. Modality bet, not company bet.",https://techcrunch.com/2025/02/11/google-leads-230m-convertible-note-for-boston-quantum-computing-startup-quera/
apptronik,Apptronik,"Builds Apollo, a general-purpose humanoid robot for warehouse and manufacturing work. Partnered with Mercedes-Benz for factory pilot deployments; targets logistics and automotive industrial customers.",Robotics,Humanoid & Service Robots,System Integration,High,None,Series A,venture,350,1500,2025-02-13,13-Feb-25,Feb-25,1Q25,2025,"USA (Austin, TX)","B Capital, Capital Factory",Google/DeepMind,ROBOT,"$350M Series A at $1.5B post (later expanded to $403M) — Apptronik is now the Western pure-play humanoid comp to Figure, 1X, and Agility on the bipedal-warehouse stack, against Tesla (TSLA) Optimus on the integrated-OEM side. Google/DeepMind co-investing is the structural differentiator: Apollo gets a foundation-model partner most peers lack. Mercedes-Benz pilot is the early procurement signal. Binary catalyst is converting the Mercedes pilot into a multi-thousand-unit contract before US capital tightens on humanoid burn rates.",https://techcrunch.com/2025/02/13/apptronik-raises-350m-to-build-humanoid-robots-with-help-from-google/
encharge-ai,EnCharge AI,"Designs analog in-memory compute AI inference chips, targeting energy-efficient inference for edge and client devices. Differentiated from digital accelerators by reducing the data-movement penalty that constrains GPU power efficiency.",Semiconductors,Fabless Design,IP & Design,Medium,US_CHIPS_Act,Series B,venture,100,,2025-02-13,13-Feb-25,Feb-25,1Q25,2025,"USA (Santa Clara, CA)",Tiger Global Management,"Samsung Ventures, In-Q-Tel, RTX Ventures, HH-CTBC (Foxconn/CTBC), Maverick Silicon",TSM,"$100M Series B for analog in-memory inference — comp set: NVIDIA (NVDA) on digital-incumbent, TSMC (TSM) as the fab partner, plus Mythic (private) and Syntiant on the analog-AI thesis. Tiger Global lead reads as growth-stage signaling, while Samsung Ventures + RTX Ventures + In-Q-Tel give defense and Korean memory pull-through. Energy-per-inference is the only credible angle versus GPU incumbents at the edge. Binary: a single tier-1 client SoC design-win demonstrating production-grade yield on TSMC nodes — analog-CMOS yield is the cliff that killed the prior generation.",https://techcrunch.com/2025/02/13/encharge-raises-100m-to-accelerate-ai-using-analog-chips/
k2-space,K2 Space,"Develops Mega-class high-power satellites — large, high-capability spacecraft designed for the heavy-lift launch era opened by Starship-class vehicles. Sells to constellation operators and government customers wanting more capability per spacecraft than current smallsat designs.",Space,Satellite Communications,Deployment & Operation,Medium,US_DPA_Title_III,Series B,venture,110,,2025-02-13,13-Feb-25,Feb-25,1Q25,2025,"USA (Torrance, CA)","Lightspeed Venture Partners, Altimeter Capital","Alpine Space Ventures, First Round Capital",,$110M Series B for Mega-class high-power buses — K2 is the post-Starship bet: bus capability designed around the launch-cost collapse SpaceX has now demonstrated. Comp set: Lockheed Martin (LMT) and Maxar (private) on the incumbent large-bus side; Rocket Lab (RKLB) and Loft Orbital on the new-entrant smallsat side. Lightspeed + Altimeter leading reads as growth-stage validation that the heavy-lift thesis is real. Binary catalyst is the first Mega-class delivery to a defense or constellation customer before competitors retool to match the payload class.,https://spacenews.com/k2-space-raises-110-million-to-scale-up-satellite-production/
cambridge-gan-devices,Cambridge GaN Devices,"UK Cambridge University spinout designing gallium nitride (GaN) power transistors and ICs for industrial, data center, and automotive applications. Competes with Infineon, EPC, and Navitas in GaN power semiconductors.",Semiconductors,Power & Analog,IP & Design,Medium,UK_NSI_Act,Series C,venture,32,,2025-02-18,18-Feb-25,Feb-25,1Q25,2025,United Kingdom (Cambridge),Strategic investor (undisclosed),"British Patient Capital, Parkwalk, BGF, Cambridge Innovation Capital, Foresight Group, IQ Capital",,"$32M Series C against GaN power incumbents: Infineon (IFX DE), Navitas (NVTS), Wolfspeed (WOLF), and EPC (private) — Cambridge GaN is the smallest player in the public-market comp set by an order of magnitude. Strategic-investor lead with British Patient Capital signals UK domestic-semis support, not aggressive growth thesis. Data-center 48V conversion is the only segment where Cambridge GaN can credibly compete on volume; binary is a single hyperscaler design-win before Infineon's monolithic GaN ICs reach production scale.",https://camgandevices.com/p/cambridge-gan-devices-secures-32m/
wooptix,Wooptix,"Spanish developer of wavefront-phase imaging metrology tools for advanced-node semiconductor wafers, an alternative to traditional interferometry. Intel Capital is a strategic investor; launching the Phemet fab metrology tool from a new Tenerife cleanroom.",Semiconductors,Equipment,Capital Equipment,Medium,EU_Chips_Act,Series C,venture,10.5,,2025-02-18,18-Feb-25,Feb-25,1Q25,2025,Spain (Canary Islands),"Samsung Venture Investment Corporation, SETT","Bullnet Capital, EIC Fund, Intel Capital, MONDRAGON Corporation, TEL Venture Capital",,"$10.5M Series C for wavefront-phase metrology — competing against KLA (KLAC) and Applied Materials (AMAT) on the wafer-inspection stack, plus Onto Innovation (ONTO) and Camtek (CAMT) on the smaller-cap end. Samsung Ventures + Intel Capital + TEL Venture lead is the unusual signal: three of the largest fab and equipment customers are funding the same metrology supplier. Phemet tool's lateral resolution at advanced nodes is the binary. Sub-$25M round; deal economics priced for foothold, not category leadership.",https://wooptix.com/wooptix-secures-over-e10-million/
saronic,Saronic,"Builds autonomous surface vessels (Spyglass, Cutlass, Corsair classes) for the US Navy and allied maritime forces. Founded by a former Navy SEAL; building Port Alpha, a dedicated autonomous shipyard for mass production of unmanned vessels.",Robotics,Autonomous Systems & Drones,System Integration,Medium,US_DPA_Title_III,Series C,venture,600,4000,2025-02-19,19-Feb-25,Feb-25,1Q25,2025,"USA (Austin, TX)",Elad Gil,"General Catalyst, Andreessen Horowitz, 8VC, Caffeinated Capital, NightDragon, Lightspeed Venture Partners, Point72 Ventures",,"Port Alpha is the load-bearing piece — first new US Navy-grade greenfield shipyard in decades positions Saronic as the domestic shipbuilding picks-and-shovels play, not just an ASV vendor. Comp set: Huntington Ingalls (HII) and Austal (ASB AU) on hulls, Leidos (LDOS) and L3Harris (LHX) on integration, HavocAI and Anduril Marine private-side. $4B post is 4x prior round — pricing the unmanned-fleet thesis ahead of Replicator volume contracts and CHIPS-of-the-sea capacity build.",https://techcrunch.com/2025/02/19/saronic-raises-600m-to-mass-produce-autonomous-warships/
lambda,Lambda,"Operates an AI cloud service that rents NVIDIA GPU servers for AI training and inference. Manages over 25,000 GPUs across its data centers, adding Blackwell B200s in 2025; competes with CoreWeave and the hyperscaler clouds.",Semiconductors,Frontier Compute,Software & Services,Medium,US_CHIPS_Act,Series D,venture,480,2500,2025-02-19,19-Feb-25,Feb-25,1Q25,2025,"USA (San Francisco, CA)","Andra Capital, SGW","NVentures (NVIDIA), ARK Invest, In-Q-Tel, Andrej Karpathy, Pegatron, Supermicro, Wistron, G Squared",NVDA,"$480M Series D at multi-billion valuation funds Blackwell B200 buildout; 25,000+ GPU fleet positions Lambda as the merchant alternative to CoreWeave (CRWV) and hyperscaler AI clouds. Comp set: CoreWeave on listed GPU cloud, Crusoe and Together AI on private peers, Oracle (ORCL) on hyperscaler GPU rental. Capital intensity is the binary question — Lambda's lifetime raise sits a tier below CoreWeave's debt-heavy capital stack.",https://www.cnbc.com/2025/02/19/ai-cloud-startup-lambda-raises-480-million.html
semiqon,SemiQon,Finnish VTT spinout designing cryo-CMOS chips for control electronics in quantum computers. Targets the control-electronics layer that scales alongside qubit counts in superconducting and spin-qubit quantum systems.,Semiconductors,Fabless Design,IP & Design,Pre-commercial,EU_Chips_Act,Series A,venture,20,,2025-02-19,19-Feb-25,Feb-25,1Q25,2025,Finland (Espoo),European Innovation Council Accelerator,"Voima Ventures, Lunar Ventures, Dhyan Ventures, Tiny Supercomputer VC, Atomico Angel",,"EUR 15M equity + EUR 2.5M grants Series A — cryo-CMOS targets the qubit-control-electronics layer that has to scale with qubit counts. Comp set: Intel (INTC) Horse Ridge II on the in-house cryo-CMOS side, plus Quantum Machines and Zurich Instruments on the room-temp control side. EIC Accelerator lead is grant capital, not growth signaling. VTT pedigree gives Finnish national-lab fab access. Binary: integration with a major qubit vendor (IBM, Google, IonQ) before in-house cryo-CMOS solutions productize.",https://arcticstartup.com/semiqon-raises-e17-5m/
aheadcomputing,AheadComputing,"Develops high-performance RISC-V application processors for AI, cloud, and edge compute, founded by former Intel CPU architects. Targets per-core performance leadership in the RISC-V ecosystem.",Semiconductors,Fabless Design,IP & Design,Pre-commercial,US_CHIPS_Act,Seed,venture,21.5,,2025-02-19,19-Feb-25,Feb-25,1Q25,2025,USA,Eclipse Ventures,"Maverick Capital, Fundomo, EPIQ Capital Group, Jim Keller (Tenstorrent CEO)",,"$21.5M seed for RISC-V high-performance application processors — comp set: SiFive and Tenstorrent (Jim Keller) on the RISC-V architecture side, against Intel (INTC), AMD (AMD), and ARM (ARM) on the licensed/integrated incumbents. Eclipse Ventures lead plus Keller as angel signals architect-network capital, not platform-velocity yet. Ex-Intel CPU team is the thesis: per-core performance leadership in RISC-V has been the white-whale of the ecosystem. Binary catalyst is a tape-out demonstrating credible IPC against ARM v9.",https://siliconangle.com/2025/02/19/risc-v-chip-startup-aheadcomputing-raises-21-5m-fix-cpu-bottlenecks/
puzhao-materials,Puzhao Materials,Chinese manufacturer of photomasks used in IC lithography. Part of China's domestic chip supply push to reduce dependence on Photronics and Japanese photomask suppliers.,Semiconductors,Equipment,Capital Equipment,Medium,China_Big_Fund;US_Export_Controls_China,Series B,venture,102,,2025-02-20,20-Feb-25,Feb-25,1Q25,2025,China,,,,"$102M Series B for Chinese domestic photomask supply — direct comp set: Photronics (PLAB) and Toppan (7911 JP) on the global photomask incumbents, against domestic substitution targets like SMIC (981 HK) and Hua Hong (1347 HK) on demand-side. Investor list undisclosed but round size signals state-aligned capital depth. Photomasks are an under-appreciated chokepoint in China's semiconductor self-sufficiency push — the binary is whether Puzhao can serve advanced-node masks before US export controls tighten further.",https://globalventuring.com/corporate/asia/february-2025-data-china-ai-chips/
quantum-machines,Quantum Machines,"Provides quantum control hardware and software — the OPX+ controller and QUA programming language — that orchestrate qubit operations. Customers include more than half of the active quantum computing companies worldwide, regardless of qubit modality.",Semiconductors,Frontier Compute,IP & Design,Medium,None,Series C,venture,170,700,2025-02-25,25-Feb-25,Feb-25,1Q25,2025,Israel (Tel Aviv),PSG Equity,"Intel Capital, Red Dot Capital Partners",,"$170M Series C at $700M post — Quantum Machines is the Switzerland of quantum: serves more than half of active quantum companies regardless of modality. Comp set: IonQ (IONQ), Rigetti (RGTI), and D-Wave (QBTS) on the public modality side; Keysight (KEYS) as the test-and-measurement analog. PSG Equity lead plus Intel Capital co-invest signals growth and strategic alignment. Thesis: control-electronics revenue scales with industry-wide qubit count, not modality winners. Picks-and-shovels at fair price.",https://techcrunch.com/2025/02/25/quantum-machines-raises-170m-says-its-working-with-more-than-half-of-all-quantum-computing-companies/
viam,Viam,Provides a horizontal software platform — a robotics and IoT operating system — for connecting and managing smart machines. Founded by MongoDB co-founder Eliot Horowitz; positions as developer infrastructure rather than vertical robotics.,Robotics,Software & Simulation,Software & Services,Medium,None,Series C,venture,30,,2025-03-03,3-Mar-25,Mar-25,1Q25,2025,"USA (New York, NY)",Union Square Ventures,"Battery Ventures, Neurone",,"$30M Series C — Viam is the horizontal robotics OS comp to Physical Intelligence on the model layer and ROS-derived stacks on the open-source layer, plus PTC's (PTC) ThingWorx on the industrial-IoT-software side. Eliot Horowitz's MongoDB-derived playbook reads as developer-infra-first, vertical-application-second. Union Square + Battery + Neurone is a small-check insider round, not a growth-stage signal. Binary: whether Viam captures meaningful share of the OEM SDK layer before NVIDIA (NVDA) Isaac and AWS RoboMaker compress the developer-tooling pricing power.",https://fortune.com/2025/03/03/mongodb-viam-union-square-ventures-albert-wenger-ai-robotics/
epirus,Epirus,Develops the Leonidas high-power microwave system for counter-drone and counter-electronics use. Sells solid-state directed-energy weapons to the US Army and allied militaries.,Robotics,Autonomous Systems & Drones,System Integration,Medium,US_DPA_Title_III,Series D,venture,250,1800,2025-03-05,5-Mar-25,Mar-25,1Q25,2025,"USA (Torrance, CA)","8VC, Washington Harbour Partners","General Dynamics Land Systems, StepStone Group, T. Rowe Price, NightDragon, Manhattan Venture Partners",,"$250M Series D at $1.35B post-money positions Epirus as the best-capitalized pure-play HPM counter-drone vendor. Comp set: Anduril (private) on broader defense-tech, RTX (RTX) and Lockheed (LMT) on incumbent directed-energy, no public pure-play. Pentagon Leonidas IDIQ award is the binary catalyst. The 2x step-up from Series C signals continued defense-tech momentum through the autonomy procurement cycle.",https://www.axios.com/2025/03/05/epirus-directed-energy-drone-funding
shield-ai,Shield AI,"Develops Hivemind, an AI autonomy stack for military aircraft and drones that enables operation in GPS- and communications-denied environments. Products include the V-BAT vertical-takeoff UAV and Hivemind-equipped fighter jet retrofits.",Robotics,Autonomous Systems & Drones,System Integration,High,US_DPA_Title_III,Series F,venture,240,5300,2025-03-06,6-Mar-25,Mar-25,1Q25,2025,"USA (San Diego, CA)","L3Harris, Hanwha Aerospace","Andreessen Horowitz, US Innovative Technology Fund, Washington Harbour Partners",,"$240M Series F at $5.3B post — Shield AI is the autonomy-software comp to Anduril on the vertically integrated defense-prime side, plus AeroVironment (AVAV), Kratos (KTOS), and Northrop (NOC) on the public-market autonomy stack. L3Harris (LHX) + Hanwha Aerospace co-leading is the structural signal: incumbent primes are buying influence in the software layer rather than building. V-BAT plus Hivemind-equipped F-16 retrofits make Shield AI the rare both-platform-and-software bet. Binary catalyst is the first Hivemind program-of-record award at scale.",https://techcrunch.com/2025/03/06/shield-ai-raises-240-million/
mind-robotics,Mind Robotics,"Mind Robotics is a Rivian spinout building AI-enabled robotic systems for complex manufacturing tasks requiring dexterity, adaptability, and real-time decision-making, leveraging Rivian operations data as a foundation. Led by Rivian CEO RJ Scaringe.",Robotics,Industrial Robots,,Pre-commercial,None,Seed,venture,115.0,,2025-11-04,4-Nov-25,Nov-25,4Q25,2025,"Palo Alto, USA",Eclipse Ventures,,,"$115M is an outlier seed — Eclipse Ventures anchoring an RJ Scaringe-led Rivian spinout with proprietary auto-manufacturing data. Comp set: Symbotic (SYM) on warehouse automation, Rockwell (ROK) on industrial automation, plus private peers Apptronik and Figure AI on the humanoid side. The Rivian-data-flywheel pitch is unique in the seed cohort — closest analog is Tesla's Optimus internal program. Four months later the Series A priced at $2B valuation with Accel and a16z, validating the seed thesis but pricing in the entire data-advantage moat upfront.",https://techcrunch.com/2025/11/04/rivian-creates-another-spinoff-company-called-mind-robotics/
distalmotion,Distalmotion,"Builds Dexter, a smaller, mobile surgical robot for ambulatory surgery centers, designed to compete with Intuitive Surgical's da Vinci on cost and footprint. FDA-cleared for gallbladder removal, hysterectomy, and hernia repair.",Robotics,Surgical & Medical,System Integration,Medium,None,Series G,venture,150,,2025-11-18,18-Nov-25,Nov-25,4Q25,2025,Switzerland,Revival Healthcare Capital,,,"$150M Series G — Distalmotion is the mobile-cost-disruption bet against Intuitive Surgical (ISRG) da Vinci, with Asensus Surgical (ASXC) and CMR Surgical on adjacent challenger cohort. Dexter targets ambulatory surgery centers — a segment ISRG's footprint and price point don't fit. Revival Healthcare Capital lead reads as concentrated late-stage healthcare-tech capital. Three FDA clearances (gallbladder, hysterectomy, hernia) is the commercial unlock. Binary: ASC adoption scaling procedure volume before ISRG counters with a smaller-footprint platform.",https://www.globenewswire.com/news-release/2025/11/18/3190065/0/en/Distalmotion-Raises-150-Million-to-Accelerate-US-Expansion-of-the-DEXTER-Robotic-Surgery-System-and-Names-Chas-McKhann-as-Executive-Chairman.html
celestial-ai,Celestial AI,Develops the Photonic Fabric optical interconnect — silicon photonic chiplets that disaggregate memory from compute for AI clusters at higher bandwidth than electrical NVLink or Tomahawk-class switching. Targets hyperscalers building exascale AI systems.,Semiconductors,Fabless Design,IP & Design,High,US_CHIPS_Act,Series C,venture,250,2500,2025-03-11,11-Mar-25,Mar-25,1Q25,2025,"USA (Santa Clara, CA)",Fidelity Management & Research,"BlackRock, Tiger Global Management, Maverick Silicon, Lip-Bu Tan, AMD Ventures, Koch Disruptive, Temasek, Xora, Porsche SE, The Engine Ventures",,"$250M Series C funds Photonic Fabric optical interconnect for AI memory-disaggregation; positions Celestial alongside Lightmatter and Ayar Labs as the merchant alternatives to in-house hyperscaler photonics. Comp set: Lightmatter ($4.4B), Ayar Labs (Intel-aligned), Marvell (MRVL) and Broadcom (AVGO) on CPO. AMD strategic LP is the load-bearing signal — accelerator incumbent hedging into optical I/O before HBM/copper power walls bind.",https://siliconangle.com/2025/03/11/celestial-ai-raises-250m-optical-interconnect-technology/
atlant-3d,ATLANT 3D,"Danish developer of Direct Atomic Layer Processing (DALP) equipment for semiconductor, quantum device, and optics manufacturing. Tools deployed at NASA and ESA; partners include STMicroelectronics and Sony.",Semiconductors,Equipment,Capital Equipment,Pre-commercial,EU_Chips_Act,Series A,venture,15,,2025-03-11,11-Mar-25,Mar-25,1Q25,2025,Denmark (Copenhagen),West Hill Capital,,,"$15M Series A — DALP positioned as the additive-deposition counterpart to ASM International (ASM NA) and Lam Research (LRCX) on incumbent ALD. STMicro (STM) and Sony (6758 JP) partnerships are the differentiator — these are tool-validation revenue, not pilot-conversion. NASA / ESA deployments are flagship references but small revenue. Sub-$25M round priced for tool-platform proof, not category leadership. Binary catalyst is a production-grade chamber qualified at a tier-1 logic fab.",https://www.prnewswire.com/news-releases/atlant-3d-secures-15-m-series-a-302398320.html
lila-sciences,Lila Sciences,"Builds an AI-driven scientific discovery platform combining foundation models with automated laboratory experimentation for materials, chemistry, and biology research. Targets pharma and industrial R&D customers wanting closed-loop AI + lab automation.",Robotics,Silicon & Substrates,Software & Services,Pre-commercial,None,Seed,venture,200,,2025-03-15,15-Mar-25,Mar-25,1Q25,2025,"USA (Cambridge, MA)","Flagship Pioneering, General Catalyst","March Capital, ARK Venture Fund, Altitude Life Science Ventures, Abu Dhabi Investment Authority",,"$200M seed is among the largest ever — Lila is Flagship Pioneering's biotech-platform playbook applied to AI + lab automation. Comp set: Recursion (RXRX) and Insitro (private) on the AI-for-drug-discovery side, Schrodinger (SDGR) on the in-silico stack, against Bruker (BRKR) and Thermo Fisher (TMO) on the lab-automation hardware. Flagship + General Catalyst lead reads as institutional conviction stacking, not seed-stage capital. The thesis: closed-loop AI plus lab robots produces faster materials/chem discovery than either alone. Series A bar is now extreme.",https://www.alleywatch.com/2025/04/us-startup-funding-top-largest-march-2025-vc/
marvel-fusion,Marvel Fusion,German laser-driven inertial confinement fusion company. Building a fusion research facility with Colorado State University to validate the laser-target approach in a research-to-commercial pathway.,Materials,Structural Materials,Upstream Materials,Medium,EU_NZIA,Series B Extension,venture,55,,2025-03-27,27-Mar-25,Mar-25,1Q25,2025,Germany (Munich),"EQT Ventures, Siemens Energy",,,"$55M extension — Marvel is the laser-driven-fusion comp to NIF on the inertial-confinement physics path, against Helion (magneto-inertial) and Commonwealth (tokamak) on the broader fusion-investment frame. EQT Ventures + Siemens Energy lead is the structural signal: Siemens Energy (ENR DE) gives Marvel a downstream grid-integration partner most fusion peers lack. Colorado State $150M facility is the research-to-commercial pathway. Binary catalyst is laser-target ignition demonstration on a non-NIF platform.",https://tech.eu
agility-robotics,Agility Robotics,"Builds Digit, a bipedal humanoid robot designed for warehouse and logistics work. Operates RoboFab in Salem, Oregon — a manufacturing facility targeting 10,000 robots per year — and deploys Digit in Amazon warehouses.",Robotics,Humanoid & Service Robots,System Integration,Medium,None,Series C,venture,400,2120,2025-03-31,31-Mar-25,Mar-25,1Q25,2025,"USA (Salem, OR)",WP Global,"SoftBank, Amazon Industrial Innovation Fund, DCVC, Playground Global, NVentures (NVIDIA), Sony Innovation Fund, Schaeffler, TDK Ventures, Safar Partners",AMZN,"$400M Series C at $2.12B post — Digit is in active Amazon (AMZN) warehouse deployment, giving Agility the only confirmed multi-thousand-unit demand-side commitment in Western humanoid. Comp set: Figure, Apptronik, and 1X privately; Tesla (TSLA) Optimus on the OEM-integrated side. WP Global lead with SoftBank, Amazon Industrial Innovation Fund, and NVentures (NVDA) co-investing reads as strategic-customer stack and supply-chain alignment. RoboFab 10K/yr target is the operational binary: hit the run-rate or the valuation resets versus humanoid peers still pre-production.",https://techstartups.com/2025/03/31/agility-robotics-raises-400m-to-scale-bipedal-robot-digit-as-humanoid-race-heats-up/
cmr-surgical,CMR Surgical,"Develops the Versius surgical robotic system for soft-tissue laparoscopic surgery. The platform is modular — separate arms on independent carts instead of a single bulky tower — and competes with Intuitive Surgical's da Vinci across more than 15,000 procedures globally.",Robotics,Surgical & Medical,System Integration,Pre-commercial,None,Undisclosed,venture,200,3000,2025-04-02,2-Apr-25,Apr-25,2Q25,2025,United Kingdom (Cambridge),Trinity Capital,All existing major investors,ROBOT,"$200M tranche funds US FDA submission and commercial buildout for Versius soft-tissue platform. Comp set: ISRG (Intuitive) dominant incumbent, Medtronic Hugo and Stryker Mako on adjacent platforms, Asensus (ASXC) on listed peers. CMR is the best-capitalized private soft-tissue RAS challenger globally; US 510(k) clearance is the binary catalyst that unlocks the world's largest surgical robotics market and the path to a strategic exit or IPO.",https://us.cmrsurgical.com/news/cmr-surgical-secures-200m-usd-in-funding
aetherflux,Aetherflux,Develops space-based solar power — orbital solar arrays beaming energy to ground-station rectennas using laser or microwave transmission. Targets defense and remote-power applications.,Space,Space Components,Components & Subsystems,Pre-commercial,US_DPA_Title_III,Series A,venture,50,,2025-04-02,02-Apr-25,Apr-25,2Q25,2025,"USA (San Carlos, CA)","Index Ventures, Interlagos",,,"$50M Series A for space-based solar — orbital arrays plus laser/microwave downlink. Comp set thin: no listed pure-play comp; adjacencies are Northrop (NOC) on space-power systems and First Solar (FSLR) on terrestrial PV. Index + Interlagos lead is venture-conviction capital. Defense and remote-power use cases are the only credible early markets — grid-scale economics remain speculative. Binary catalyst is a demonstration mission converting orbital power to ground-deliverable watts at any scale, on any timeline.",https://techcrunch.com
fairmat,Fairmat,French composite recycling company recovering and remanufacturing carbon fiber from aerospace and automotive scrap into new structural materials.,Materials,Structural Materials,Upstream Materials,Medium,EU_NZIA,Series B,venture,56,,2025-04-02,2-Apr-25,Apr-25,2Q25,2025,France,Undisclosed,,,"$56M Series B for carbon-fiber recycling — comp set: Hexcel (HXL) and Toray (3402 JP) on virgin carbon-fiber incumbents, Solvay (SOLB BR) on advanced materials. Aerospace and auto recycling is a structurally tight loop because virgin CF supply is constrained. Undisclosed lead limits read on capital stack quality. Thesis: recycled CF approaches feedstock parity with virgin as aerospace scrap volumes grow alongside narrow-body production rates at Boeing (BA) and Airbus (AIR FP).",https://techcrunch.com
portal-space-systems,Portal Space Systems,Builds the Supernova satellite bus equipped with solar-thermal propulsion for rapid orbital maneuvering. Holds a $45M SpaceWERX contract; first Starburst-1 mission scheduled on SpaceX Transporter-18 in late 2026. Founded by a former SpaceX Raptor engineer.,Space,Launch,Deployment & Operation,Pre-commercial,US_DPA_Title_III,Seed,venture,17.5,,2025-04-03,3-Apr-25,Apr-25,2Q25,2025,"USA (Bothell, WA)",AlleyCorp,"Mach33, FUSE, First In, TFX, Offline Ventures, Atypical",,"$17.5M seed against a $45M SpaceWERX STRATFI commitment — backlog-to-equity ratio is unusually rich for a seed-stage space company. Comp set: Astranis and Loft Orbital on the agile-smallsat bus side, plus Rocket Lab (RKLB) on the vertically integrated benchmark. Solar-thermal propulsion is the technical differentiator — high specific impulse without electric-propulsion's power constraint. Ex-SpaceX Raptor CTO is the founding-team signal. Binary catalyst is the Starburst-1 mission delivery in late 2026.",https://spacenews.com/portal-space-systems-raises-17-5-million-for-highly-maneuverable-supernova-spacecraft/
roboforce,RoboForce,"Builds AI-powered industrial robots for heavy manufacturing applications. Sells robotic systems for high-physical-effort tasks; competes with FANUC, ABB, and Veo Robotics in the industrial-robotics segment.",Robotics,Industrial Robots,System Integration,Pre-commercial,None,Seed (extension),venture,5.0,,2025-05-20,20-May-25,May-25,2Q25,2025,USA,Undisclosed,,,"$5M seed extension with undisclosed lead — force-controlled assembly is the contact-rich category where FANUC (6954 JP), ABB (ABB), and Yaskawa (6506 JP) have entrenched position-controlled stacks but lack native compliance. Veo Robotics' collapse left the contact-rich niche open. Sub-$25M tail; undisclosed lead caps the signal. Binary catalyst is a single tier-1 manufacturer pilot before incumbents add native force control via firmware.",https://www.therobotreport.com/roboforce-introduces-titan-mobile-manipulator-raises-5m-more-funding/
blue-water-autonomy,Blue Water Autonomy,Builds full-sized autonomous unmanned ships for the US Navy. Targets the Pentagon's $2.1B Medium Unmanned Surface Vessel (MUSV) program; backed by GV.,Robotics,Autonomous Systems & Drones,System Integration,Pre-commercial,US_DPA_Title_III,Seed,venture,14,,2025-04-11,11-Apr-25,Apr-25,2Q25,2025,"USA (Boston, MA)","Eclipse Ventures, Riot Ventures, Impatient Ventures",,AMZN,"$14M seed targeting the Pentagon's $2.1B MUSV program — direct comp set: Saronic (private) and Anduril on the autonomous-surface-vessel side, plus Huntington Ingalls (HII) and General Dynamics (GD) on the incumbent shipbuilders. Eclipse + Riot lead is defense-deeptech conviction capital. Amazon Robotics / iRobot / Navy founding team is the credibility signal. Binary catalyst is the first MUSV contract award — Saronic has the lead, Blue Water has the team.",https://techcrunch.com/2025/04/11/blue-water-autonomy-comes-out-of-stealth-promising-autonomous-naval-ships/
gecko-robotics,Gecko Robotics,"Builds wall-climbing inspection robots and operates an AI software platform for industrial asset integrity. Sells to energy, manufacturing, and the US Navy for fleet readiness and infrastructure inspection.",Robotics,Industrial Robots,System Integration,Medium,US_DPA_Title_III,Series D,venture,125.0,,2025-06-12,12-Jun-25,Jun-25,2Q25,2025,USA (Pittsburgh),Founders Fund,,,"$125M Series D — Gecko's wall-climbing inspection comp set runs against Boston Dynamics' Spot on the quadruped side and ANYbotics on industrial walkers, differentiated by US Navy fleet readiness as anchor revenue. Read-through to industrial integrators: Emerson (EMR) and Honeywell (HON) on the asset-integrity software stack. Founders Fund leading reads as defense-aligned growth capital, not pure industrial. Binary: converting Navy contracts into multi-yard recurring SaaS before incumbents bundle inspection into existing CMMS platforms.",https://www.cnbc.com/2025/06/12/gecko-robotics-raises-125-million-surpassing-billion-dollar-valuation.html
northwood-space,Northwood Space,"Builds software-defined ground stations for satellite communications, replacing dish-by-dish fixed infrastructure with a phased-array, multi-mission antenna platform. Targets defense and commercial constellation operators.",Space,Ground Systems & Antennas,Components & Subsystems,Pre-commercial,US_DPA_Title_III,Series A,venture,30,,2025-04-22,22-Apr-25,Apr-25,2Q25,2025,"USA (El Segundo, CA)","Alpine Space Ventures, Andreessen Horowitz","Founders Fund, Also Capital, StepStone Group, BoxGroup, Humba Ventures, Balerion Space, Banter Capital",,"$30M Series A — software-defined ground stations replacing dish-by-dish legacy infrastructure. Comp set: Viasat (VSAT), KSAT (private), and AWS Ground Station on the incumbent side; constellation operators Iridium (IRDM) and Globalstar (delisting in progress, Amazon acquisition) on the demand side. Alpine Space + a16z lead plus Founders Fund signals defense-tech infrastructure stacking. Binary: whether DoD and commercial constellation operators converge on Northwood's phased-array standard over AWS Ground Station.",https://spacenews.com/northwood-raises-30-million-to-establish-ground-station-network/
albedo,Albedo,"Builds very-low-Earth-orbit (VLEO) satellites delivering 10 cm-resolution optical and thermal imagery. Sells to defense, intelligence, and commercial customers needing higher resolution than current LEO platforms can provide.",Space,Earth Observation,Deployment & Operation,Medium,US_DPA_Title_III,Series B,venture,97,,2025-04-23,23-Apr-25,Apr-25,2Q25,2025,USA,Undisclosed,,,"$97M Series B — Albedo's 10cm VLEO resolution is class-leading versus Planet (PL), BlackSky (BKSY), Maxar (private), and Satellogic (SATL) on the public Earth-observation comp set. Defense and intelligence customers are the natural anchor demand; commercial demand remains uncertain at the resolution premium. Undisclosed lead caps signal-strength read, but $97M round size implies institutional conviction. Binary catalyst is the first commercial-grade VLEO satellite in operational orbit — VLEO orbital drag is the engineering chokepoint that has prevented this segment to date.",https://spacenews.com
sandboxaq,SandboxAQ,"Develops applied AI and quantum software products in biopharma (drug discovery), cybersecurity (post-quantum cryptography), and materials science. Spun out of Alphabet in 2022.",Semiconductors,Frontier Compute,IP & Design,Medium,US_CHIPS_Act,Series E,venture,150,950,2025-04-25,25-Apr-25,Apr-25,2Q25,2025,"USA (Palo Alto, CA)",Beyond Alpha Ventures,"BNP Paribas, Google, NVentures (NVIDIA), Ray Dalio, Horizon Kinetics",GOOG,"$150M Series E at $950M post — SandboxAQ is the diversified-applied-AI bet across drug discovery, post-quantum cryptography, and materials science. Comp set: Recursion (RXRX) and Schrodinger (SDGR) on AI-for-drug-discovery; Palantir (PLTR) on the applied-AI-platform model; CrowdStrike (CRWD) on post-quantum-relevant cybersecurity. Google (GOOG) and NVentures (NVDA) co-investing signals Alphabet-network continuity post-spinout. Three-vertical strategy is the structural risk: each vertical has dominant private and public competitors.",https://www.alleywatch.com/2025/05/global-startup-funding-top-largest-april-2025-vc/
apex,Apex,"Manufactures productized satellite buses (Aries 100 kg class, Nova 200 kg class, Comet) for commercial and government customers. Targets cycle-time and cost reductions through standardized, mass-produced platforms rather than custom satellite designs.",Space,Satellite Communications,Deployment & Operation,Medium,US_DPA_Title_III,Series C,venture,200,,2025-04-28,28-Apr-25,Apr-25,2Q25,2025,"USA (Los Angeles, CA)","Point72 Ventures, 8VC","Andreessen Horowitz, Washington Harbour Partners, StepStone Group",,"$200M Series C oversubscribed 3x — Apex is productizing satellite buses against incumbents Lockheed Martin (LMT), Northrop (NOC), and Maxar (private), plus Rocket Lab (RKLB) on the vertically integrated end. Point72 + 8VC leading with a16z signals crossover plus defense-tech conviction. $46M Space Force contract is the early procurement validation. Aries / Nova / Comet product lines target cycle-time and cost reduction. Binary: production cadence at the 500kg Comet class before SDA constellation procurement closes.",https://www.prnewswire.com/news-releases/apex-raises-200-million-in-series-c-302440649.html
true-anomaly,True Anomaly,Builds autonomous orbital vehicles (the Jackal AOV) and ground software for space domain awareness and rendezvous-proximity operations. Sells primarily to the US Space Force and Department of Defense for orbital security missions.,Space,In-Orbit Services,Deployment & Operation,Medium,US_DPA_Title_III,Series C,venture,260,,2025-04-30,30-Apr-25,Apr-25,2Q25,2025,"USA (Centennial, CO)",Accel,"Meritech Capital, Eclipse Ventures, Riot Ventures, Menlo Ventures, 645 Ventures, ACME Capital, Space VC, Narya",,"$260M Series C at $1.4B post-money cements True Anomaly as the best-funded private space-domain-awareness pure-play. Comp set: Anduril (private) on broader defense-AI, Rocket Lab (RKLB) Space Systems on on-orbit hardware, Slingshot and LeoLabs on SDA software peers. Four Jackal missions in 18 months is the operational tempo signal. SDA Tranche 2 / Golden Dome contractor selection is the binary near-term catalyst.",https://spacenews.com/defense-focused-space-startup-true-anomaly-raises-260-million/
phoenix-tailings,Phoenix Tailings,"Operates a US standalone rare earth element refining plant in Massachusetts producing neodymium, praseodymium, dysprosium, and terbium oxides. Targets 500 tons per year of REE separation as a response to Chinese export controls.",Materials,Rare Earths & Critical Minerals,Upstream Materials,High,US_Critical_Minerals_List,Series B,venture,76,,2025-05-01,1-May-25,May-25,2Q25,2025,"USA (Woburn, MA)",Envisioning Partners,"Escape Velocity, Builders Vision, Yamaha Motor Ventures, M Power, Presidio (Sumitomo)",,"$76M Series B for the first US standalone REE refining plant — Phoenix targets 500 tons/yr Nd-Pr, Dy, Tb in direct response to China's export controls on heavy rare earths. Comp set: MP Materials (MP), Lynas Rare Earths (LYC AU), and Energy Fuels (UUUU) on the listed-REE side; USA Rare Earth (USAR) on the magnet-supply integration. Envisioning Partners lead plus Sumitomo / Yamaha strategic capital reads as Japanese off-take alignment. Binary catalyst is plant commissioning at 500-tons run-rate before MP Materials and Lynas expand heavy-REE separation capacity.",https://www.businesswire.com/news/home/20250430735778/en/Phoenix-Tailings-Closes-on-Additional-33M
alta-resource-technologies,Alta Resource Technologies,"Develops critical mineral extraction technology for rare earth and battery metal recovery. Backed by In-Q-Tel, the CIA's venture arm.",Materials,Rare Earths & Critical Minerals,Upstream Materials,Pre-commercial,US_Critical_Minerals_List,Seed,venture,10,,2025-05-05,5-May-25,May-25,2Q25,2025,USA,"DCVC, Voyager Ventures",,,$10M seed led by In-Q-Tel — the CIA capital signal is the most relevant datapoint at this stage. Comp set: MP Materials (MP) and Energy Fuels (UUUU) on the listed-REE side; Phoenix Tailings (private) on the US refining-tech adjacency. In-Q-Tel's involvement signals defense / IC supply-chain interest in domestic critical-mineral extraction. Sub-$25M tail; binary catalyst is technical demonstration at pilot scale before grant-funding cycles compress.,https://techcrunch.com
quantum-systems,Quantum Systems,"Builds the Vector reconnaissance UAS — a fixed-wing vertical-takeoff drone for tactical intelligence, surveillance, and reconnaissance. Sells to European militaries including the German Bundeswehr; active in Ukraine in combat use.",Robotics,Autonomous Systems & Drones,System Integration,Medium,None,Series C,venture,176,1000,2025-05-06,6-May-25,May-25,2Q25,2025,Germany (Munich),Balderton Capital,"HENSOLDT, Airbus Defence & Space, Bullhound Capital, HV Capital, Project A, Peter Thiel, DTCP, Omnes Capital, Airbus Ventures, Porsche SE, Notion",,$176M Series C at $1B post — Europe's first dual-use UAV unicorn. Comp set: AeroVironment (AVAV) and Kratos (KTOS) on listed US tactical-UAVs; Anduril and Shield AI as autonomy-stack peers; Hensoldt (HAG GR) and Airbus (AIR FP) Defence as European partner-customers. Balderton leads European growth-stage capital; Hensoldt + Airbus Defence co-investing signals direct procurement pull-through. Vector reconnaissance UAS in active Ukraine combat use is the operational validation. Binary: NATO program-of-record durability.,https://quantum-systems.com/blog/2025/05/05/quantum-systems-raises-euro160m/
persona-ai,Persona AI,Builds purpose-built humanoid robots for shipbuilding and industrial manufacturing. Partnered with HD Hyundai (the Korean shipbuilder) for shipyard pilot deployments.,Robotics,Humanoid & Service Robots,System Integration,Pre-commercial,None,Pre-Seed,venture,27,,2025-05-14,14-May-25,May-25,2Q25,2025,"USA (Houston, TX)","Unity Growth, Tides Ventures",,,"$27M oversubscribed pre-seed — Persona is the verticalized-humanoid bet for shipbuilding and heavy industrial. HD Hyundai (Korean shipbuilder) partnership is the differentiator versus generalist humanoid peers Apptronik, Figure, 1X, and Tesla (TSLA) Optimus on the warehouse-stack. Pre-seed round size signals strategic-customer commitment, not venture-velocity. Shipbuilding is a uniquely difficult humanoid use case — confined spaces, heavy payloads, harsh environments. Binary: a single shipyard pilot delivering measurable productivity uplift inside 18 months.",https://www.therobotreport.com/persona-ai-raises-27m-develops-purpose-built-humanoid-robots-shipyards/
space-forge,Space Forge,"UK in-space manufacturing company producing semiconductor wafer materials — GaN, SiC, and other advanced compound semiconductors — in microgravity for terrestrial chip applications. Launched ForgeStar-1 in June 2025.",Space,In-Orbit Services,Deployment & Operation,Pre-commercial,None,Series A,venture,30,,2025-05-14,14-May-25,May-25,2Q25,2025,United Kingdom (Cardiff),NATO Innovation Fund,"World Fund, NSSIF, British Business Bank, Cardiff Capital Region, SpaceVC, TypeOne",,$30M Series A for in-space semiconductor materials manufacturing — comp set: Wolfspeed (WOLF) and II-VI/Coherent (COHR) on terrestrial SiC; Infineon (IFX DE) on GaN incumbents. Microgravity manufacturing of compound-semi wafers is a 30-year-old NASA thesis finally testing economic viability with cheaper launch. NATO Innovation Fund lead is unusual: structural alignment with European semiconductor sovereignty. ForgeStar-1 launch in June 2025 is the first commercial-scale orbital test of the thesis. Binary catalyst is recovered wafer quality versus terrestrial benchmark.,https://techcrunch.com/2025/05/31/space-forge-raises-30m-series-a-to-make-chip-materials-in-space/
reflect-orbital,Reflect Orbital,Building a constellation of orbital mirrors designed to redirect sunlight to terrestrial solar farms during the early morning and evening hours when solar power is otherwise unavailable. Sequoia's first space investment since SpaceX.,Space,Satellite Communications,Deployment & Operation,Pre-commercial,US_DPA_Title_III,Series A,venture,20,,2025-05-14,14-May-25,May-25,2Q25,2025,"USA (Hawthorne, CA)",Lux Capital,"Sequoia Capital, Starship Ventures",,$20M Series A for an orbital-mirror constellation — first space investment from Sequoia since SpaceX. Comp set thin: no direct public-market analog. Adjacencies: First Solar (FSLR) on terrestrial solar demand; Aetherflux (private) on the orbital-power concept. Lux + Sequoia lead is venture-conviction capital. The thesis: redirected sunlight extends solar-farm productive hours at marginal cost. Binary catalyst is a single in-orbit demonstration redirecting measurable lumens to a terrestrial site — speculative segment at every stage.,https://payloadspace.com/reflect-orbital-raises-20m-series-a/
zeno-power,Zeno Power,"Builds radioisotope power systems using strontium-90 as the heat source for satellites, lunar landers, and undersea infrastructure. Targets locations where solar power is unavailable or unreliable.",Space,Space Components,Components & Subsystems,Medium,US_DPA_Title_III,Series B,venture,50,,2025-05-14,14-May-25,May-25,2Q25,2025,"USA (Seattle, WA)",Hanaco Ventures,"Seraphim Space, Balerion Space, JAWS, Vanderbilt University, RiverPark Ventures, 7i Capital",,"$50M Series B with $60M+ in DoD/NASA contracts — Zeno's Sr-90 radioisotope power systems target satellites, lunar landers, and undersea infrastructure where solar fails. Comp set thin on the public side: BWX Technologies (BWXT) on naval/space nuclear, plus Lockheed Martin (LMT) and Northrop (NOC) on adjacent spacepower systems. Hanaco lead plus Seraphim Space and JAWS reads as space-deeptech conviction capital. 2026 nuclear satellite demo is the binary catalyst — first commercial RPS since the plutonium-238 supply collapse decades ago.",https://spacenews.com/nuclear-battery-startup-zeno-power-raises-50-million-to-expand-in-space-and-at-sea/
cognichip,Cognichip,"Develops physics-informed AI for chip design under the Artificial Chip Intelligence (ACI) platform, claiming around 75% cost reduction and 50% faster development timelines on chip projects. Competes with Synopsys and Cadence AI design tools.",Semiconductors,EDA & IP,IP & Design,Pre-commercial,US_CHIPS_Act,Seed,venture,33,,2025-05-15,15-May-25,May-25,2Q25,2025,"USA (Redwood City, CA)","Lux Capital, Mayfield Fund","FPV, Candou Ventures",,"$33M seed for physics-informed AI in chip design — direct comp set: Synopsys (SNPS) and Cadence (CDNS) on the EDA incumbents; Siemens EDA (SIE GR) on the third major; AspenTech (now part of Emerson, EMR) on the physics-AI cross-read. ACI platform claims ~75% cost reduction and 50% faster timelines, which is the binary: any of those numbers proven in a tape-out displaces incumbent EDA pricing power. Lux + Mayfield seed lead reads as deeptech conviction. Cognichip is the first credible AI-native challenger to Synopsys/Cadence in 20 years.",https://techcrunch.com/2025/05/15/cognichip-emerges-from-stealth-with-the-goal-of-using-generative-ai-to-develop-new-chips/
solestial,Solestial,"Builds silicon space solar cells with self-healing radiation tolerance for satellite power. Targets 1 MW per year of production capacity; competes with traditional III-V space solar suppliers (Spectrolab, Azur Space).",Space,Space Components,Components & Subsystems,Pre-commercial,US_DPA_Title_III,Series A,venture,17,,2025-05-15,15-May-25,May-25,2Q25,2025,"USA (Tempe, AZ)",AE Ventures,"Crosscut Ventures, Zeon Ventures, Mitsubishi Electric Innovation Fund, Airbus Ventures, Industrious Ventures",,"$17M Series A on a silicon space-solar play against the III-V incumbents — Spectrolab (Boeing, BA) and Azur Space (private) own the heritage space-photovoltaic stack at premium ASPs. Silicon's pitch is order-of-magnitude cost reduction with self-healing radiation tolerance as the technical wedge. Airbus Ventures + Mitsubishi Electric (6503 JP) co-investing reads as supply-chain qualification, not pure venture optionality. Binary: 1MW/yr production translating to constellation design-wins at silicon ASPs.",https://solestial.com/solestial-series-a-ceo/
infleqtion,Infleqtion,Builds neutral-atom quantum computing systems and atomic-clock sensing products. Deployed at DoD and NASA sites; pursues both quantum compute and quantum-sensing applications for national security and intelligent systems.,Semiconductors,Fabless Design,IP & Design,Medium,US_CHIPS_Act,Series C,venture,100,1800,2025-06-02,2-Jun-25,Jun-25,2Q25,2025,"USA (Boulder, CO)","Glynn Capital, Morgan Stanley Counterpoint","S32, SAIC, In-Q-Tel, Axial, Maverick Capital, NSSIF, Breakthrough Victoria",,"$100M Series C at $1.8B post — Infleqtion is the dual-modality neutral-atom + quantum-sensing play against IonQ (IONQ), Rigetti (RGTI), and D-Wave (QBTS) on the public side, plus QuEra and Atom Computing privately. $30M revenue with DoD/NASA deployments is the most material commercial-revenue datapoint in the neutral-atom cohort. Glynn + Morgan Stanley Counterpoint leading with In-Q-Tel signals national-security capital alignment. Binary catalyst is whether quantum-sensing revenue funds the compute roadmap before public-market quantum names raise the price-discovery bar.",https://infleqtion.com/infleqtion-raises-100m-to-scale-atom-based-quantum-solutions-for-national-security-and-next-generation-intelligent-systems/
anduril-industries,Anduril Industries,"Builds autonomous defense systems and the Lattice software platform that links sensors, communications, and weapons across battlefield domains. Products include the Roadrunner counter-drone interceptor, Ghost surveillance UAV, and Dive autonomous undersea vehicle. Sells primarily to U.S. and allied militaries.",Robotics,Autonomous Systems & Drones,System Integration,Medium,US_DPA_Title_III,Series G,venture,2500,30500,2025-06-02,2-Jun-25,Jun-25,2Q25,2025,"USA (Costa Mesa, CA)",Founders Fund,,,"Founders Fund's largest check ever, at $30.5B post, prices Anduril above AeroVironment (AVAV) and within striking range of L3Harris (LHX) — a software-defined defense prime rerating. Comp set: Palantir (PLTR) on the data layer, RTX (RTX) and Lockheed (LMT) as legacy integrators, Helsing private-side. Arsenal-1 bets autonomous-weapons production scales like consumer hardware. The pricing reads as conviction the next DoD budget cycle reshapes prime-vendor share.",https://news.crunchbase.com/venture/biggest-funding-rounds-defense-space-anduril-impulse/
neuralink,Neuralink,Develops the N1 brain-computer interface implant and the R1 surgical robot that installs it. Has implanted five paralysis patients to date; holds FDA Breakthrough Device designation for speech restoration. Founded by Elon Musk.,Robotics,Machine Vision & Sensors,Components & Subsystems,Medium,None,Series E,venture,650,9000,2025-06-02,2-Jun-25,Jun-25,2Q25,2025,"USA (Fremont, CA)",,"ARK Invest, DFJ Growth, Founders Fund, G42, Human Capital, Lightspeed Venture Partners, QIA, Sequoia Capital, Thrive Capital, Valor Equity Partners, Vy Capital",ROBOT,"$650M Series E at $9.0B post — Neuralink stands largely alone among public-market BCI comps: Synchron (private) on the stentrode side, plus indirect read-through to Medtronic (MDT) and Boston Scientific (BSX) on neuromodulation. Five paralysis patients implanted plus FDA Breakthrough Device for speech restoration are the only material clinical datapoints. ARK + Founders Fund + Sequoia + QIA co-investing reads as Musk-premium pricing on a binary regulatory path. Catalyst is moving from breakthrough designation to PMA — trial scale-out determines whether $9B holds.",https://neuralink.com/updates/neuralink-raises-650m-series-e/
impulse-space,Impulse Space,Builds in-space transportation vehicles — the Mira orbital tug for last-mile satellite delivery and Helios kick stage for direct-to-GEO transfers. Founded by former SpaceX propulsion lead Tom Mueller; targets commercial and national security in-space mobility.,Space,Launch,Deployment & Operation,Medium,US_DPA_Title_III,Series C,venture,300,,2025-06-03,3-Jun-25,Jun-25,2Q25,2025,"USA (Redondo Beach, CA)",Linse Capital,,,"$300M Series C at $4.1B valuation makes Impulse the highest-priced private OTV/space-tug pure-play. Comp set: Astranis on small GEO, Astroscale (TYO:186A) on listed orbital services, D-Orbit and PAVE on European peers, no real US public pure-play. Mueller's SpaceX propulsion lineage is the technical moat; Helios Mars-class kickstage is the binary differentiator vs incumbent in-space transportation.",https://news.crunchbase.com/venture/biggest-funding-rounds-defense-space-anduril-impulse/
speedata,Speedata,"Designs the Callisto Analytics Processing Unit (APU), a chip optimized for big-data analytics workloads with claimed 280x faster throughput than CPU-based pipelines. Targets data warehousing and SQL workloads where GPUs are not the natural fit.",Semiconductors,Fabless Design,IP & Design,Medium,None,Series B,venture,44,,2025-06-03,3-Jun-25,Jun-25,2Q25,2025,Israel (Tel Aviv),Walden Catalyst Ventures,"83North, Koch Disruptive Technologies, Pitango First, Viola Ventures",,$44M Series B on the analytics-processing-unit thesis — Speedata's Callisto chip targets the SQL/data-warehouse workload niche where NVIDIA (NVDA) GPUs are over-spec'd and Intel (INTC) / AMD (AMD) CPUs are under-spec'd. Comp set thin: Groq and SambaNova are inference-adjacent rather than direct. Walden Catalyst + Koch Disruptive co-leading flags strategic-customer interest in industrial-data pipelines. Binary: a single Snowflake (SNOW) or Databricks design-win demonstrating measurable cost-down on production analytics workloads.,https://techcrunch.com/2025/06/03/speedata-a-chip-startup-competing-with-nvidia-raises-a-44m-series-b/
standard-nuclear,Standard Nuclear,Manufactures TRISO (TRistructural ISOtropic) nuclear fuel for advanced reactors. Built from the asset base of Ultra Safe Nuclear Corp.; targets the supply chain for high-temperature gas-cooled reactors and microreactor developers.,Materials,Structural Materials,Upstream Materials,Pre-commercial,US_DOE_LPO_Eligible,Seed,venture,42,,2025-06-10,10-Jun-25,Jun-25,2Q25,2025,"USA (Oak Ridge, TN)",Decisive Point,"Andreessen Horowitz, Washington Harbour Partners, Welara, Fundomo, Crucible Capital",,"$42M seed built on Ultra Safe Nuclear's asset base — Standard Nuclear is the TRISO-fuel supply-chain bet for advanced reactors, against BWX Technologies (BWXT) and Centrus Energy (LEU) on the public-market nuclear-fuel stack. a16z + Decisive Point + Washington Harbour leading reads as defense-and-deeptech alignment, not energy-utility capital. The customer set is HTGR and microreactor developers — Kairos, X-energy, USNC successor entities. Binary: qualifying TRISO production for at least one DOE/DOD reactor demo before the advanced-reactor cohort thins.",https://www.businesswire.com/news/home/20250610455936/en/Standard-Nuclear-Emerges-from-Stealth/
cyclic-materials,Cyclic Materials,"Recycles rare-earth permanent magnets from end-of-life EV motors, wind turbines, and hard drives using its Mag-Cycle process. Operates Hub100, a first commercial demonstration facility, as a circular alternative to primary rare earth mining.",Materials,Rare Earths & Critical Minerals,Upstream Materials,High,US_Critical_Minerals_List,Undisclosed,venture,25,,2025-06-11,11-Jun-25,Jun-25,2Q25,2025,"Canada (Kingston, ON)","Amazon, Microsoft","ArcTern Ventures, Energy Impact Partners",,$25M tranche with Amazon and Microsoft (MSFT) co-leading — customer-as-investor is the differentiator versus primary REE plays like MP Materials (MP) and Lynas (LYC AU). Cyclic's Mag-Cycle process targets the recycled-magnet supply chain for hyperscaler-driven motor demand: EV traction plus wind generators feeding data-center cooling and robotics actuators. ArcTern + Energy Impact Partners reads as climate-infrastructure capital. Binary: scaling Hub100 to commercial throughput while primary REE prices remain volatile from MP and Lynas output.,https://www.businesswire.com/news/home/20250611186175/en/Cyclic-Materials-Announces-USD-25M/
proxima-fusion,Proxima Fusion,"Develops a stellarator fusion reactor design, spun out of the Max Planck Institute for Plasma Physics. Targets the German energy-industrial market with a high-temperature-superconductor-magnet stellarator approach distinct from tokamaks.",Materials,Structural Materials,Upstream Materials,Pre-commercial,EU_NZIA,Series A,venture,150,,2025-06-11,11-Jun-25,Jun-25,2Q25,2025,Germany (Munich),"Cherry Ventures, Balderton Capital","UVC Partners, DTCF, Plural, Leitmotif, Lightspeed Venture Partners, Bayern Kapital, HTGF, Omnes Capital, Elaia, Redalpine",,"$150M Series A — Europe's largest private fusion round and the leading stellarator bet against Helion, Commonwealth Fusion, and TAE on the tokamak/FRC side. Max Planck IPP heritage gives Proxima the only stellarator stack with a public-sector physics base (Wendelstein 7-X). Cherry + Balderton co-leading with Lightspeed + Plural is the European deeptech consortium pattern, distinct from the Microsoft (MSFT) PPA model anchoring Helion. Binary: HTS-magnet stellarator engineering closing faster than tokamak rivals — geometry vs incumbent capital.",https://www.cnbc.com/2025/06/11/nuclear-fusion-proxima-raises-148-million-in-record-funding-round.html
aethero,Aethero,Builds radiation-hardened AI edge computing systems for satellites and space-based applications. Targets onboard inference and data processing for LEO constellation operators.,Space,Space Components,Components & Subsystems,Pre-commercial,US_DPA_Title_III,Seed,venture,8.4,,2025-06-11,11-Jun-25,Jun-25,2Q25,2025,USA,Kindred Ventures,,,"$8.4M seed for rad-hard AI edge compute — comp set: BAE Systems (BA. LN) and Microchip (MCHP) on the incumbent rad-hard MCU/FPGA stack, plus NVIDIA (NVDA) Jetson on the AI-edge side which lacks space qualification. Kindred lead is thin signal on its own. Sub-$25M tail; LEO constellation operators are the only credible customer base near-term. Binary: a single constellation design-win before rad-hardened Jetson variants reach market.",https://www.satellitetoday.com/finance/2025/06/11/space-computing-startup-aethero-raises-8-4m-seed-round/
skild-ai,Skild AI,Develops a general-purpose robot foundation model — a single AI 'brain' designed to work across different robot bodies. Pittsburgh-based; targets robot OEMs and integrators that want to license the underlying control intelligence rather than build it in-house.,Robotics,Software & Simulation,Software & Services,Medium,None,Series B,venture,135,4500,2025-06-12,12-Jun-25,Jun-25,2Q25,2025,"USA (Pittsburgh, PA)",SoftBank Group,"NVIDIA, Samsung, LG, Hanwha, Mirae Asset",ROBOT,"$135M Series B at $4.5B post — Skild is one of two pure-play robot foundation-model bets (Physical Intelligence the other) against vertically integrated humanoid plays from Figure, 1X, and Apptronik. SoftBank lead with NVIDIA (NVDA), Samsung (005930 KS), LG, and Hanwha reads as Korean-conglomerate-plus-hyperscaler validation that robot-agnostic licensing is real. The bet: OEMs license the brain rather than build it. Binary: major OEM design-win against Figure's vertically integrated stack — licensing depends on humanoid leaders outsourcing the model.",https://www.bloomberg.com/news/articles/2025-06-12/nvidia-samsung-plan-investments-in-robotics-startup-skild-ai
xcimer-energy,Xcimer Energy,"Develops inertial confinement fusion using high-power excimer lasers, building on the laser approach demonstrated at the National Ignition Facility. Phoenix demonstration prototype targeted for 2026.",Materials,Structural Materials,Upstream Materials,Pre-commercial,US_DOE_LPO_Eligible,Series A,venture,100,,2025-06-15,15-Jun-25,Jun-25,2Q25,2025,USA (Denver),Hedosophia,,,"$100M Series A — Xcimer is the inertial-confinement-fusion bet via excimer lasers, building on the NIF ignition demonstration. Comp set: Marvel Fusion (private) and Focused Energy on the laser-ICF side, plus Commonwealth Fusion and Helion on the magnetic-confinement stack. Hedosophia lead reads as growth-stage venture rather than energy-utility capital. Thesis: laser ICF inherits NIF physics while bypassing tokamak engineering constraints. Binary: Phoenix prototype demonstrating gain economics before magnetic-confinement raises the commercial bar.",https://xcimer.energy/news/100-million-raised-to-advance-inertial-fusion-energy-toward-commercialization/
applied-intuition,Applied Intuition,"Develops simulation, validation, and software development tools for autonomous vehicle and software-defined vehicle programs. Customers include 18 of the top 20 global automakers, plus defense and trucking autonomy companies.",Robotics,Software & Simulation,Software & Services,Medium,US_DPA_Title_III,Series F,venture,600,15000,2025-06-17,17-Jun-25,Jun-25,2Q25,2025,"USA (Sunnyvale, CA)","BlackRock, Kleiner Perkins","Franklin Templeton, QIA, Abu Dhabi Investment Council, Premji Invest, Stripes, Greycroft, General Catalyst, Fidelity Management & Research, Lux Capital",,"$600M Series F at $15.0B post — Applied is the autonomy-tools comp to Mobileye (MBLY) and NVIDIA (NVDA) DRIVE on vehicle-intelligence, with 18 of top 20 OEMs as customers giving the cleanest enterprise revenue base in autonomy software. BlackRock + Kleiner leading with Franklin Templeton, QIA, ADIC reads as IPO-prep crossover capital, not venture. EpiSci acquisition extends from auto into defense autonomy. Binary: converting OEM tooling revenue into a defensible platform before vertically integrated rivals (Waymo, Tesla TSLA) commoditize simulation.",https://www.appliedintuition.com/press-releases/series-f
helsing,Helsing,"Develops AI software and autonomous systems for European defense, including a strike-drone family and software that processes sensor data for situational awareness. Sells to NATO ministries of defense with primary customers in Germany, the UK, France, and Estonia.",Robotics,Autonomous Systems & Drones,System Integration,High,None,Series D,venture,692,13800,2025-06-17,17-Jun-25,Jun-25,2Q25,2025,Germany (Munich),Prima Materia (Daniel Ek),"Lightspeed Venture Partners, Accel, Plural, General Catalyst, SAAB, BDT & MSD Partners",,"$692M Series D at $13.8B post — Helsing is Europe's most valuable defense-AI company and the counterweight to Anduril (private) on autonomous battle-management, with read-through to Lockheed Martin (LMT) and BAE Systems (BA. LN) on incumbent primes. Prima Materia (Daniel Ek) leading with Lightspeed + Accel + SAAB reads as European sovereign-defense capital. Altra battlefield-management plus strike-drone family extends from software into hardware. Binary: NATO procurement velocity holding through European rearmament before US primes dominate AI-prime category.",https://helsing.ai/newsroom/helsing-raises-eur600m-to-invest-in-european-technological-sovereignty
eutelsat,Eutelsat,"European satellite operator providing broadband and broadcast services from GEO and LEO orbits, including the OneWeb LEO constellation acquired in 2023. Anchor commercial partner on IRIS², the EU's sovereign multi-orbit broadband program. The French government holds ~30% of the company.",Space,Satellite Communications,Deployment & Operation,Pre-commercial,None,Undisclosed,venture,1550,,2025-06-19,19-Jun-25,Jun-25,2Q25,2025,France (Paris),French State,"Bharti Space, CMA CGM, FSP",,"$1.55B with the French State doubling to ~30% — Eutelsat (ETL FP) is now a sovereign satcom asset, repositioning OneWeb LEO and GEO assets as European Starlink alternative against SpaceX. Public comps: SES (SESG FP), Viasat (VSAT), Iridium (IRDM) on satcom incumbents. Bharti Space + CMA CGM + FSP alongside Paris signals India-France-shipping strategic alignment. IRIS² anchor role is the only multi-billion-euro public-procurement contract in European LEO. Binary: IRIS² execution against a hostile capital market that has repriced incumbents from VSAT to IRDM.",https://spacenews.com/french-government-to-lead-eutelsats-1-56-billion-capital-boost/
forsight-robotics,ForSight Robotics,Develops the ORYOM ophthalmic surgical robotic platform for cataract and other eye procedures. Israeli; running FDA trials toward a US clinical launch.,Robotics,Surgical & Medical,System Integration,Medium,None,Series B,venture,125,500,2025-06-24,24-Jun-25,Jun-25,2Q25,2025,Israel (Yokneam Illit),Eclipse Ventures,"Adani Group, Reiya Ventures, Fred Moll",,"$125M Series B at $500M post pricing the FDA pathway, not the platform. Ophthalmic robotics has no public pure-play — exits route through Alcon (ALC), J&J (JNJ), or Stryker (SYK), with Intuitive Surgical (ISRG) the only standalone surgical-robotics comp. Eclipse Ventures leading after Adani strategic signals US clinical readout is the binary; Optos (parent Nikon, 7731 JP) is the imaging benchmark. Clinical milestones reset M&A pricing across the segment.",https://www.businesswire.com/news/home/20250624465565/en/ForSight-Robotics-Secures-$125M
lidrotec,LIDROTEC,"German developer of laser wafer dicing equipment with liquid cooling, producing higher yields for power electronics, photonics, and advanced packaging applications. Backed by Zeiss Ventures.",Semiconductors,Equipment,Capital Equipment,Pre-commercial,EU_Chips_Act,Series A,venture,13.5,,2025-06-26,26-Jun-25,Jun-25,2Q25,2025,Germany (Bochum),"Lam Capital, Goose Capital","ZEISS Ventures, NRW.BANK",,"$13.5M Series A — LIDROTEC's liquid-cooled laser dicing targets the yield gap in power electronics, photonics, and advanced packaging where DISCO (6146 JP) and Applied Materials (AMAT) dominate the conventional dicing-saw market. Comp adjacency: ASML (ASML) on the broader EUV-and-fab-equipment stack. Lam Capital lead alongside Zeiss Ventures reads as semiconductor-equipment strategic alignment, not pure venture. Sub-$25M tail. Binary: a single tier-1 advanced-packaging fab qualification before DISCO ports liquid cooling into its incumbent stack.",https://www.zeiss.com/corporate/en/about-zeiss/present/newsroom/press-releases/2025/investment-lidrotec.html
skynopy,Skynopy,"Operates a real-time LEO ground station network supporting S, X, and Ka bands for satellite operators. Currently 15 antennas; targets 100+ by 2028. AWS is a partner; competes with KSAT and Viasat Real-Time Earth.",Space,Ground Systems & Antennas,Components & Subsystems,Pre-commercial,None,Series A,venture,17,,2025-06-30,30-Jun-25,Jun-25,2Q25,2025,France (Paris),Alven,"Omnes, Expansion, CNES/SpaceFounders, Heartcore",,"$17M Series A — Skynopy is the European real-time-ground-station bet against KSAT (private) and Viasat (VSAT) Real-Time Earth on the GSaaS layer, plus AWS Ground Station and Azure Orbital on the hyperscaler side. AWS partnership rather than rivalry reads as supplementary-network positioning. Alven lead with CNES/SpaceFounders signals French space-strategy alignment. Sub-$25M tail. Binary: scaling from 15 to 100+ antennas by 2028 before hyperscaler GSaaS commoditizes the entire ground layer.",https://spacenews.com/skynopy-lays-foundation-for-proprietary-ground-stations/
genesis-ai,Genesis AI,Develops a universal robotics foundation model trained on synthetic data generated by a custom physics engine. Co-founded by CMU and Mistral alumni; targets robot OEMs needing a generalist control model.,Robotics,Software & Simulation,Software & Services,Pre-commercial,None,Seed,venture,105,,2025-07-01,1-Jul-25,Jul-25,3Q25,2025,"USA (Palo Alto, CA)","Eclipse Ventures, Khosla Ventures","Bpifrance, HSG, Eric Schmidt, Xavier Niel, HongShan",,"$105M seed — largest European-linked robotics seed on record and a direct foundation-model comp to Skild AI and Physical Intelligence, against vertically integrated humanoid stacks like Figure and 1X. Synthetic-data-plus-physics-engine differentiator inherits the NVIDIA (NVDA) Isaac Sim playbook but trained for general embodiment. Eclipse + Khosla co-leading with Schmidt + Niel + HongShan signals US-EU-Chinese capital alignment. Binary: cross-platform generalization on a robot the founders didn't design before peers reach foundation-model maturity.",https://techcrunch.com/2025/07/01/genesis-ai-launches-with-105m-seed-funding-from-eclipse-khosla-to-build-ai-models-for-robots/
civ-robotics,Civ Robotics,"Builds CivDot, an autonomous layout robot that marks construction site survey points with 8mm accuracy. Targets civil construction and earthworks contractors.",Robotics,Industrial Robots,System Integration,Pre-commercial,None,Series A,venture,7.5,,2025-07-01,1-Jul-25,Jul-25,3Q25,2025,"USA (San Francisco, CA)",AlleyCorp,"Bobcat Company, ff Venture Capital",ROBOT,$7.5M Series A — Civ targets the construction-layout niche where Trimble (TRMB) and Hilti (private) sell traditional total-station survey kits. CivDot's 8mm accuracy autonomous-marking format compresses what is today a two-person manual operation. Bobcat Company co-investing with AlleyCorp reads as construction-OEM channel validation. Sub-$25M tail. Binary: contractor adoption rates before Trimble integrates autonomous marking into its existing survey-equipment portfolio.,https://www.enr.com/articles/60976-automated-layout-startup-civ-robotics-secures-75m-series-a-funding-round
nordic-air-defence,Nordic Air Defence,Swedish developer of the Kreuger 100 drone interceptor — a software-driven counter-drone effector designed to cost roughly an order of magnitude less per intercept than conventional missiles.,Robotics,Autonomous Systems & Drones,System Integration,Pre-commercial,None,Pre-Seed,venture,3,,2025-07-03,3-Jul-25,Jul-25,3Q25,2025,Sweden (Stockholm),Inflection,SNO Ventures,,$3M pre-seed — Nordic Air Defence is the Swedish entry in the counter-drone-effector category against Anduril Roadrunner-M and Raytheon (RTX) Coyote on the missile-class interceptor stack. Kreuger 100's software-substitution thesis targets 10x cost reduction per intercept versus conventional munitions. Sub-$25M tail by an order of magnitude. Binary: any Swedish or NATO procurement contract demonstrating the economics before Anduril expands into Europe.,https://tech.eu/2025/07/03/inflection-leads-3m-investment-in-nordic-air-defences-anti-drone-platform/
robot-era,Robot Era,"Chinese humanoid robot developer spun out of Tsinghua University, building the Xing Xing humanoid platform. Alibaba is a strategic co-investor signaling hyperscaler interest in embodied AI.",Robotics,Humanoid & Service Robots,System Integration,Pre-commercial,China_Made_In_China_2025,Series A,venture,69,,2025-07-08,8-Jul-25,Jul-25,3Q25,2025,China (Beijing),"CDH Investments, Haier Capital","HouXue Capital, Meridian Capital, Xianghe Capital, Crystal Stream Capital, Tsinghua Holdings",,"$69M Series A — Robot Era is the Tsinghua-spinout humanoid bet in the Chinese unicorn cohort alongside Unitree, Galbot, Agibot, and Galaxea on the bipedal stack, against Tesla (TSLA) Optimus and Figure on the Western side. 200+ robots delivered is a material commercial datapoint most peers can't claim. CDH + Haier Capital co-leading with Tsinghua Holdings reads as state-aligned strategic capital, not pure venture. Binary: scaling STAR1/L7 deliveries against Unitree's price-leadership while ERA-42 brain proves out as a credible model.",https://www.caixinglobal.com/2025-07-08/humanoid-robotics-startup-robot-era-secures-69-million-series-a-funding-102338987.html
arago,Arago,"French developer of the JEF photonic AI accelerator, processing data with lasers instead of transistors. Claims GPU-comparable performance at significantly lower energy; compatible with existing AI software frameworks.",Semiconductors,Frontier Compute,IP & Design,Pre-commercial,EU_Chips_Act,Seed,venture,26,,2025-07-08,08-Jul-25,Jul-25,3Q25,2025,France (Paris),"Earlybird Venture Capital, Protagonist, Visionaries Tomorrow","Generative IQ, C4 Ventures, Bertrand Serlet (ex-Apple VP), Christophe Frey (Arm), Olivier Pomel (Datadog), Thomas Wolf (Hugging Face)",,"$26M seed — Arago is the French photonic-AI accelerator bet against NVIDIA (NVDA) GPUs on the digital-incumbent stack and Lightmatter, Lightelligence, Q.ANT, and PsiQuantum on the photonic-compute side. JEF's framework-compatible pitch inherits the same energy-per-inference thesis that has eluded a generation of analog-photonic startups. Earlybird leading with Datadog, Apple, Arm, Hugging Face alumni angels signals technical credentialing rather than commercial validation. Binary: production silicon delivering 10x energy figures on a real PyTorch workload.",https://tech.eu/2025/07/08/arago-raises-26m-to-slash-ai-energy-consumption-with-breakthrough-photonic-chip/
galaxea-ai,Galaxea AI,"Chinese humanoid robot company developing general-purpose embodied AI platforms for industrial and commercial applications. Competes with Galbot, Unitree, and Agibot in the Chinese humanoid market.",Robotics,Humanoid & Service Robots,Software & Services,Pre-commercial,China_Made_In_China_2025,Series A,venture,100,700,2025-07-09,9-Jul-25,Jul-25,3Q25,2025,China (Beijing),"Capital Today, Meituan Strategic","Ant Group, IDG Capital, Baidu Ventures, GL Ventures, FunPlus, miHoYo",,"$100M Series A at $700M post — Galaxea is the Tsinghua-Stanford humanoid bet in the Chinese cohort alongside Unitree, Agibot, Galbot, and Robot Era, with Tesla (TSLA) Optimus on the Western reference side. Capital Today + Meituan Strategic co-leading with Ant Group, IDG, Baidu Ventures, miHoYo reads as hyperscaler-plus-gaming-capital alignment — a broader internet-economy investor base than peers. R1 Pro/Lite targets industrial and commercial work. Binary: converting strategic-investor relationships into pilots before Chinese humanoid funding tightens.",https://finance.yahoo.com/news/beijings-galaxea-ai-raises-100-000126844.html
geekplus,Geekplus,"Chinese manufacturer of autonomous mobile robots and shuttle robots for warehouse automation, with more than 800 global enterprise clients. First AMR warehouse robotics IPO on the Hong Kong Stock Exchange (2432.HK).",Robotics,Warehouse & Logistics,System Integration,Medium,None,IPO,venture,350.0,2800,2025-07-09,9-Jul-25,Jul-25,3Q25,2025,China (Beijing),,"Xiong'an Robot, Arc Avenue, Prudential/Eastspring, Yige/Zongteng",,"$350M HKEX IPO at $2.8B post (2432 HK) — Geekplus is the first AMR warehouse-robotics public listing in Hong Kong, the direct Chinese comp to Symbotic (SYM), AutoStore (AUTO NO), and Locus Robotics (private) on warehouse automation. 133x oversubscribed HK tranche is the cleanest demand signal for Chinese hard-tech IPOs since the window reopened. 800+ enterprise clients give recurring revenue most warehouse-robotics peers lack. Binary: Symbotic-class margins versus Chinese hard-tech multiple compression — public-tape execution sets the comp.",https://www.geekplus.com/resources/news/geekplus-lists-on-hkex-main-board-pioneering-the-global-smart-logistics-transformation-with-robotics
kongsberg-ferrotech,Kongsberg Ferrotech,"Norwegian developer of the Nautilus subsea inspection and repair robot, which uses a dry-habitat approach to enable diver-free underwater repair. Backed by Equinor and Kongsberg Gruppen.",Robotics,Machine Vision & Sensors,Components & Subsystems,Pre-commercial,None,Seed,venture,13,,2025-07-09,9-Jul-25,Jul-25,3Q25,2025,Norway (Kongsberg),NATO Innovation Fund,Investinor,ROBOT,"$13M seed — Kongsberg Ferrotech's Nautilus targets diver-free subsea repair where Saipem (SPM IM), TechnipFMC (FTI), and Subsea7 (SUBC NO) own the conventional ROV-plus-diver stack. Dry-habitat approach is the technical differentiator. NATO Innovation Fund lead reads as dual-use defense-energy alignment; Equinor and Kongsberg Gruppen strategic backing locks in offshore-energy channel. Sub-$25M tail. Binary: North Sea pilot conversion before incumbent service primes add dry-habitat capability.",https://www.nif.fund/news/nato-innovation-fund-leads-eur12-million-seed-financing-round-in-kongsberg-ferrotech-alongside-investinor-to-boost-global-security-and-energy-resilience/
augmentus,Augmentus,"Singapore-based developer of no-code robotics programming software that compresses process automation setup from weeks to roughly 15 minutes. Deployed in welding, abrasive blasting, and polishing across aerospace, maritime, and automotive industries.",Robotics,Industrial Robots,System Integration,Pre-commercial,None,Series A,venture,11,,2025-07-09,9-Jul-25,Jul-25,3Q25,2025,Singapore,Woori Venture Partners,"EDBI, Sierra Ventures, Cocoon Capital",,"$11M Series A — Augmentus is the no-code robotics-programming bet against FANUC (6954 JP), ABB (ABB), and Yaskawa (6506 JP) on the incumbent welding/finishing stack where programming complexity is the durable adoption barrier. 50+ systems across 6 countries is real commercial traction at this stage. Woori VP lead with EDBI signals Korean-Singaporean strategic alignment. Sub-$25M tail. Binary: SI-channel adoption before incumbents bundle low-code into existing teach-pendants.",https://www.businesswire.com/news/home/20250709
varda-space-industries,Varda Space Industries,Operates in-space manufacturing satellites that produce pharmaceutical and materials products in microgravity and return them to Earth in reentry capsules. The same reentry capsules also serve as hypersonic test beds for the US Air Force and NASA.,Space,In-Orbit Services,Deployment & Operation,Medium,US_DPA_Title_III,Series C,venture,187,,2025-07-10,10-Jul-25,Jul-25,3Q25,2025,"USA (El Segundo, CA)","Natural Capital, Shrug Capital","Founders Fund, Peter Thiel, Khosla Ventures, Caffeinated Capital, Lux Capital",,"$187M Series C funds W-Series in-space pharma manufacturing platform plus hypersonic reentry testbed contract pipeline. Comp set: Sierra Space and Axiom on LEO infrastructure peers, no real public pure-play; closest listed adjacency is Redwire (RDW) on space manufacturing. Three completed missions is the operational-tempo signal; FDA-pathway crystallization data from W-1/W-2/W-3 is the binary commercial catalyst.",https://www.satellitetoday.com/finance/2025/07/11/varda-raises-187m-series-c-round-to-scale-medicine-development-in-space/
quix-quantum,QuiX Quantum,"Dutch developer of silicon-nitride photonic quantum chips, working toward the first universal photonic quantum computer planned for 2026.",Semiconductors,Fabless Design,IP & Design,Pre-commercial,EU_Chips_Act,Series A,venture,17,,2025-07-10,10-Jul-25,Jul-25,3Q25,2025,Netherlands (Enschede),"Invest-NL, EIC Fund","PhotonVentures, Oost NL, FORWARD.one",,"$17M Series A — QuiX is the Dutch silicon-nitride photonic-quantum bet against IonQ (IONQ), Rigetti (RGTI), and D-Wave (QBTS) on the public-quantum tape, plus PsiQuantum (private) on the direct photonic-modality side. Universal photonic quantum computer planned 2026 is the binary technical commitment. Invest-NL + EIC Fund lead reads as European deeptech-sovereignty capital. Sub-$25M tail relative to PsiQuantum's $750M-plus rounds. Binary: 2026 universal-photonic-quantum delivery before PsiQuantum's silicon-photonics scale advantage closes the modality.",https://www.quixquantum.com/news/quix-quantum-series-a
motor-ai,MOTOR Ai,German developer of L4 autonomous driving software using a cognitive/neuroscience-based active inference architecture. EU-certified for European deployment.,Robotics,Autonomous Systems & Drones,System Integration,Pre-commercial,None,Seed,venture,20,,2025-07-14,14-Jul-25,Jul-25,3Q25,2025,Germany (Berlin),"Segenia Capital, eCAPITAL",German HNWIs,,"$20M seed — MOTOR Ai's active-inference L4 stack is the cognitive-architecture bet against Mobileye (MBLY), Tesla (TSLA), and Waymo on the data-driven autonomy stack, plus Wayve (private) on the European foundation-model autonomy side. EU certification is the regulatory differentiator. Segenia + eCAPITAL leading with German HNWIs reads as Mittelstand-aligned domestic capital. Sub-$25M tail. Binary: a single European OEM design-win demonstrating that neuroscience-based architecture beats scale-driven approaches on regulated roads.",https://www.globenewswire.com/news-release/2025/07/14/3114777/0/en/MOTOR-Ai-gets-20M.html
xtend,XTEND,Israeli defense-tech company building a tactical drone operating system and combat drones. Battle-tested with the Israel Defense Forces in Gaza and under US Department of Defense contracts.,Robotics,Autonomous Systems & Drones,System Integration,Medium,None,Series B (extension),venture,30,,2025-07-15,15-Jul-25,Jul-25,3Q25,2025,Israel (Tel Aviv),"Aliya Capital Partners, Protego Ventures","Claltech (Blavatnik), Union-Tech Ventures, Chartered Group",,"$30M Series B extension funds US DoD scale-up; XTEND's tactical-drone AI is in active operational use across IDF, US, Singapore. Comp set: Anduril Lattice on the prime side, Skydio X10D on US tactical-quad, Shield AI V-BAT and Saronic on adjacent autonomy. Sole-source deployment posture inside three militaries is the moat; Replicator program selection is the binary US procurement catalyst.",https://www.therobotreport.com/xtend-secures-extension-series-b-scale-autonomous-tactical-robots/
mujin,Mujin,"Develops the MujinController platform — a robot-agnostic control system that orchestrates warehouse and factory automation. Powers more than 1,000 warehouse systems globally, with deployments at Japanese distributor Paltac showing ~90% labor reduction in palletizing.",Robotics,Warehouse & Logistics,System Integration,Medium,None,Series D,venture,233,,2025-12-02,2-Dec-25,Dec-25,4Q25,2025,Japan (Tokyo),"NTT Group, Qatar Investment Authority",,,"$233M Series D — Mujin is the robot-agnostic warehouse-control bet against AutoStore (AUTO NO), Symbotic (SYM), and Geek+ (2432 HK) on the warehouse-automation cohort, with Daifuku (6383 JP) on the broader material-handling reference. MujinController orchestrates 1,000+ deployments globally with Paltac demonstrating ~90% palletizing labor reduction — the hardest production-grade ROI case in the sector. NTT + Qatar Investment Authority lead reads as Japan-Gulf sovereign capital. Binary: global expansion from Japan-anchor base monetizing the controller layer.",https://mujin-corp.com/resources/news/seriesd-announcement-advancing-industrial-automation-intelligent-robotics
bedrock-robotics,Bedrock Robotics,"Builds the Bedrock Operator, a retrofit autonomy kit that converts 20-80 ton excavators into autonomous earth-moving machines. Founded by former Waymo engineers; sells to construction and earthworks contractors.",Robotics,Industrial Robots,System Integration,Medium,None,Seed,venture,80,,2025-07-16,16-Jul-25,Jul-25,3Q25,2025,"USA (San Francisco, CA)","8VC, Eclipse","Two Sigma Ventures, Valor Equity Partners, NVentures (NVIDIA), Crossbeam, Raine Group, Tishman Speyer",,"$80M seed — Bedrock is the ex-Waymo construction-autonomy bet against Caterpillar (CAT) and Komatsu (6301 JP) on the incumbent OEM-native autonomy stack, plus Built Robotics (private) on the retrofit competitor side. Operator kit converts 20-80 ton excavators to autonomous earth-moving — same retrofit thesis Built has pursued for five years with mixed traction. 8VC + Eclipse lead with NVIDIA NVentures and Valor signals foundation-model-meets-construction alignment. Binary: contractor adoption rates before CAT's Autonomy roadmap matures into a native offering.",https://techcrunch.com/2025/07/16/ex-waymo-engineers-launch-bedrock-robotics-with-80m-to-automate-construction/
firestorm-labs,Firestorm Labs,"Builds expeditionary 3D-printed drones intended for in-theater manufacture by US and allied forces, targeting build cycles of under nine hours from spool to flight. Sells to DoD as part of the attritable-systems wave.",Robotics,Autonomous Systems & Drones,System Integration,Pre-commercial,US_DPA_Title_III,Series A,venture,47,,2025-07-16,16-Jul-25,Jul-25,3Q25,2025,"USA (San Diego, CA)",NEA,"Lockheed Martin Ventures, Decisive Point, Washington Harbour Partners, Booz Allen Ventures",,"$47M Series A on a $100M USAF IDIQ base — Firestorm is the in-theater-manufacturing drone bet against AeroVironment (AVAV), Kratos (KTOS), and Anduril (private) on the attritable stack. xCell containerized micro-factory targets sub-9-hour spool-to-flight cycles, addressing the supply-chain vulnerability the Ukraine war exposed. NEA lead with Lockheed Martin (LMT) Ventures, Decisive Point, Booz Allen reads as defense-industrial alignment. Binary: scaling xCell to fleet level before incumbents adopt distributed manufacturing themselves.",https://launchfirestorm.com/news/firestorm-raises-47m-to-scale-expeditionary-manufacturing
hadrian,Hadrian,"Operates AI-powered automated factories for precision-machined parts used in defense, aerospace, and space hardware. Targets CNC and inspection bottlenecks in the US defense industrial base through highly automated, software-controlled production cells.",Robotics,Industrial Robots,System Integration,Medium,US_DPA_Title_III,Series C,venture,260,,2025-07-17,17-Jul-25,Jul-25,3Q25,2025,"USA (Torrance, CA)","Founders Fund, Lux Capital","Altimeter Capital, 1789 Capital, Andreessen Horowitz, Construct Capital, 137 Ventures",,"$260M Series C funds Mesa AZ Factory 3 — third lights-out CNC plant for defense/space precision parts. Comp set: 6K Additive and Velo3D (legacy listed) on additive, no real public AI-CNC pure-play; closest is Protolabs (PRLX) on traditional CNC service. 10x YoY growth + defense-prime offtake is the unit-economics validation; vertical integration into customer DoD/space supply chains is the moat.",https://techcrunch.com/2025/07/17/hadrian-raises-260m-to-build-out-automated-factories-for-space-and-defense-parts/
qant,Q.ANT,"German photonic computing company developing the LENA thin-film lithium niobate processor for analog photonic compute, with claimed 30x energy efficiency improvements over conventional digital chips. TRUMPF spinoff.",Semiconductors,Fabless Design,IP & Design,Pre-commercial,EU_Chips_Act,Series A,venture,69,,2025-07-17,17-Jul-25,Jul-25,3Q25,2025,Germany (Stuttgart),"Cherry Ventures, UVC Partners, imec.xpand","L-Bank, Verve Ventures, Grazia Equity, LEA Partners, TRUMPF",,"$69M Series A — largest European photonic-computing round and the TRUMPF spinoff bet against NVIDIA (NVDA) GPUs, plus Lightmatter, Lightelligence, Arago, and PsiQuantum on the photonic-AI cohort. LENA thin-film lithium niobate processor's claimed 30x energy efficiency inherits the long-running analog-photonic thesis. Cherry + UVC + imec.xpand co-leading with TRUMPF strategic backing signals European semiconductor sovereignty. Binary: production silicon delivering claimed energy figures on real workloads before NVIDIA's roadmap closes the analog gap.",https://qant.com/press-releases/qant-raises-62-million-euro-to-transform-the-future-of-computing-with-photonic-processing/
asylon-robotics,Asylon Robotics,"Builds the DroneDog ground and aerial security platform — patrol drones and unmanned ground vehicles for facility security at industrial and government sites. Has logged more than 250,000 missions.",Robotics,Autonomous Systems & Drones,System Integration,Medium,US_DPA_Title_III,Series B,venture,24,,2025-07-22,22-Jul-25,Jul-25,3Q25,2025,"USA (Philadelphia, PA)",Insight Partners,"Veteran Ventures Capital, Allegion Ventures, GO PA Fund",ROBOT,"$24M Series B — Asylon's DroneDog targets the perimeter-security niche where Knightscope (KSCP) and ADT (ADT) sell traditional patrol stacks. 250,000+ logged missions is the cleanest commercial-operations datapoint in security robotics. US-made positioning differentiates against Chinese drone incumbents subject to procurement restrictions. Insight Partners with Allegion Ventures signals enterprise-security strategic alignment. Sub-$25M tail. Binary: scaling into commercial security before Knightscope's incumbent footprint becomes the durable channel.",https://www.businesswire.com/news/home/20250722577774/en/Asylon-Robotics-Raises-$24-Million
xlight,xLight,Develops free-electron-laser (FEL) EUV light sources for semiconductor lithography. Spun out of SLAC and Stanford in 2022 to build an alternative to ASML's EUV light-source technology.,Semiconductors,Equipment,Capital Equipment,Medium,US_CHIPS_Act,Series B,venture,40,,2025-07-22,22-Jul-25,Jul-25,3Q25,2025,"USA (Palo Alto, CA)",Playground Global,"Boardman Bay Capital Management, Morpheus Ventures",,"$40M Series B plus $150M CHIPS Act LOI — xLight's free-electron-laser EUV light source targets the next-generation EUV power ceiling that ASML (ASML) faces with the NXE/EXE roadmap, against ASML's incumbent CO2-driven LPP architecture. 4x EUV power per source serving up to 20 ASML tools restructures fab economics if it qualifies. Playground Global lead is deep-tech specialist capital, not generalist venture. Binary: one ASML-integrated tool demonstrating production-grade dose stability before ASML's High-NA roadmap captures the next leading-edge node.",https://www.xlight.com/company-news/xlight-40m-series-b
MP,MP Materials,"Operates the only US rare earth mine and processing facility at Mountain Pass, California, and builds the 10X magnet manufacturing facility for finished neodymium-iron-boron magnets. Public on NYSE (MP); 10-year NdPr price floor secured through a US government investment.",Materials,Rare Earths & Critical Minerals,Upstream Materials,Critical,US_Critical_Minerals_List,Government investment,government,550,,2025-07-10,10-Jul-25,Jul-25,3Q25,2025,"USA (Las Vegas, NV)",US Department of Defense,,,$400M preferred + $150M loan from DoD with a 10-year NdPr price floor — MP Materials (MP) is now structurally backstopped by the US government in a way Lynas (LYC AU) and Iluka Resources (ILU AU) are not on the rare-earth-supply stack. Price-floor is the cleanest sovereign capital structure in critical minerals since DPA-Title-III aluminum. 10X magnet manufacturing closes the loop from mine to finished NdFeB for defense and EV. Binary: 10X facility ramp and offtake conversion before Chinese export controls tighten further on heavy REEs that MP doesn't produce.,https://investornews.com/market-opinion/follow-the-money-u-s-government-funding-for-critical-minerals-companies-2023-2026/
4ag-robotics,4AG Robotics,Canadian developer of vision-guided autonomous mushroom-picking robots for commercial mushroom growers. Rebranded from TechBrew Robotics; backed primarily by Canadian government-affiliated capital.,Robotics,Collaborative Robots,System Integration,Medium,None,Series B,venture,29,,2025-07-29,29-Jul-25,Jul-25,3Q25,2025,"Canada (Salmon Arm, BC)","Astanor Ventures, Cibus Capital","Voyager Capital, InBC, Emmertech, BDC, Stray Dog Capital, Seraph Group",,"$29M Series B — 4AG (formerly TechBrew) is the mushroom-harvesting niche in ag-robotics against Carbon Robotics, Iron Ox, and Tortuga AgTech on the broader ag-equipment stack, with John Deere (DE) and AGCO (AGCO) on the incumbent side. Mushroom picking is one of the hardest contact-rich tasks in ag with high labor turnover. Astanor + Cibus Capital lead reads as ag-tech specialist alignment. Multi-country deployment in Canada, Ireland, Australia is real traction. Binary: scaling globally before labor economics inflect.",https://4ag.ai/4ag-robotics-raises-29m-usd-series-b-to-expand-autonomous-mushroom-harvesting-tech/
delian-alliance-industries,Delian Alliance Industries,"Greek defense-tech company building autonomous coastal defense systems, including the LAST Towers fortified positions and OSIRIS GPS-denied navigation. Founded by a former Apple roboticist.",Robotics,Autonomous Systems & Drones,System Integration,Pre-commercial,None,Series A,venture,14,,2025-07-29,29-Jul-25,Jul-25,3Q25,2025,Greece (Athens),"Air Street Capital, Marathon Venture Capital","201 Ventures, HCVC, Entropy Industrial Capital, Nebular",,"$14M Series A — Delian Alliance is the Greek coastal-defense play against Anduril (private) on the US autonomous-fixed-position stack and Helsing on the European AI-defense side. LAST Towers fortified positions plus OSIRIS GPS-denied navigation address Mediterranean and Aegean choke-point security, a specific Greek strategic priority. Air Street + Marathon VC lead reads as European deeptech alignment. Sub-$25M tail. Binary: Hellenic Armed Forces procurement before pan-European primes consolidate the category.",https://tech.eu/2025/07/29/greek-defence-tech-startup-founded-by-apple-roboticist-raised-14m/
oxide-computer,Oxide Computer,"Sells rack-scale on-premises cloud computers — fully integrated server systems with hardware, firmware, and Oxide's own control plane software. Customers include Lawrence Livermore National Laboratory and CoreWeave.",Semiconductors,Fabless Design,IP & Design,Medium,US_CHIPS_Act,Series B,venture,100,,2025-07-30,30-Jul-25,Jul-25,3Q25,2025,"USA (Emeryville, CA)",US Innovative Technology Fund,All existing investors,"AMD, INTC","$100M Series B led by USIT Fund — Oxide is the rack-scale on-prem cloud-computer bet against Dell (DELL), HPE (HPE), and Supermicro (SMCI) on the server-OEM stack, with read-through to AMD (AMD) and Intel (INTC) on processor supply. Lawrence Livermore and CoreWeave customers validate the high-end on-prem thesis where hyperscaler-class hardware is needed but cloud lock-in is unacceptable. USIT Fund lead reads as national-security-aligned capital. Binary: scaling from labs and AI-clouds into enterprise before HPE and Dell match the integrated stack.",https://oxide.computer/blog/our-100m-series-b
raise-robotics,Raise Robotics,"Builds a multi-purpose robotic platform for high-risk construction site tasks — equipment installation, drilling, and material handling that typically require workers at heights.",Robotics,Industrial Robots,System Integration,Pre-commercial,None,Seed,venture,7.75,,2025-07-30,30-Jul-25,Jul-25,3Q25,2025,"USA (San Francisco, CA)",MaC Venture Capital,Undivided Ventures,,"$7.75M seed — Raise is the high-risk-construction-tasks niche where Boston Dynamics (Hyundai 005380 KS), Built Robotics (private), and Bedrock (private) are scaling adjacent solutions. Multi-purpose platform for equipment installation, drilling, and heights work targets construction labor where injury rates and insurance economics push automation. MaC VC + Undivided lead is thin signal. Sub-$25M tail. Binary: a single GC-contractor adoption before incumbent equipment-OEMs cover the same task surface.",https://www.enr.com/articles/61108-raise-robotics-nets-775m-in-seed-funding-to-build-out-multipurpose-robot-platform
sixsense,SixSense,Singapore developer of AI defect detection software for semiconductor fabs. Customers include GlobalFoundries and JCET; has processed over 100 million chips through its inspection software.,Semiconductors,Equipment,Capital Equipment,Pre-commercial,None,Series A,venture,8.5,,2025-07-31,31-Jul-25,Jul-25,3Q25,2025,Singapore,Peak XV / Surge,"Alpha Intelligence Capital, FEBE",,"$8.5M Series A — SixSense's AI defect detection competes against KLA (KLAC) and Applied Materials (AMAT) on the conventional fab-inspection stack, with read-through to ASML (ASML) on process control. GlobalFoundries and JCET as customers with 100M+ chips processed is real commercial validation. Peak XV / Surge lead reads as Asian-deeptech venture alignment. Sub-$25M tail by an order of magnitude versus incumbents' R&D budgets. Binary: expanding beyond defect detection into yield-management before KLA bundles equivalent AI inspection into existing tools.",https://techcrunch.com/2025/07/31/female-founded-semiconductor-ai-startup-sixsense-raises-funding/
simaai,SiMa.ai,"Designs the MLSoC, a machine-learning system-on-chip for embedded edge AI applications. Second-generation MLSoC supports multimodal generative AI at the edge; targets industrial, robotics, and automotive customers.",Semiconductors,Fabless Design,IP & Design,Medium,US_CHIPS_Act,Series C,venture,85,,2025-08-01,1-Aug-25,Aug-25,3Q25,2025,"USA (San Jose, CA)",Maverick Capital,"StepStone Group, Fidelity Management & Research",,"$85M oversubscribed Series C funds Modalix multimodal MLSoC commercial buildout in robotics, automotive ADAS, defense edge inference. Comp set: Hailo on edge AI accelerator peers, Ambarella (AMBA) on listed automotive vision, Mobileye (MBLY) on auto incumbents, NVIDIA Jetson on hyperscaler edge. Differentiated by multimodal-on-chip vs single-modality competitors; auto Tier-1 design-wins are the binary commercial catalyst.",https://sima.ai/press-release/sima-ai-raises-85m-to-scale-physical-ai-bringing-total-funding-to-355m/
FLY,Firefly Aerospace,"Builds the Alpha small launch vehicle, the Blue Ghost lunar lander, and an in-space transportation vehicle (Elytra). The Blue Ghost Mission 1 successfully landed on the Moon in 2025. Public on NASDAQ (FLY) after a 2025 IPO.",Space,Launch,Deployment & Operation,High,US_DPA_Title_III,IPO,venture,868,6300,2025-08-07,7-Aug-25,Aug-25,3Q25,2025,"USA (Cedar Park, TX)","Goldman Sachs, JPMorgan, Jefferies, Wells Fargo","Northrop Grumman, Morgan Stanley",FLY,"$868M IPO priced $45 above range at $6.3B post (FLY) with +34% first day — Firefly is now the public-tape lunar-and-small-launch comp to Rocket Lab (RKLB), Intuitive Machines (LUNR), and Astra (defunct), plus AST SpaceMobile (ASTS) on broader venture-backed space IPOs. Blue Ghost Mission 1 successful Moon landing is the cleanest commercial-lunar datapoint outside LUNR. $1.3B backlog at IPO is the durable revenue base. Binary: converting backlog into delivered launches and lunar missions before LUNR's Nova-class roadmap closes the gap.",https://www.cnbc.com/2025/08/07/rocket-maker-firefly-aerospace-fly-stock-ipo.html
spinlaunch,SpinLaunch,Originally developing a kinetic launch system that uses a rotating arm to fling rockets into the upper atmosphere; now pivoting to operate the Meridian Space LEO broadband constellation with 280 satellites manufactured by Kongsberg NanoAvionics.,Space,Satellite Communications,Deployment & Operation,Medium,US_DPA_Title_III,Series C,venture,30,,2025-08-18,18-Aug-25,Aug-25,3Q25,2025,"USA (Long Beach, CA)","Kongsberg Defence & Aerospace, ATW Partners",,,"$30M Series C — SpinLaunch has pivoted from kinetic launch to operating the Meridian Space LEO broadband constellation, repositioning as a SpaceX Starlink and Eutelsat (ETL FP) OneWeb challenger via 280 Kongsberg NanoAvionics satellites. The pivot itself is the signal — kinetic launch has not produced a credible commercial path. Kongsberg Defence + ATW Partners co-leading reads as constellation-supply chain alignment. Binary: securing constellation anchor customers and spectrum coordination before the LEO broadband market commits to two-incumbent equilibrium.",https://spacenews.com/spinlaunch-raises-30-million-for-work-on-meridian-space-constellation/
fieldai,FieldAI,"Develops field foundation models — robot control software that enables industrial robots to operate in unstructured outdoor environments. Deployed with customers across Japan, Europe, and the US in construction, mining, and inspection applications.",Robotics,Software & Simulation,Software & Services,Medium,None,Series B,venture,405,2000,2025-08-20,20-Aug-25,Aug-25,3Q25,2025,"USA (Irvine, CA)","Bezos Expeditions, Prysm, Temasek","BHP Ventures, Canaan Partners, Emerson Collective, Intel Capital, Khosla Ventures, NVentures (NVIDIA), Gates Frontier, Samsung",ROBOT,"$405M Series B at $2.0B post (valuation quadrupled) — FieldAI is the field-foundation-model bet for unstructured outdoor environments, robot-agnostic comp to Skild AI and Physical Intelligence on the brain-licensing side. Bezos Expeditions + Prysm + Temasek leading with BHP Ventures and NVentures (NVDA) reads as crossover-plus-strategic capital. BHP participation flags mining as the near-term commercial channel. Binary: converting construction/mining pilots into recurring deployments before licensing margins compress.",https://techcrunch.com/2025/08/20/fieldai-raises-405m-to-build-universal-robot-brains/
fourier-intelligence,Fourier Intelligence,Chinese humanoid robot developer behind the GR-2 platform. Also operates a rehabilitation robotics business line for clinical use.,Robotics,Humanoid & Service Robots,System Integration,Medium,China_Made_In_China_2025,Series E+,venture,42.0,,2025-08-20,20-Aug-25,Aug-25,3Q25,2025,China (Shanghai),Chinese VCs,,,"$42M Series E+ on top of the Jan-2025 Series E at $1.1B post — Fourier is a Chinese humanoid unicorn alongside Unitree, Galbot, Agibot, and Robot Era, with Tesla (TSLA) Optimus and Figure on the Western reference. Smaller follow-on size signals tactical bridge capital, not a new pricing event. Rehabilitation-robotics revenue remains the differentiator versus pure-play humanoid peers. Binary: GR-2 commercial pilots converting while rehab cashflow funds the runway.",https://stcn.com/article/detail/1846047.html
paragraf,Paragraf,"UK Cambridge spinout producing graphene-based electronic components — Hall effect sensors, field-effect transistors, and other devices — using wafer-scale graphene manufacturing. Targets quantum, healthcare, and high-performance electronics applications.",Semiconductors,Fabless Design,IP & Design,Medium,UK_NSI_Act,Series C,venture,55,,2025-08-25,25-Aug-25,Aug-25,3Q25,2025,United Kingdom (Cambridgeshire),Mubadala,,,"$55M Series C from Mubadala — Paragraf is the wafer-scale graphene-electronics bet in a segment with no listed pure-play comp. Adjacencies: Allegro MicroSystems (ALGM) and Melexis (MELE BR) on Hall-effect sensor incumbents, plus Infineon (IFX DE) on the broader sensing stack. Mubadala lead reads as Abu Dhabi sovereign-deeptech capital, pulling Paragraf toward Gulf strategy. Binary: graphene Hall sensors and FETs hitting volume design-wins in quantum and medical before categorical novelty exhausts patient capital.",https://tech.eu/2025/08/25/paragraf-closes-55m-series-c-funding-round/
commonwealth-fusion-systems,Commonwealth Fusion Systems,"Develops a compact tokamak fusion reactor (SPARC, then ARC) using high-temperature superconducting (HTS) magnets to achieve net energy gain in a smaller footprint than ITER-class designs. MIT Plasma Science and Fusion Center spinout building its first commercial plant in Devens, Massachusetts.",Materials,Structural Materials,Upstream Materials,Medium,US_DOE_LPO_Eligible,Series B2,venture,863,,2025-08-28,28-Aug-25,Aug-25,3Q25,2025,"USA (Devens, MA)",,"Broad consortium of existing investors, Brevan Howard, Counterpoint Global, Druckenmiller, NVentures (NVIDIA)",,"$863M Series B2 — Commonwealth is now the most-capitalized private fusion play, against Helion ($1B+ cumulative, MSFT PPA-anchored), Proxima Fusion stellarator, TAE, and Marvel Fusion on the broader cohort. Brevan Howard, Druckenmiller, Counterpoint Global, NVentures (NVDA) co-investing reads as crossover-plus-strategic capital with no named lead — investor-broad rather than concentrated. SPARC tokamak in Devens is the binary engineering test against Helion's 2028 commercial timeline.",https://cfs.energy/news-and-media/commonwealth-fusion-systems-raises-863-million-series-b2-round-to-accelerate-the-commercialization-of-fusion-energy/
blue-water-autonomy,Blue Water Autonomy,Builds full-sized autonomous unmanned ships for the US Navy. Targets the Pentagon's $2.1B Medium Unmanned Surface Vessel (MUSV) program; backed by GV.,Robotics,Autonomous Systems & Drones,System Integration,Pre-commercial,US_DPA_Title_III,Series A,venture,50,,2025-08-26,26-Aug-25,Aug-25,3Q25,2025,"USA (Boston, MA)",GV (Google Ventures),"Eclipse Ventures, Riot Ventures, Impatient Ventures",,"$50M Series A funds full-sized autonomous unmanned-surface-vessel development for US Navy MUSV program ($2.1B Pentagon obligation). Comp set: Saronic (private) on smaller-tonnage USV, L3Harris (LHX) on incumbent USV prime, Anduril Dive-LD on subsurface. Pentagon hedge against PLAN amphibious posture in the Indo-Pacific is the strategic frame; first Navy contract award is the binary commercial catalyst.",https://fortune.com/2025/08/26/exclusive-blue-water-autonomy-raises-gv-led-50-million-series-a-to-build-unmanned-ships/
aerospacelab,Aerospacelab,Belgian satellite manufacturer building a megafactory with 500 satellites per year of capacity. Bidder for the EU's IRIS² constellation; competes with Airbus OneWeb Satellites and other European smallsat manufacturers.,Space,Satellite Communications,Deployment & Operation,Medium,None,Series B (extension),venture,110,,2025-08-26,26-Aug-25,Aug-25,3Q25,2025,Belgium (Charleroi),European Investment Bank,New and existing investors,SATS,"€110M Series B extension funds Belgian megafactory targeting 500 sats/year capacity — the European sovereign-satellite-bus play. Comp set: York Space and Apex Space on US productized buses, Astranis (private) on small-GEO, Airbus and Thales on incumbent EU primes. IRIS2 constellation award is the binary near-term contract; if won, Aerospacelab becomes the EU answer to SpaceX Starshield manufacturing tempo.",https://www.aerospacelab.com/blog/press-releases-1/aerospacelab-secures-94-million-eur-110-million-usd-to-accelerate-its-ambitious-roadmap-35
openlight,OpenLight,Designs custom photonic chips with a process design kit (PDK) library including a 400G modulator and indium phosphide heterogeneously integrated lasers. Targets the AI optical interconnect layer alongside Ayar Labs and Marvell/Broadcom photonics.,Semiconductors,Fabless Design,IP & Design,Pre-commercial,US_CHIPS_Act,Series A,venture,34,,2025-08-26,26-Aug-25,Aug-25,3Q25,2025,USA,"Xora Innovation, Capricorn Investment Group","Mayfield Fund, Juniper Networks (HPE), Lam Capital, New Legacy Ventures, K2 Access",,"$34M Series A — OpenLight is the silicon-photonics PDK bet with integrated InP lasers, against Ayar Labs (private) and Lightmatter on direct competition, plus Marvell (MRVL) and Broadcom (AVGO) on in-house hyperscaler photonics. Synopsys (SNPS) spinout heritage is the structural advantage — PDK distribution rather than chip sale. Xora + Capricorn leading with Juniper/HPE (HPE) signals data-center supply-chain alignment. Binary: PDK adoption by a tier-1 ASIC designer before MRVL/AVGO consolidate in-house photonics.",https://openlightphotonics.com/newsroom/openlight-raises-34m-series-a-to-scale-next-gen-integrated-photonics-for-ai-data-centers
nanopower-semiconductor,Nanopower Semiconductor,Norwegian designer of subthreshold power management ICs (the nPZero chip) for battery-powered and energy-harvesting IoT devices.,Semiconductors,Power & Analog,IP & Design,Pre-commercial,None,Series A,venture,10.2,,2025-09-07,7-Sep-25,Sep-25,3Q25,2025,Norway (Kristiansand),"EIC Fund, Big Sur Ventures, Skagerak Capital","Blystad Group, Borgen",,"$10.2M Series A — Nanopower's nPZero subthreshold PMIC targets the IoT and energy-harvesting niche where Texas Instruments (TXN), STMicroelectronics (STM), and Renesas (6723 JP) sell standard low-power PMICs. Sub-threshold operation is the technical wedge for sub-microwatt sensor nodes. EIC Fund lead reads as Nordic deeptech alignment. Sub-$25M tail. Binary: a single tier-1 IoT customer design-win before incumbents add subthreshold modes natively.",https://nanopowersemi.com/news/nanopower-semiconductor-as-closes-eur-9.4-million-equity-financing
x-square-robot,X Square Robot,"Chinese embodied-intelligence startup developing household robots, including the WALL-A multimodal transformer for control and the WALL-B platform targeted at consumer home rollout. Strategic backing from Xiaomi.",Robotics,Humanoid & Service Robots,System Integration,Pre-commercial,China_Made_In_China_2025,Series A,venture,140,,2025-09-08,8-Sep-25,Sep-25,3Q25,2025,China (Shenzhen),Alibaba Cloud,"HongShan, Meituan, Legend Star, Legend Capital, INCE Capital",,"$140M Series A — X Square Robot is the Alibaba Cloud-backed Chinese embodied-AI bet behind WALL-A multimodal transformer and WALL-B consumer-home platform, against Unitree, Galbot, Agibot, Robot Era, and Galaxea on the Chinese humanoid cohort. Alibaba lead with HongShan, Meituan, and Legend Capital reads as hyperscaler-plus-internet-economy alignment, distinct from state-aligned peers. Binary: WALL-B consumer-home deliveries demonstrating Chinese household robotics has real commercial pull.",https://www.cnbc.com/2025/09/08/alibaba-leads-100-million-investment-in-chinese-humanoid-robot-startup.html
proteantecs,proteanTecs,"Israeli chip telemetry company providing embedded on-chip agents that collect lifecycle data for predictive monitoring and yield management. Sells to fabless, foundry, and OEM customers across the chip-design pipeline.",Semiconductors,EDA & IP,IP & Design,Medium,None,Series D,venture,51,,2025-09-09,9-Sep-25,Sep-25,3Q25,2025,Israel (Haifa),IAG Capital Partners,"Samsung Catalyst Fund, Arm, Siemens, Addition, Zeev Ventures, MediaTek, Intel Capital, Porsche, Koch Disruptive",,"$51M Series D funds embedded-agent silicon-lifecycle telemetry platform — picks-and-shovels for AI/auto chip reliability. Comp set: PDF Solutions (PDFS) on listed silicon-yield-management, Synopsys (SNPS) Silicon.da and Cadence (CDNS) on adjacent EDA, no real pure-play. Hyperscaler + auto Tier-1 customer roster validates SLM thesis; AMD/Intel/Nvidia GPU reliability concerns are the binary demand catalyst.",https://siliconangle.com/2025/09/10/computer-chip-performance-optimization-startup-proteantecs-raises-51m/
scintil-photonics,Scintil Photonics,French silicon photonic IC maker with integrated lasers for co-packaged optics in AI data centers. Flagship LEAF Light DWDM-native light engine enables high-speed optical interconnects between AI accelerators.,Semiconductors,Fabless Design,IP & Design,Medium,EU_Chips_Act,Series B,venture,58,,2025-09-09,09-Sep-25,Sep-25,3Q25,2025,France (Grenoble),"Yotta Capital Partners, NGP Capital","NVentures (NVIDIA), BNP Paribas Developpement, Supernova Invest, Bpifrance, Innovacom, Bosch Ventures, Applied Ventures ITIC",,"$58M Series B — Scintil is the French silicon-photonics PIC bet on co-packaged optics for AI data centers, against Ayar Labs and Lightmatter on direct competition, plus Marvell (MRVL) and Broadcom (AVGO) on in-house hyperscaler photonics. LEAF Light DWDM-native light engine is the technical pitch. Yotta + NGP leading with NVentures (NVDA) and Bosch Ventures reads as strategic-supply-chain capital. Binary: tier-1 ASIC design-win before MRVL/AVGO consolidate in-house photonics.",https://www.scintil-photonics.com/post/scintil-photonics-raises-58m-to-scale-integrated-photonics-for-ai-factories
psiquantum,PsiQuantum,"Develops a fault-tolerant photonic quantum computer using silicon photonics manufactured on standard CMOS processes. Operates a cryogenic R&D facility in Daresbury, UK developing the high-power dilution refrigeration systems needed to scale to million-qubit machines.",Semiconductors,Fabless Design,IP & Design,Critical,US_CHIPS_Act,Series E,venture,1000,7000,2025-09-10,10-Sep-25,Sep-25,3Q25,2025,"USA (Palo Alto, CA)","BlackRock, Temasek, Baillie Gifford","Macquarie Capital, NVentures (NVIDIA), QIA, Ribbit Capital, Adage Capital, Morgan Stanley, T. Rowe Price",NVDA,"$1.0B Series E at $7.0B post — PsiQuantum is the photonic-quantum leader against IonQ (IONQ), Rigetti (RGTI), and D-Wave (QBTS) on the public-quantum tape, plus QuEra and Infleqtion on neutral-atom. NVIDIA (NVDA) first investment in physical quantum hardware is the modality-hedging signal. BlackRock + Temasek + Baillie Gifford leading with QIA and T. Rowe is IPO-prep crossover capital. Brisbane and Chicago groundbreaking. Binary: first fault-tolerant photonic logical qubit on schedule.",https://thequantuminsider.com/2025/09/10/psiquantum-raises-1-billion-to-build-million-qubit-scale-fault-tolerant-quantum-computers/
cuspai,CuspAI,"Builds an AI search engine for molecules and materials discovery, targeting applications in semiconductors, automotive, and energy. Former ASML president serves on the board.",Materials,Silicon & Substrates,Software & Services,Pre-commercial,None,Series A,venture,100,520,2025-09-10,10-Sep-25,Sep-25,3Q25,2025,United Kingdom (Cambridge),"NEA, Temasek","Samsung Ventures, Hyundai Motor, NVentures (NVIDIA), Basis Set Ventures, Prosus, Northzone, LocalGlobe",ASML,"$100M Series A at $520M post — CuspAI is the AI-search-for-molecules bet against Lila Sciences on the closed-loop AI+lab side, plus Schrodinger (SDGR) on the in-silico stack. Former ASML (ASML) president on the board reads as semiconductor-materials commercial pull. NEA + Temasek leading with Samsung Ventures, Hyundai Motor, and NVentures (NVDA) reads as multi-industry strategic alignment. Binary: a tier-1 semi or battery materials design-win demonstrating commercial-grade discovery.",https://siliconangle.com/2025/09/10/cuspai-raises-100m-build-ai-search-engine-transform-materials-science/
hive-robotics,Hive Robotics,"German developer of command-and-control architecture for cross-domain robot swarms across air, land, sea, and space domains. Targets defense and disaster response applications.",Robotics,Autonomous Systems & Drones,System Integration,Pre-commercial,None,Pre-Seed,venture,2.2,,2025-09-11,11-Sep-25,Sep-25,3Q25,2025,Germany (Munich),b2venture,"Firedrop, Pareto, Matthias Hilpert, Klocke Group",ROBOT,"$2.2M pre-seed — Hive is the German cross-domain swarm C3 bet, adjacent to Anduril (private) Lattice and Shield AI Hivemind on the autonomy-stack side, with Helsing on the European AI-defense reference. Swarm coordination across air, land, sea, space is a multi-decade DARPA-class thesis. b2venture lead reads as German Mittelstand-aligned deeptech. Sub-$25M tail by an order of magnitude. Binary: any operational NATO or disaster-response pilot before incumbents bundle equivalent C3 natively.",https://tech.eu/2025/09/11/hive-robotics-secures-eur2m-to-democratize-robot-collaboration-across-air-land-sea-and-space/
apex,Apex,"Manufactures productized satellite buses (Aries 100 kg class, Nova 200 kg class, Comet) for commercial and government customers. Targets cycle-time and cost reductions through standardized, mass-produced platforms rather than custom satellite designs.",Space,Satellite Communications,Deployment & Operation,Medium,US_DPA_Title_III,Series D,venture,200,1000,2025-09-12,12-Sep-25,Sep-25,3Q25,2025,"USA (Los Angeles, CA)",Interlagos,"Andreessen Horowitz, Point72 Ventures, 8VC",,"$200M Series D at $1.0B post — Apex becomes a satellite-bus unicorn in three years, productizing buses against Lockheed Martin (LMT), Northrop (NOC), and Maxar on incumbents, plus Rocket Lab (RKLB) on vertically integrated smallsat. Interlagos lead with Andreessen Horowitz, Point72, and 8VC reads as crossover-plus-defense-tech alignment. 50% capacity expansion targets the SDA constellation procurement window. Binary: hitting unit-volume targets before SDA closes to a smaller vendor set.",https://spacenews.com/apex-reaches-billion-dollar-valuation-with-series-d-funding-round/
figure-ai,Figure AI,"Builds general-purpose humanoid robots for commercial and industrial work. Develops both the hardware platform and AI models in-house, with a collaboration agreement with OpenAI for frontier model integration.",Robotics,Humanoid & Service Robots,System Integration,Medium,None,Series C,venture,1000,39000,2025-09-16,16-Sep-25,Sep-25,3Q25,2025,"USA (San Jose, CA)",Parkway Venture Capital,"Brookfield, NVentures (NVIDIA), Macquarie, Intel Capital, LG Tech Ventures, Salesforce, T-Mobile, Qualcomm",,"$1.0B Series C at $39.0B post — Figure is now the highest-valued Western humanoid by ~3x, against Apptronik (~$1.5B post), 1X, Agility, and Tesla (TSLA) Optimus. 15x valuation step in 18 months prices Figure as the pure-play AI-humanoid winner. Parkway leading with Brookfield, NVentures (NVDA), Macquarie, Intel Capital, LG, Salesforce, and Qualcomm reads as strategic-customer-and-infrastructure consortium. OpenAI model collaboration is the differentiator. Binary: BotQ scale plus commercial deployments must deliver to hold the $39B multiple.",https://www.figure.ai/news/series-c
groq,Groq,"Designs the Language Processing Unit (LPU), a custom inference accelerator optimized for large language models, and operates GroqCloud as a hosted inference service. Targets developers and enterprises looking for faster, lower-cost inference than GPU-based stacks.",Semiconductors,Fabless Design,System Integration,High,US_CHIPS_Act,Series E,venture,750,6900,2025-09-17,17-Sep-25,Sep-25,3Q25,2025,"USA (San Jose, CA)",Disruptive,"BlackRock, Neuberger Berman, DTCP, Samsung, Cisco, D1, Altimeter Capital, 1789 Capital, Infinitum",,"$750M Series E at $6.9B post (oversubscribed against $600M target) — Groq is the LPU-inference bet against NVIDIA (NVDA), Cerebras (IPO filed), SambaNova, and AMD (AMD) on the accelerator stack. 2M+ developers on GroqCloud is the cleanest non-GPU commercial-traction datapoint. Disruptive leading with BlackRock, Samsung, Cisco, and Altimeter reads as IPO-prep crossover capital. Binary: GroqCloud revenue scaling against NVIDIA Blackwell's inference roadmap and Cerebras's parallel IPO trajectory.",https://groq.com/newsroom/groq-raises-750-million-as-inference-demand-surges
geespace,GeeSpace,"Geely-backed Chinese satellite operator building an LEO constellation for IoT and connectivity services, with a planned 6,012-satellite target. The first 72 satellites of Phase 1 are in orbit. State-backed Chinese alternative to Iridium and Globalstar IoT networks.",Space,Satellite Communications,Deployment & Operation,Pre-commercial,China_Made_In_China_2025;US_Export_Controls_China,Undisclosed,venture,281,,2025-09-19,19-Sep-25,Sep-25,3Q25,2025,China (Hangzhou),"Zhejiang Financial Holdings, Hangzhou SOE Capital",Zhejiang NEV Industry Fund,SATS,"$281M undisclosed round from Zhejiang state capital — GeeSpace is the Geely-backed Chinese IoT-satellite bet against Iridium (IRDM), Globalstar (GSAT), and ORBCOMM on the Western IoT-satcom stack, with AST SpaceMobile (ASTS) on broader connectivity. 6,012-satellite target with 72 in orbit puts GeeSpace second to Starlink in Chinese constellation ambition. Zhejiang Financial Holdings reads as municipal-state alignment, not commercial venture. Binary: Phase 1 cadence and international IoT customer signing.",https://spacenews.com/geespace-secures-281-million-for-iot-constellation-and-global-hq/
morse-micro,Morse Micro,"Australian fabless designer of Wi-Fi HaLow silicon for long-range, low-power IoT applications. Sells chips for smart-home, agriculture, and industrial IoT use cases requiring sub-GHz Wi-Fi.",Semiconductors,Fabless Design,IP & Design,Medium,None,Series C,venture,59,350,2025-09-22,22-Sep-25,Sep-25,3Q25,2025,Australia (Sydney),MegaChips,"National Reconstruction Fund Corp (AU), Blackbird, Main Sequence, Uniseed",,"$59M Series C at $350M post — Morse Micro is the Wi-Fi HaLow fabless bet for long-range, low-power IoT, against Espressif (688018 CH), Silicon Labs (SLAB), and Nordic Semiconductor (NOD NO) on the broader low-power-connectivity stack. MegaChips (6875 JP) lead reads as Australian-Japanese strategic alignment. Sub-GHz Wi-Fi HaLow is a structurally distinct standard. Binary: tier-1 design-wins before Espressif or SLAB bundle HaLow into existing low-power Wi-Fi roadmaps.",https://www.morsemicro.com/2025/09/23/morse-micro-secures-88-million-aud-series-c-funding/
empower-semiconductor,Empower Semiconductor,Designs integrated voltage regulators (FinFast IVRs) for power delivery to AI processors and high-performance SoCs. Targets data center customers looking to reduce energy footprint and total cost of ownership at the rack level.,Semiconductors,Power & Analog,IP & Design,Medium,US_CHIPS_Act,Series D,venture,140,,2025-09-22,22-Sep-25,Sep-25,3Q25,2025,USA (Silicon Valley),Fidelity Management & Research,"Maverick Silicon, CapitalG, Atreides Management, Socratic Partners, Walden Catalyst Ventures, Knollwood, ADIA",,"$140M Series D — Empower's FinFast IVR targets the AI-processor power-delivery layer where Monolithic Power (MPWR), Texas Instruments (TXN), Infineon (IFX DE), and Vicor (VICR) sell conventional IVRs. AI-accelerator power density is the structural driver. Fidelity lead with CapitalG, Maverick Silicon, and Atreides reads as growth-stage crossover. Binary: a single hyperscaler-class GPU or ASIC adopting FinFast as rack-level IVR before MPWR rolls equivalent density into its incumbent stack.",https://siliconangle.com/2025/09/22/empower-semiconductor-raises-140m-power-management-chips/
galactic-energy,Galactic Energy,"Chinese commercial launch company operating the Ceres-1 small solid-propellant rocket and developing the Pallas-1 reusable medium-lift methalox vehicle. Competes with iSpace, LandSpace, and Space Pioneer for state-backed commercial launch market share.",Space,Launch,Deployment & Operation,Medium,China_Made_In_China_2025;US_Export_Controls_China,Series D,venture,336,,2025-09-28,28-Sep-25,Sep-25,3Q25,2025,China (Beijing),,,,"$336M Series D — largest Chinese private space round of 2025, with IPO guidance filed October. Galactic Energy is the Ceres-1 solid plus Pallas-1/2 reusable methalox bet, against LandSpace, iSpace, Space Pioneer, and Orienspace on the Chinese launch cohort, with Rocket Lab (RKLB) and SpaceX on the Western reference. Pallas-1 reusable methalox is the technical differentiator versus solid-only Chinese peers. Binary: Pallas-1 first flight before IPO window closes.",https://aviationweek.com/space/commercial-space/chinese-launch-startup-galactic-energy-raises-336-million
cerebras-systems,Cerebras Systems,"Designs wafer-scale AI processors and the systems that ship around them, including the CS-3 supercomputer and on-premises and cloud inference offerings. The wafer-scale approach packages an entire silicon wafer into a single chip with 900,000+ cores, targeting large-model training and inference workloads.",Semiconductors,Fabless Design,System Integration,High,US_CHIPS_Act,Series G,venture,1100,8100,2025-09-30,30-Sep-25,Sep-25,3Q25,2025,"USA (Sunnyvale, CA)","Fidelity Management & Research, Atreides Management","Tiger Global Management, Valor Equity Partners, 1789 Capital, Altimeter Capital, Alpha Wave, Benchmark",,"$1.1B Series G at $8.1B post (oversubscribed; IPO filed but delayed on CFIUS review) — Cerebras is the wafer-scale AI bet against NVIDIA (NVDA), Groq, SambaNova, and AMD (AMD) on the inference/training stack. Revenue scaling from $6M to $70M in one year is the strongest commercial-growth datapoint in the non-GPU cohort. Fidelity + Atreides leading with Tiger Global, Valor, and Altimeter reads as IPO-prep crossover capital. Binary: IPO clearance plus revenue durability against Blackwell-driven inference price compression.",https://techcrunch.com/2025/09/30/a-year-after-filing-to-ipo-still-private-cerebras-systems-raises-1-1b/
commcrete,Commcrete,"Israeli developer of satellite communications modem technology for direct-to-device connectivity, particularly compact tactical satcom systems for defense and tactical use.",Space,Satellite Communications,Deployment & Operation,Pre-commercial,None,Series A,venture,21,,2025-09-30,30-Sep-25,Sep-25,3Q25,2025,Israel,Undisclosed,,,"$21M Series A undisclosed lead — Commcrete is the Israeli compact-tactical satcom modem bet for direct-to-device connectivity, adjacent to Iridium (IRDM) and Globalstar (GSAT) on LEO IoT and Viasat (VSAT) on conventional satcom. D2D is the converging segment where Apple (AAPL), Qualcomm (QCOM), and AST SpaceMobile (ASTS) are racing for handset integration. Sub-$25M tail. Binary: defense-procurement validating the tactical-satcom niche before commercial D2D competitors scale.",https://www.armadainternational.com/2025/10/commcrete-raises-21m-series-a-to-scale-its-ultra-compact-tactical-satcom-systems-driven-by-growing-demand/
quilter,Quilter,"Builds physics-driven AI software for fully autonomous printed circuit board (PCB) design, automating component placement, routing, and verification. Customers include Fortune 500 aerospace, defense, and consumer electronics companies.",Semiconductors,EDA & IP,IP & Design,Medium,US_CHIPS_Act,Series B,venture,25,,2025-10-07,07-Oct-25,Oct-25,4Q25,2025,USA,Index Ventures,"Benchmark, Coatue, Root Ventures, Lip-Bu Tan",,"$25M Series B — Quilter is the autonomous PCB-design bet against Cadence (CDNS), Synopsys (SNPS), and Altium (now part of Renesas, 6723 JP) on the incumbent PCB-EDA stack, plus Cognichip on the physics-AI-EDA adjacency. Index Ventures leading with Benchmark, Coatue, and Lip-Bu Tan (former Cadence CEO) angel reads as deeptech conviction with insider validation. Fortune 500 aerospace, defense, consumer-electronics customers is the commercial datapoint. Binary: RL-driven placement at scale before CDNS/SNPS bundle equivalent AI.",https://www.quilter.ai/blog/series-b
cyberwave,Cyberwave,Italian developer of a digital twin marketplace that enables plug-and-play AI for robotic cells in manufacturing and logistics. Targets smaller integrators alongside Siemens Xcelerator and Rockwell Plex.,Robotics,Software & Simulation,Software & Services,Pre-commercial,None,Seed,venture,7.7,,2025-10-08,08-Oct-25,Oct-25,4Q25,2025,Italy (Milan),United Ventures,"The TechShop, Vento (Exor), Pi Campus","ROK, SIE GR, 6954 JP","$7.7M seed — Cyberwave is the Italian digital-twin marketplace bet for plug-and-play robotic-cell AI, against Siemens (SIE GR) Xcelerator and Rockwell (ROK) Plex on factory-digitalization incumbents, with FANUC (6954 JP) and ABB (ABB) on industrial-robot OEM channels. Smaller-integrator focus is the wedge versus enterprise-first incumbents. United Ventures + Pi Campus leading with Vento (Exor) reads as Italian deeptech alignment. Sub-$25M tail. Binary: SMB-integrator traction before Siemens captures the long tail.",https://www.eu-startups.com/2025/10/milan-based-cyberwave-secures-e7-million-to-simplify-ai-driven-automation
stoke-space,Stoke Space,"Develops Nova, a fully reusable two-stage medium-lift rocket. Both stages are designed to return and land for refurbishment. Targets US national security launch contracts (NSSL Phase 3 Lane 1) alongside commercial customers.",Space,Launch,Deployment & Operation,High,US_DPA_Title_III,Series D,venture,510.0,,2025-10-08,08-Oct-25,Oct-25,4Q25,2025,"USA (Kent, WA)",US Innovative Technology Fund,"776, Breakthrough Energy, Glade Brook Capital, Industrious Ventures, NFX, Sparta Group, Toyota Ventures, Woven Capital, SVB",RKLB,"$510M Series D — Stoke is the fully-reusable two-stage medium-lift bet against Rocket Lab (RKLB) Neutron and SpaceX Falcon 9 on the active competitive stack, plus Relativity Space and Blue Origin on the broader new-launch cohort. Both stages designed to return is the structural differentiation versus partial-reuse incumbents. US Innovative Technology Fund lead with Breakthrough Energy and Toyota Ventures reads as government-aligned launch-sovereignty capital. Binary: first Nova flight test before NSSL Lane 1 award cycle closes.",https://spacenews.com/stoke-space-raises-510-million/
havocai,HavocAI,Builds autonomous surface vessels across four size classes from 14 to 100 feet for US Navy and DoD missions. Backed by In-Q-Tel; competes with L3Harris and Textron in unmanned maritime systems.,Robotics,Autonomous Systems & Drones,System Integration,Pre-commercial,US_DPA_Title_III,Undisclosed,venture,85.0,,2025-10-10,10-Oct-25,Oct-25,4Q25,2025,USA,"In-Q-Tel, B Capital","Lockheed Martin, Hanwha, Taiwania, Vanderbilt University, UP Partners","LHX, TXT","$85M undisclosed-stage round — HavocAI is the ASV bet across four size classes (14-100 ft) for US Navy MUSV, against L3Harris (LHX) and Textron (TXT) on incumbent unmanned-maritime, plus Saronic, Blue Water Autonomy, and Anduril Dive-LD on the new-defense-prime cohort. In-Q-Tel + B Capital leading with Lockheed Martin (LMT) and Hanwha reads as IC-and-prime-aligned capital. Binary: MUSV program-of-record contract before Saronic or incumbents consolidate the procurement category.",https://fortune.com/2025/10/09/havocai-85-million-autonomous-vessels-funding/
revolute-robotics,Revolute Robotics,Develops 3D vision systems for robotic welding and manufacturing inspection. Competes with Cognex and Keyence in machine vision.,Robotics,Machine Vision & Sensors,Components & Subsystems,Pre-commercial,US_DPA_Title_III,Seed,venture,1.9,,2025-10-10,10-Oct-25,Oct-25,4Q25,2025,"USA (Scottsdale, AZ)","ANIMO Ventures, Ascend",MassRobotics Accelerator ($100K),"CGNX, 6861 JP","$1.9M seed — Revolute is the 3D-vision-for-welding niche against Cognex (CGNX) and Keyence (6861 JP) on the machine-vision incumbent stack, plus FANUC (6954 JP) and Yaskawa (6506 JP) on welding-robot OEM channels. ANIMO + Ascend dual lead with MassRobotics Accelerator reads as defense-adjacent regional capital. Sub-$25M tail by an order of magnitude. Binary: integration partnership with a welding-robot OEM before CGNX or 6861 JP add equivalent 3D-welding software natively.",https://www.therobotreport.com/revolute-robotics-brings-in-1-9m-deploy-driving-flying-robots/
magics-technologies,MAGICS Technologies,"Belgian designer of ultra-low-power RISC-V processors with integrated MRAM for edge AI inference. Competes with Ambiq, Syntiant, and Renesas in the edge MCU space.",Semiconductors,Fabless Design,IP & Design,Pre-commercial,EU_Chips_Act,Series A,venture,4.65,,2025-10-13,13-Oct-25,Oct-25,4Q25,2025,Belgium (Leuven),PMV,"SC One, KU Leuven R&D, Gemma Frisius Fund, Invest for Jobs, SCK CEN",ARM,"€4.65M Series A — MAGICS is the Belgian ultra-low-power RISC-V plus MRAM bet for edge AI inference, against ARM (ARM) on the licensed-architecture incumbent, Renesas (6723 JP) and STMicroelectronics (STM) on edge MCU incumbents, plus Ambiq and Syntiant on the AI-MCU specialist cohort. PMV lead with KU Leuven R&D reads as Flemish-IMEC ecosystem capital. Sub-$25M tail. Binary: tier-1 wearable or IoT-endpoint design-win before ARM extends MCU IP into native MRAM integration.",https://www.magics.tech/news/magics-capital-round
caracol,Caracol,"Italian large-format additive manufacturing company using robotic arms with proprietary extrusion to 3D-print industrial components in metal and composite. Targets aerospace, energy, and automotive customers as an alternative to CNC and casting.",Robotics,Industrial Robots,System Integration,Medium,None,Series B,venture,40.0,,2025-10-14,14-Oct-25,Oct-25,4Q25,2025,Italy (Milan),"Omnes Capital, Move Capital Fund I","CDP Venture Capital, Primo Capital SGR, Eureka! Venture SGR, Neva SGR",,"€40M Series B — Caracol is the Italian large-format additive-manufacturing bet using robotic arms with proprietary extrusion, against Relativity Space on the rocket-scale LFAM side, Stratasys (SSYS) and 3D Systems (DDD) on industrial 3D-printing, plus traditional CNC incumbents on subtractive. Omnes Capital + Move Capital lead reads as European infrastructure-deeptech alignment. Aerospace, energy, automotive are the verticals. Binary: aerospace qualification at Airbus (AIR FP) or Leonardo (LDO IM).",https://www.caracol-am.com/press-and-media/press-release/caracol-raises-40m-series-b-to-accelerate-global-scale-up-of-advanced-manufacturing-technologies
dexory,Dexory,"Builds shelf-scanning autonomous robots that map warehouse inventory in real time and reconcile against the WMS, producing a continuously updated digital twin of stock locations. Sells to logistics operators and 3PLs.",Robotics,Warehouse & Logistics,System Integration,Medium,None,Series C,venture,165.0,,2025-10-14,14-Oct-25,Oct-25,4Q25,2025,United Kingdom (London),Eurazeo (Growth),"LTS Growth, Endeavor Catalyst, DTCP, Atomico, Lakestar, Elaia, Latitude Ventures, Wave-X; Bootstrap Europe ($65M debt)",SYM,"$165M Series C — Dexory is the autonomous warehouse-inventory-tracking bet using shelf-scanning robots with real-time digital twin, against Symbotic (SYM) and Zebra Technologies (ZBRA) on warehouse-intelligence incumbents, plus Locus Robotics and Geek+ (2432 HK) on adjacent AMR-warehouse competition. Eurazeo Growth lead with Atomico, Lakestar, and DTCP plus $65M Bootstrap Europe debt is one of Europe's largest logistics-robotics rounds of 2025. Binary: US-market entry plus WMS integration before SYM consolidates the digital-twin layer.",https://sifted.eu/articles/ai-robotics-startup-dexory-raises-165m
lila-sciences,Lila Sciences,"Builds an AI-driven scientific discovery platform combining foundation models with automated laboratory experimentation for materials, chemistry, and biology research. Targets pharma and industrial R&D customers wanting closed-loop AI + lab automation.",Robotics,Software & Simulation,Software & Services,Pre-commercial,None,Series A (extension),venture,115.0,1300.0,2025-10-14,14-Oct-25,Oct-25,4Q25,2025,"USA (Cambridge, MA)",NVentures (NVIDIA),"Dauntless Ventures, Catalio Capital, Pennant Investors, IQT, Analog Devices",NVDA,"$115M Series A extension at $1.3B post — Lila is the closed-loop AI-plus-lab-automation bet against Recursion (RXRX), Schrodinger (SDGR), and Insitro on the AI-for-drug-discovery stack, plus Bruker (BRKR) and Thermo Fisher (TMO) on the lab-automation incumbent side. NVentures (NVDA) leading the extension is the structural signal — NVIDIA is anchoring bio/chem compute customer alignment. Catalio, Pennant, IQT, Analog Devices co-investing reads as multi-strategic stack. Binary: pharma partnership plus GPU-cluster integration before Series B.",https://www.hpcwire.com/off-the-wire/lila-sciences-closes-350m-series-a-with-support-from-nvidias-nventures/
vertical-semiconductor,Vertical Semiconductor,Designs vertical power semiconductor architectures for next-generation power conversion. Competes with Wolfspeed in SiC and onsemi in power management; targets EV and industrial power applications.,Semiconductors,Power & Analog,IP & Design,Pre-commercial,US_CHIPS_Act,Seed,venture,11.0,,2025-10-15,15-Oct-25,Oct-25,4Q25,2025,"USA (Boston, MA)",Playground Global,"JIMCO Technology Ventures, Milemark Capital, Shin-Etsu Chemical","WOLF, ON","$11M seed — Vertical Semiconductor is the novel-vertical-transistor bet against Wolfspeed (WOLF) on SiC and onsemi (ON) on power-management incumbents, plus Navitas (NVTS) and Infineon (IFX DE) on the broader compound-semi power stack. Playground Global lead with Shin-Etsu Chemical strategic backing reads as material-supply-chain alignment. Vertical architecture targets EV and industrial power conversion. Sub-$25M tail. Binary: first-silicon tapeout plus automotive qualification path before WOLF and ON roll equivalent structures into native roadmaps.",https://www.semiconductor-today.com/news_items/2025/oct/vertical-semiconductor-161025.shtml
starship-technologies,Starship Technologies,"Operates a fleet of autonomous six-wheeled sidewalk delivery robots in US and European cities, mainly serving college campuses and grocery delivery. Founded by Skype co-founders Ahti Heinla and Janus Friis.",Robotics,Warehouse & Logistics,System Integration,Medium,None,Series C,venture,50.0,,2025-10-15,15-Oct-25,Oct-25,4Q25,2025,Estonia (Tallinn),Plural,"Karma.vc, Latitude, Coefficient Capital, SmartCap, Skaala","AMZN, SERV","$50M Series C — Starship is the autonomous sidewalk-delivery bet against Serve Robotics (SERV) on the public-tape side and Coco Robotics, with Amazon (AMZN) Scout discontinued in 2022. Multi-city US and European deployment plus Skype-founder pedigree is the structural moat against single-city challengers. Plural lead with Karma.vc, Latitude, and Coefficient reads as growth-stage venture without crossover signal. Binary: regulatory cadence in new cities plus unit-economics inflection on campus and grocery routes.",https://www.businesswire.com/news/home/20251015387447/en/Starship-Technologies-Raises-$50M-Series-C
redwood-materials,Redwood Materials,"Recycles end-of-life lithium-ion batteries and manufactures battery materials, including anode copper foil and cathode active materials, from the recovered metals. Operating plants in Nevada and South Carolina supply both EV battery makers and grid storage customers, positioned as a domestic alternative to Chinese cathode/anode supply chains.",Materials,Battery Materials,Upstream Materials,High,US_Critical_Minerals_List;US_DOE_LPO_Eligible,Series E,venture,350,,2025-10-23,23-Oct-25,Oct-25,4Q25,2025,"USA (Carson City, NV)",Eclipse Ventures,,,"$350M Series E at $6B — Redwood is the closed-loop battery-recycling-plus-cathode/anode bet against Li-Cycle (LICY) and Ascend Elements on recycling, plus POSCO Future M (003670 KS) and Sumitomo Metal Mining (5713 JP) on materials supply. Ex-Tesla CTO JB Straubel pedigree plus Nevada and South Carolina plants make Redwood the domestic anti-China cathode/anode bet. Eclipse Ventures lead reads as deeptech conviction. AI-data-center grid-storage is the new tailwind. Binary: hitting Nevada and SC production targets before LICY recovers operational footing.",https://www.redwoodmaterials.com/news/redwood-announces-350-million-series-e-funding/
substrate,Substrate,"Develops novel semiconductor manufacturing equipment for next-generation chip architectures. Competes with ASML, Applied Materials, and Lam Research in fab tools.",Semiconductors,Equipment,Capital Equipment,Pre-commercial,US_CHIPS_Act,Series A,venture,100.0,1000.0,2025-10-28,28-Oct-25,Oct-25,4Q25,2025,"USA (San Francisco, CA)","Founders Fund, General Catalyst","Allen & Company, Long Journey Ventures, Valor Equity Partners, In-Q-Tel","ASML, AMAT, LRCX","$100M Series A at $1.0B post — Substrate is the novel semiconductor manufacturing-equipment bet against ASML (ASML), Applied Materials (AMAT), Lam Research (LRCX), and KLA (KLAC) on the fab-tools incumbent stack, plus Tokyo Electron (8035 JP). Equipment-stage unicorn at Series A signals deeptech conviction. Founders Fund + General Catalyst co-leading with Valor and In-Q-Tel reads as defense-and-frontier-capital alignment. Binary: first-tool installation at a leading-edge foundry before incumbents extend roadmaps.",https://siliconangle.com/2025/10/28/substrate-raises-100m-impossible-reinvent-chipmaking-industry/
endurosat,EnduroSat,"Bulgarian satellite platform provider offering modular smallsat buses, in-orbit services, and turnkey mission delivery. Competes with York Space Systems and other commercial smallsat manufacturers.",Space,Satellite Communications,Deployment & Operation,Medium,None,Series B,venture,104.0,,2025-10-30,30-Oct-25,Oct-25,4Q25,2025,Bulgaria (Sofia),"Riot Ventures, Google Ventures, Lux Capital","European Innovation Council Fund, Shrug Capital",,"$104M Series B — EnduroSat is the Bulgarian modular smallsat-bus bet against York Space Systems, Terran Orbital (now part of Lockheed Martin, LMT), and Apex on the bus-productization side, plus Rocket Lab (RKLB) on the vertically integrated smallsat reference. Riot + Google Ventures + Lux Capital co-leading is one of the most concentrated international-deeptech syndicates for Bulgarian tech. Modular plus in-orbit services is the differentiator. Binary: ESA or commercial constellation contract converting before Apex and Terran/Lockheed lock the western market.",https://spacenews.com/endurosat-raises-104-million-to-scale-production-of-larger-small-satellites/
catalyx-space,Catalyx Space,Indian space situational awareness startup providing orbital debris tracking and space sustainability services. Competes with LeoLabs and ExoAnalytic in SSA.,Space,In-Orbit Services,Deployment & Operation,Pre-commercial,None,Seed,venture,5.4,,2025-10-30,30-Oct-25,Oct-25,4Q25,2025,India (Ahmedabad),Outlander VC,"Arka Venture Labs, Together Fund, Higher Life Ventures, Nivesha Ventures, HF0 Residency, Techstars",,"$5.4M seed — Catalyx is the Indian space-situational-awareness bet against LeoLabs, ExoAnalytic Solutions, and Slingshot Aerospace on the SSA-incumbent stack, with Kratos (KTOS) on broader space-domain-awareness primes. Outlander VC + Arka Venture Labs leading reads as US-India deeptech bridge capital. Sub-$25M tail by an order of magnitude. Binary: ISRO or DoD SSA-contract conversion plus international expansion before LeoLabs consolidates commercial SSA globally.",https://www.businesswire.com/news/home/20251030644759/en/Catalyx-Space-Secures-$5.4-Million-Seed-Round
constellr,constellr,"German thermal-infrared earth observation startup operating satellites that measure land-surface temperature for agriculture, water-stress monitoring, and infrastructure. Selected as a contractor on the EU Copernicus thermal-imaging mission.",Space,Earth Observation,Deployment & Operation,Pre-commercial,None,Series A,venture,44,,2026-02-10,10-Feb-26,Feb-26,1Q26,2026,Germany,"Alpine Space Ventures, Lakestar",,,"EU Copernicus contractor status is the structural moat — being inside the European institutional EO program creates recurring sovereign demand that purely commercial thermal-IR operators lack. Comp set: SatVu (UK) on thermal-IR video, Hydrosat (US) on water-stress applications, OroraTech on wildfire-focused thermal, Planet (PL) and BlackSky (BKSY) as the broad listed EO peers. Defense-grade thermal positioning is the new pitch — pivot from agriculture-led TAM towards dual-use revenue is the bet.",https://www.constellr.com/article/constellr-secures-eu37-million-series-a-funding-to-deliver-defence-grade-thermal-intelligence
mimic-robotics,mimic robotics,Swiss developer of humanoid manipulation platforms using imitation learning to teach robotic arms dexterous tasks. Competes with Physical Intelligence and Covariant in learned manipulation.,Robotics,Motion Control & Actuators,Components & Subsystems,Pre-commercial,None,Seed,venture,16.0,,2025-11-03,03-Nov-25,Nov-25,4Q25,2025,Switzerland (Zurich),"Elaia, Speedinvest","Founderful, 1st Kind, 10x Founders, 2100 Ventures, Sequoia Scout Fund",,"$16M seed — mimic robotics is the Swiss imitation-learning manipulation bet against Physical Intelligence, Covariant, and Skild AI on the learned-manipulation foundation-model side, with NVIDIA (NVDA) Isaac and ABB (ABB) on industrial-robot incumbents. Elaia + Speedinvest co-leading with Founderful and Sequoia Scout Fund reads as European deeptech alignment. Sub-$25M tail. Binary: first commercial manufacturing deployment before Physical Intelligence's pi-0 consolidates imitation-learning manipulation.",https://www.globenewswire.com/news-release/2025/11/03/3179052/0/en/mimic-robotics-raises-16-million.html
infravision,Infravision,Develops aerial and ground robots for inspecting industrial infrastructure including power lines and pipelines. Sells to utilities and oil and gas operators for autonomous monitoring of distributed assets.,Robotics,Autonomous Systems & Drones,System Integration,Medium,US_DPA_Title_III,Series B,venture,91.0,,2025-11-03,03-Nov-25,Nov-25,4Q25,2025,"USA (Austin, TX)",GIC,"Activate Capital, Hitachi Ventures, Energy Impact Partners",,"$91M Series B from GIC — Infravision is the AI infrastructure-inspection bet using aerial and ground robots for utilities and pipelines, against Skydio and Percepto on drone-based inspection, plus Gecko Robotics on the broader industrial-inspection robotics side. GIC (Singapore sovereign) lead with Hitachi Ventures, Activate Capital, and Energy Impact Partners reads as institutional-and-strategic capital aligned with utility customer pull-through. Binary: oil & gas plus utility enterprise contracts converting before Skydio captures the same channel.",https://www.businesswire.com/news/home/20251103251689/en/Infravision-Raises-$91-Million-Series-B
reflex-aerospace,Reflex Aerospace,German smallsat manufacturer building standardized satellite buses for constellation operators. Competes with Airbus OneWeb Satellites and York Space Systems on serial production of medium-class satellites.,Space,Satellite Communications,Deployment & Operation,Pre-commercial,None,Series A,venture,55.0,,2025-11-04,04-Nov-25,Nov-25,4Q25,2025,Germany (Berlin),Human Element,"Alpine Space Ventures, Bayern Kapital, HTGF, Renovatio Financial Investments",,"€55M Series A — Reflex is the German standardized-smallsat-bus bet against Airbus (AIR FP) OneWeb Satellites and York Space Systems on serial-production buses, plus Apex, EnduroSat, and Rocket Lab (RKLB) on the broader bus-productization cohort. Human Element lead with Alpine Space Ventures, Bayern Kapital, and HTGF reads as German aerospace deeptech alignment. Binary: first satellite delivery plus constellation-operator commitment before Apex and EnduroSat lock the medium-class serial-production category.",https://spacenews.com/reflex-aerospace-raises-50-million-euros/
sunflower-labs,Sunflower Labs,Builds an autonomous drone-based home security system — a tethered drone that launches from a base station to investigate alarms and patrol property. Targets consumer and small-business security customers.,Robotics,Autonomous Systems & Drones,System Integration,Medium,US_DPA_Title_III,Series B,venture,16.0,,2025-11-04,04-Nov-25,Nov-25,4Q25,2025,"USA (San Francisco, CA)",Sequoia Capital,"Alarm.com, Drone Fund, Gentian Investments, Wakestream Ventures",AMZN,"$16M Series B — Sunflower Labs is the autonomous-drone-home-security bet against Ring (Amazon, AMZN), ADT (ADT), and Allegion (ALLE) on traditional patrol-stack incumbents, plus Skydio on the prosumer drone-autonomy adjacency. Tethered launch-from-base-station architecture differentiates from handheld drone surveillance. Sequoia lead with Alarm.com and Drone Fund reads as consumer-security category capital. Sub-$25M tail. Binary: insurance-partnership integration plus geographic expansion validating consumer aerial security.",https://www.auvsi.org/news/sunflower-labs-receives-nationwide-faa-approval-launches-property-configuration-tool-and-closes-16m-series-b/
farcast,Farcast,"Develops ground segment software for satellite communication networks, integrated with Telesat's Lightspeed LEO constellation. Competes with Kratos in ground systems.",Space,Ground Systems & Antennas,Components & Subsystems,Pre-commercial,US_DPA_Title_III,Undisclosed,venture,5.0,,2025-11-04,04-Nov-25,Nov-25,4Q25,2025,"USA (San Francisco, CA)",Telesat (strategic),,KTOS,"$5M strategic round from Telesat — Farcast is the ground-segment-software bet against Kratos (KTOS) on the incumbent ground-systems prime, plus AWS Ground Station and Viasat (VSAT) Real-Time Earth on hyperscaler GSaaS. Telesat-strategic capital rather than venture growth signals direct integration with the Lightspeed LEO constellation buildout. Sub-$25M tail. Binary: Lightspeed integration converting Farcast into Telesat's de facto ground-software layer before AWS Ground Station extends to multi-operator.",https://www.telesat.com/press/press-releases/telesat-invests-us5-million-in-farcast-to-develop-fully-integrated-user-terminals-for-telesat-lightspeed-satellite-network/
neros,Neros,Builds NDAA-compliant FPV combat drones for the US Army and allied militaries. Operates a Los Angeles factory producing kamikaze and reconnaissance drones at scale; sells primarily into the defense channel.,Robotics,Autonomous Systems & Drones,System Integration,Medium,None,Series B,venture,75.0,,2025-11-07,07-Nov-25,Nov-25,4Q25,2025,"USA (Los Angeles, CA)",Sequoia Capital,"Vy Capital, Interlagos",NVDA,"$75M Series B — Neros is the NDAA-compliant FPV combat-drone bet for the US Army and allied militaries, with a Los Angeles factory producing kamikaze and reconnaissance drones at scale against Skydio, AeroVironment (AVAV) Switchblade, and Anduril on the attritable-drone stack. Sequoia lead with Vy Capital and Interlagos reads as defense-tech crossover capital. NDAA compliance plus US-domestic manufacturing is the moat versus Chinese competitors. Binary: LA factory output against US Army FPV procurement before Switchblade-class incumbents reset pricing.",https://www.businesswire.com/news/home/20251107969770/en/Neros-Closes-$75M-Series-B
foxglove,Foxglove,"Open-source robotics data infrastructure platform for visualizing, recording, and debugging robot sensor data. Sells enterprise plans to robotics OEMs and fleet operators on top of an open-source core.",Robotics,Software & Simulation,Software & Services,Medium,None,Series B,venture,40.0,,2025-11-12,12-Nov-25,Nov-25,4Q25,2025,"USA (San Francisco, CA)",Bessemer Venture Partners,"Eclipse Ventures, Amplify Partners, Tobi Lutke, Alex Kendall, Brad Porter, Boris Sofman",ROBOT,"$40M Series B — Foxglove is the open-source robotics-data-infrastructure bet for visualizing and debugging sensor logs, against ROS Bag tooling on the OSS side and proprietary players like AWS RoboMaker and NVIDIA (NVDA) Isaac on enterprise stacks. Bessemer lead with Eclipse, Tobi Lutke, and Brad Porter reads as crossover developer-tools capital with operator endorsement. Sub-$25M-adjacent. Binary: enterprise-plan ACV from robotics OEMs converting before ROS-native tooling catches up.",https://www.businesswire.com/news/home/20251112126106/en/Foxglove-Raises-$40-Million-Series-B
forterra,Forterra,Develops the AutoDrive autonomous ground vehicle stack for military logistics and combat support vehicles. Sells autonomy kits and retrofits to the US Army and allied ground forces.,Robotics,Autonomous Systems & Drones,System Integration,Medium,US_DPA_Title_III,Series C,venture,238.0,1000.0,2025-11-12,12-Nov-25,Nov-25,4Q25,2025,"USA (Reston, VA)",Moore Strategic Ventures,"Salesforce Ventures, Franklin Templeton, Balyasny, 645 Ventures, Hanwha AM, XYZ Venture Capital, Hedosophia, Enlightenment Capital","AVAV, KTOS","$238M Series C at $1.0B post — Forterra is the autonomous-ground-vehicle bet for military logistics, against AeroVironment (AVAV), Kratos (KTOS), and Oshkosh (OSK) on incumbent military-truck primes, plus Anduril and Shield AI on the autonomy-stack cohort. AutoDrive autonomy kit retrofits existing platforms. Moore Strategic Ventures leading with Salesforce, Franklin Templeton, and Hanwha AM reads as defense-aligned crossover capital. Binary: US Army program-of-record before Anduril or OEM-native consolidates ground-vehicle autonomy.",https://www.globenewswire.com/news-release/2025/11/12/3186114/0/en/Forterra-Closes-238-Million-Series-C-Cementing-Leadership-in-Autonomy-and-Interoperable-Systems.html
fabric8labs,Fabric8Labs,"Develops electrochemical 3D printing of metal structures for advanced semiconductor packaging and electronics components. Intel Capital is a strategic investor; competes with traditional OSAT players (ASE, Amkor) at the packaging-metallization step.",Semiconductors,OSAT / Packaging & Test,Fabrication & Manufacturing,Medium,US_CHIPS_Act,Series B,venture,50.0,,2025-11-13,13-Nov-25,Nov-25,4Q25,2025,"USA (San Diego, CA)","NEA, Intel Capital","Lam Capital, TDK Ventures, SE Ventures, SK Hynix, Ericsson Ventures, Masco Ventures, Toppan",INTC,"$50M Series B — Fabric8Labs is the electrochemical 3D-printing-for-packaging bet, slotting at the metallization step ahead of ASE (3711 TT) and Amkor (AMKR) on traditional OSAT, with Intel (INTC) Foundry and SK hynix as packaging-stack pull. NEA + Intel Capital co-lead with Lam (LRCX) Capital, TDK Ventures, and Toppan reads as fab-supply-chain strategic capital. Advanced-packaging consumption is structurally rising. Binary: a tier-1 foundry production qualification before incumbents add electrochemical capacity in-house.",https://www.fabric8labs.com/fabric8labs-funding-nov-2025/
chaos-industries,CHAOS Industries,Builds AI-powered autonomous systems and test-and-measurement instruments for national security missions. Sells primarily to the US Department of Defense.,Robotics,Autonomous Systems & Drones,System Integration,Medium,US_DPA_Title_III,Series D,venture,510.0,4500.0,2025-11-13,13-Nov-25,Nov-25,4Q25,2025,"USA (Los Angeles, CA)",Valor Equity Partners,"8VC, Accel",PLTR,"$510M Series D at $4.5B post — CHAOS is the AI-powered T&M-and-autonomous-systems play against Anduril and Palantir (PLTR) on defense-AI primes, plus L3Harris (LHX) and Mercury Systems (MRCY) on the legacy T&M-and-mission-systems stack. Valor Equity lead with 8VC and Accel reads as Anduril-cohort defense-tech capital. Test-and-measurement instrument layer plus autonomy is the integration thesis. Binary: a programmatic DoD contract scaling revenue before incumbents bundle AI into existing T&M franchises.",https://www.businesswire.com/news/home/20251113579391/en/CHAOS-Industries-Raises-$510-Million
hummink,Hummink,"French developer of inkjet printing equipment for next-generation semiconductor interconnect patterning. Targets a subset of patterning applications previously addressed by lithography, with surgical-level precision in selective deposition.",Semiconductors,Equipment,Capital Equipment,Pre-commercial,EU_Chips_Act,Series A,venture,16.0,,2025-11-17,17-Nov-25,Nov-25,4Q25,2025,France (Paris),"KBC Focus Fund, Cap Horn, Bpifrance","Elaia Partners, Sensinnovat, Beeyond, French Tech Seed Fund, EIC Fund",ASML,"$16M Series A — Hummink is the inkjet-patterning bet for select semiconductor interconnect steps, slotting against ASML (ASML) and Tokyo Electron (8035 JP) on the broader litho stack and additive-printing peers like Optomec on selective-deposition adjacencies. KBC + Cap Horn + Bpifrance lead with Elaia and EIC Fund reads as French-European deeptech sovereign capital. Surgical selective deposition is the wedge versus full-field litho. Sub-$25M tail. Binary: a first pilot install at an EU fab or IMEC-validated process.",https://www.eu-startups.com/2025/11/french-deeptech-hummink-secures-e15-million-to-bring-surgical-level-precision-to-microelectronics-manufacturing/
celero-communications,Celero Communications,"Designs silicon photonic interconnect chips for AI data center networking. Backed by CapitalG (Alphabet) as a strategic investor; competes with Ayar Labs, Lightmatter, and Broadcom in optical interconnect.",Semiconductors,Fabless Design,IP & Design,Medium,US_CHIPS_Act,Series B,venture,100.0,,2025-11-17,17-Nov-25,Nov-25,4Q25,2025,"USA (Irvine, CA)",CapitalG,"Sutter Hill Ventures, Valor Equity Partners, Atreides Management, Maverick Silicon",AVGO,"$100M Series B — Celero is the silicon-photonics-interconnect bet for AI-data-center networking, against Ayar Labs and Lightmatter on direct cohort, plus Marvell (MRVL) and Broadcom (AVGO) on in-house hyperscaler photonics. CapitalG lead with Sutter Hill, Valor, Atreides, and Maverick Silicon reads as Alphabet (GOOGL) strategic-plus-crossover capital — Google AI-infrastructure pull is the thesis. Binary: a hyperscaler design-win before MRVL/AVGO consolidate optical interconnect natively.",https://www.businesswire.com/news/home/20251117434388/en/Celero-Communications-Secures-$140-Million
bone-ai,Bone AI,Korean defense drone startup developing AI-powered autonomous aerial systems. Targets the Korean Ministry of National Defense and allied military procurement.,Robotics,Autonomous Systems & Drones,System Integration,Pre-commercial,None,Seed,venture,12.0,,2025-11-17,17-Nov-25,Nov-25,4Q25,2025,South Korea (Seoul),Third Prime,"Kolon Group (strategic, South Korea)",AVAV,"$12M seed — Bone AI is the Korean NDAA-aligned defense-drone bet against domestic incumbent Hanwha Systems (012450 KS) and US comp AeroVironment (AVAV) on the tactical-UAS export tier, plus Shield AI and Anduril on the allied autonomy stack. Third Prime lead with Kolon strategic reads as Korean conglomerate channel-plus-export capital. Above-median for Korean defense-tech seed. Sub-$25M tail. Binary: Korean MND procurement and a first allied-export contract validating the playbook.",https://techcrunch.com/2025/11/17/bone-ai-raises-funding-to-challenge-asias-defense-giants-with-next-gen-ai-powered-robotics/
leanspace,Leanspace,French developer of a cloud-native space operations software platform for satellite operators. Targets enterprise and institutional space programs; competes with Cognitive Space and legacy ground segment providers.,Space,Ground Systems & Antennas,Components & Subsystems,Pre-commercial,None,Series A,venture,11.0,,2025-11-17,17-Nov-25,Nov-25,4Q25,2025,France (Strasbourg),"ISAI Cap Venture, Capgemini Ventures","42CAP, Karista, Qwaltec",,"$11M Series A — Leanspace is the cloud-native space-ops-software bet for satellite operators, against Cognitive Space and Slingshot Aerospace on direct cohort, plus legacy ground-segment incumbents like Kratos (KTOS) and L3Harris (LHX). ISAI + Capgemini Ventures lead with 42CAP reads as French-European space-software capital with systems-integrator distribution pull. Sub-$25M tail. Binary: a tier-1 European constellation operator standardizing on Leanspace or an ESA contract validating the cloud-native architecture.",https://spacenews.com/leanspace-raises-e10-million-series-a-round-to-bring-software-defined-satellite-operations-to-enterprise-and-institutional-space-programs/
infinite-orbits,Infinite Orbits,French in-orbit servicing company offering life extension for geostationary satellites through rendezvous and docking. Competes with Northrop Grumman MEV and Astroscale in commercial satellite servicing.,Space,In-Orbit Services,Deployment & Operation,Pre-commercial,None,Series A (extension),venture,44.0,,2025-11-17,17-Nov-25,Nov-25,4Q25,2025,France (Toulouse),"Matterwave Ventures, Wind Capital","EIC Fund, IRDI, Newfund, Balnord",186A JP,"EUR44M Series A extension — Infinite Orbits is the European in-orbit-servicing bet for GEO life extension, against Northrop Grumman (NOC) MEV and Astroscale (186A JP) on the commercial-servicing cohort, plus Maxar (private) on satellite-services adjacency. Matterwave + Wind Capital lead with EIC Fund reads as European-sovereign deeptech-plus-defense capital. Sub-$25M-adjacent. Binary: first commercial GEO life-extension mission executing on schedule before NOC and 186A JP capture incumbents-of-choice positioning.",https://www.infiniteorbits.io/post/space-sovereignty-and-in-orbit-servicing-40-million-to-make-infinite-orbits-europe-s-champion
powerlattice,PowerLattice,Develops the industry's first power-delivery chiplet that integrates voltage regulation directly into processor packages. First chiplets manufactured at TSMC; claims around 50% reduction in total compute power.,Semiconductors,Power & Analog,IP & Design,Pre-commercial,US_CHIPS_Act,Series A,venture,25,,2025-11-17,17-Nov-25,Nov-25,4Q25,2025,USA,"Playground Global, Celesta Capital",Pat Gelsinger (ex-Intel CEO),,"$25M Series A — PowerLattice is the power-delivery-chiplet bet, integrating voltage regulation into the processor package to cut total compute power ~50%, against incumbent voltage-regulator stacks from Monolithic Power (MPWR), Texas Instruments (TXN), and Infineon (IFX DE). First silicon at TSMC (TSM). Playground + Celesta lead with Pat Gelsinger as advisor reads as Intel-ex deep-silicon capital. Energy-per-token is the AI-fab economic constraint. Binary: a tier-1 AI-ASIC design partner before incumbents add chiplet-class regulation natively.",https://www.geekwire.com/2025/powerlattice-a-new-semiconductor-startup-backed-by-former-intel-ceo-raises-25m/
ncodin,NcodiN,French semiconductor startup building optical interposer technology using nanolasers for chiplet-to-chiplet interconnect. Targets the AI/HPC packaging bottleneck addressed by Ayar Labs and Lightmatter.,Semiconductors,Fabless Design,IP & Design,Pre-commercial,EU_Chips_Act,Seed,venture,18.0,,2025-11-19,19-Nov-25,Nov-25,4Q25,2025,France (Paris),MIG Capital,"Maverick Silicon, PhotonVentures, Verve Ventures, Elaia, Earlybird Venture Capital, OVNI",INTC,"$18M seed positions NcodiN as the French chiplet-photonic-interconnect bet against Ayar Labs (private) and Lightmatter (private) merchant peers, with Celestial AI on the broader CPO race. MIG Capital + PhotonVentures + Earlybird syndicate signals European deeptech is funding silicon-photonics packaging before AMD/Intel (INTC)/Nvidia (NVDA) lock into proprietary chiplet stacks. The bet is whether merchant optical interposer IP wins before hyperscaler-captive vendors crowd out the seed cohort.",https://www.businesswire.com/news/home/20251119479101/en/NcodiN-Secures-16M-Seed-Round
ursa-major,Ursa Major,"Builds liquid rocket engines as an independent supplier, including the Hadley (small launch class) and Ripley (medium-lift) engines. Customers include ABL Space Systems, Stratolaunch, and Phantom Space; growing hypersonic and defense propulsion lines.",Space,Launch,Deployment & Operation,Medium,US_DPA_Title_III,Series E,venture,100.0,600.0,2025-11-19,19-Nov-25,Nov-25,4Q25,2025,"USA (Berthoud, CO)",Eclipse Ventures,"Woodline Partners, Principia Growth, XN, Alsop Louie Partners; +$50M debt",RKLB,"$100M Series E at $600M post, plus $50M debt — Ursa Major is the independent-engine bet against Aerojet Rocketdyne (now part of L3Harris, LHX) and SpaceX (private) on US rocket-propulsion supply, with Rocket Lab (RKLB) vertically-integrated. Hadley/Ripley engines feed ABL, Stratolaunch, and Phantom; hypersonic-defense propulsion is the fastest-growing line. Eclipse lead with Woodline, Principia, and XN reads as deep-tech-plus-defense crossover capital. Binary: hypersonic backlog conversion before primes vertical-integrate engines.",https://ursamajor.com/media/press-release/ursa-major-raises-100-million-closes-series-e/
flexion-robotics,Flexion Robotics,"Swiss humanoid robotics company developing dexterous manipulation platforms and the underlying control software. Competes with Figure AI, 1X Technologies, and Apptronik on humanoid platforms.",Robotics,Humanoid & Service Robots,System Integration,Pre-commercial,None,Series A,venture,50.0,,2025-11-20,20-Nov-25,Nov-25,4Q25,2025,Switzerland (Zurich),DST Global Partners,"NVentures (NVIDIA), Prosus Ventures, Redalpine, Moonfire",TSLA,"$50M Series A — Flexion is the Swiss dexterous-humanoid bet against Figure AI, 1X Technologies, Apptronik, and Sanctuary AI on the Western humanoid cohort, with Tesla (TSLA) Optimus on incumbent reference. DST Global lead with NVentures (NVDA), Prosus, Redalpine, and Moonfire reads as growth-plus-NVIDIA-strategic capital backing a non-US humanoid platform. European-control-software heritage is the wedge. Binary: first commercial pilot deployments and a manufacturing partnership before Western cohort consolidates around 2-3 platforms.",https://flexion.ai/news/flexion-raises-50m-to-build-the-brain-of-humanoid-robots-at-scale
point-one-navigation,Point One Navigation,"Provides a precision positioning platform for autonomous vehicles and robotics, delivering centimeter-grade location through a global GNSS-corrections network. Competes with Trimble and u-blox in high-precision navigation.",Robotics,Machine Vision & Sensors,Components & Subsystems,Medium,None,Series C,venture,35.0,230.0,2025-11-20,20-Nov-25,Nov-25,4Q25,2025,"USA (San Francisco, CA)",Khosla Ventures,"IA Ventures, UP Partners, Alumni Ventures",TRMB,"$35M Series C at $230M post — Point One is the GNSS-corrections-network bet for centimeter-grade positioning, against Trimble (TRMB) and u-blox (UBXN SW) on the high-precision incumbents, plus Swift Navigation (private) on the direct cohort. Khosla Ventures lead with IA, UP Partners, and Alumni reads as autonomy-stack focused capital. Robotaxi and field-robotics fleets are the demand vector. Binary: integration into a tier-1 autonomous-driving stack or robotaxi platform before TRMB and UBXN SW bundle equivalent corrections natively.",https://pointonenav.com/news/point-one-navigation-raises-35-million-series-c-to-define-the-future-of-precise-location-and-physical-ai/
zadient-technologies,Zadient Technologies,"French manufacturer of silicon carbide (SiC) crystal substrates for power semiconductors. Competes with Wolfspeed, Coherent, and Shin-Etsu in SiC wafer supply for EV power modules and industrial drives.",Materials,Silicon & Substrates,Upstream Materials,Pre-commercial,None,Series A,venture,38.0,,2025-11-24,24-Nov-25,Nov-25,4Q25,2025,France (Chambery),Credit Mutuel Impact,EIC Fund,"WOLF, COHR, 4063 JP","EUR38M Series A — Zadient is the European SiC-substrate bet against Wolfspeed (WOLF), Coherent (COHR), and Shin-Etsu (4063 JP) on the global wafer-supply cohort, with II-VI (now part of COHR) and SK Siltron as additional reference. Credit Mutuel Impact + EIC Fund lead reads as French sovereign-deeptech capital — European EV power-module sourcing independence is the thesis. Binary: commercial substrate shipments and EV power-module qualification before WOLF's restructuring resolves and pricing normalizes.",https://eic.ec.europa.eu/news/first-eic-step-scale-investments-disbursed-2025-11-24_en
robotera,Robotera,Chinese humanoid robot developer targeting factory automation and service applications. Partnered with Unitree on embodied-intelligence development.,Robotics,Humanoid & Service Robots,System Integration,Pre-commercial,China_Made_In_China_2025,Series A,venture,140,,2025-11-25,25-Nov-25,Nov-25,4Q25,2025,China,Chinese VCs,,,"$140M Series A — Robotera is the Chinese humanoid cohort bet alongside Unitree, Galbot, Agibot, and X Square Robot, with Tesla (TSLA) Optimus and Figure on Western reference. Unitree partnership on embodied-intelligence is the technical pull; Chinese-VC-led syndicate keeps it on the domestic-state-aligned axis. Factory-automation and service-application targeting matches the cohort norm of industrial-first deployment. Binary: scaled humanoid unit shipments versus Western cohort before the Chinese-Western humanoid markets fully bifurcate on export controls.",https://www.therobotreport.com/robotera-gets-series-a-funding-partners-unido-embodied-intelligence/
quantum-systems,Quantum Systems,"Builds the Vector reconnaissance UAS — a fixed-wing vertical-takeoff drone for tactical intelligence, surveillance, and reconnaissance. Sells to European militaries including the German Bundeswehr; active in Ukraine in combat use.",Robotics,Autonomous Systems & Drones,System Integration,Medium,None,Series C (extension),venture,208.0,3500.0,2025-11-27,27-Nov-25,Nov-25,4Q25,2025,Germany (Munich),Balderton Capital,Previous investors,"AVAV, KTOS","EUR208M Series C extension at $3.5B post — Quantum Systems is the European Vector-VTOL reconnaissance-UAS bet, against AeroVironment (AVAV), Kratos (KTOS), and Anduril on the Western tactical-UAS cohort, plus Turkish Baykar on the price-disruptor reference. Bundeswehr customer plus Ukraine combat-deployment validates the platform under fire. Balderton lead reads as European growth-plus-defense crossover capital. Binary: NATO procurement at programmatic scale before AVAV and KTOS introduce equivalent VTOL platforms.",https://techstartups.com/2025/11/27/german-drone-startup-quantum-systems-triples-valuation-to-3-5b-after-180m-funding-round/
spacecomputer,SpaceComputer,"Builds a decentralized satellite compute network combining trusted-execution hardware on satellites with cryptographic and confidential smart contract primitives. Targets orbital edge processing for crypto, AI, and confidential workloads.",Space,Satellite Communications,Deployment & Operation,Pre-commercial,US_DPA_Title_III,Seed,venture,10.0,,2025-11-28,28-Nov-25,Nov-25,4Q25,2025,USA,"Maven11, Lattice","Superscrypt, Arbitrum Foundation, Nascent, Offchain Labs, Hashkey, Chorus One",EDGE,"$10M seed — SpaceComputer is the orbital-edge-compute-meets-DePIN bet, combining trusted-execution hardware on satellites with cryptographic primitives, against terrestrial confidential-compute peers and traditional satellite-data-processing incumbents. Maven11 + Lattice co-lead with Arbitrum Foundation, Hashkey, and Chorus One reads as crypto-native crossover capital. Orbital-TEE is unproven hardware-plus-protocol. Sub-$25M tail. Binary: first on-orbit compute demo and token launch with enterprise-confidential-workload pull.",https://blog.spacecomputer.io/spacecomputer-raises-10m-to-bring-trusted-execution-to-orbit-merge-cryptography-satellites-and-confidential-smart-contracts/
mastiska,Mastiska,"UAE developer of sovereign AI inference accelerators using open-source RISC-V cores. Targets GCC, Southeast Asian, and Global South markets seeking independence from US and Chinese chip supply; VLSI engineering team based in India.",Semiconductors,Fabless Design,IP & Design,Pre-commercial,None,Seed,venture,10,,2025-11-28,28-Nov-25,Nov-25,4Q25,2025,UAE (Abu Dhabi),GCC sovereign wealth funds,Undisclosed,,"$10M seed — Mastiska is the UAE-led sovereign-AI-inference-accelerator bet on open-source RISC-V cores, against SiFive, Tenstorrent, and Esperanto on the RISC-V cohort, plus Habana (Intel, INTC) and Groq (private) on the inference-stack reference. GCC sovereign lead reads as petrostate-AI-infrastructure capital seeking US/China-independent silicon. VLSI engineering in India keeps cost structure competitive. Sub-$25M tail. Binary: first tapeout and a single GCC or Global South sovereign-cloud anchor customer.",https://www.eetimes.com/mastiska-raises-10m-seed-for-sovereign-ai-chip-play-in-uae/
tutor-intelligence,Tutor Intelligence,Builds a robot learning platform that enables warehouse robots to acquire new tasks from human demonstrations. Sells to e-commerce fulfillment operators; competes with Covariant and Dexterity in warehouse manipulation.,Robotics,Warehouse & Logistics,System Integration,Pre-commercial,None,Series A,venture,34.0,,2025-12-01,01-Dec-25,Dec-25,4Q25,2025,"USA (Cambridge, MA)",Union Square Ventures,"Fundomo, Neo",ROBOT,"$34M Series A — Tutor Intelligence is the warehouse-manipulation-from-demonstration bet against Covariant (acquired Amazon, AMZN), Dexterity, and Ambi Robotics on the warehouse-AI cohort, with Symbotic (SYM) and AutoStore (AUTO NO) on the broader logistics-automation reference. USV lead is unusual — the fund rarely backs hardware-adjacent companies, signaling conviction in the software-first manipulation thesis. Binary: deployment scale with a tier-1 e-commerce fulfillment operator before incumbents absorb demonstration-based learning into their stacks.",https://www.businesswire.com/news/home/20251201299187/en/Tutor-Intelligence-Raises-34-Million-Series-A
vinci,Vinci,Builds AI-powered EDA tools for chip design automation and verification. Competes with Synopsys and Cadence on AI-enabled design workflows.,Semiconductors,EDA & IP,IP & Design,Pre-commercial,US_CHIPS_Act,Series A,venture,36.0,,2025-12-02,02-Dec-25,Dec-25,4Q25,2025,"USA (Palo Alto, CA)",Xora Innovation,"Khosla Ventures, Eclipse Ventures","SNPS, CDNS","$36M Series A — Vinci is the AI-EDA bet against Synopsys (SNPS) and Cadence (CDNS) on the EDA incumbents, plus Siemens (SIE GR) EDA and emerging AI-EDA startups like ChipAgents and Diakopto on the cohort. Xora Innovation lead with Khosla and Eclipse reads as deep-silicon-tools focused capital. The AI-EDA thesis is structural — verification cycle compression is the hyperscaler-design-team demand. Binary: a fabless tier-1 design-tool adoption before SNPS or CDNS folds equivalent AI workflows natively, or an acquisition by an incumbent.",https://finance.yahoo.com/news/software-firm-vinci-speeds-hardware-130649208.html
xlight,xLight,Develops free-electron-laser (FEL) EUV light sources for semiconductor lithography. Spun out of SLAC and Stanford in 2022 to build an alternative to ASML's EUV light-source technology.,Semiconductors,Equipment,Capital Equipment,Medium,US_CHIPS_Act,Grant,government,150.0,,2025-12-02,02-Dec-25,Dec-25,4Q25,2025,"USA (Palo Alto, CA)",U.S. Dept. of Commerce (CHIPS Act),,,"$150M CHIPS Act grant — xLight is the US-domestic PIC-fabrication-capacity bet, slotting against GlobalFoundries (GFS) and AIM Photonics on the US PIC-fab tier, with Tower Semi (now Intel, INTC) on adjacent foundry reference. Commerce Department non-dilutive capital aligned with national-AI-infrastructure strategy. The gap in US PIC fab is real as AVGO/MRVL optical interconnect scales. Binary: facility milestones and first production runs converting grant into durable capacity ahead of geopolitical PIC-supply risk.",https://www.axios.com/2025/12/02/us-government-xlight-chips-act
ailos-robotics,AILOS Robotics,Belgian developer of compact robotic actuators and gearboxes for collaborative and humanoid robots. Competes with Harmonic Drive and Maxon in precision actuator components.,Robotics,Motion Control & Actuators,Components & Subsystems,Pre-commercial,None,Seed,venture,3.8,,2025-12-02,02-Dec-25,Dec-25,4Q25,2025,Belgium (Brussels),"QBIC, High-Tech Grunderfonds (HTGF)","Wallonie Entreprendre, finance&invest.brussels",ROBOT,"EUR3.8M seed — AILOS is the Belgian compact-actuator bet for collaborative and humanoid robots, against Harmonic Drive (6324 JP) and Maxon (private) on precision-actuator incumbents, plus emerging Chinese actuator suppliers on the price-disruptor reference. QBIC + HTGF co-lead with regional Belgian-French capital reads as European deeptech-hardware seed pattern. Sub-$25M tail. Binary: an integration partnership with a Western humanoid OEM before Chinese actuator supply scales into Western humanoid programs.",https://tech.eu/2025/12/02/ailos-robotics-gets-eur35m-to-scale-gearbox-manufacturing-for-europes-next-gen-robots/
niobium,Niobium,"Designs RISC-V AI accelerator chips for edge and defense applications, with a focus on fully homomorphic encryption (FHE) acceleration. Competes with SiFive, Esperanto, and Tenstorrent in RISC-V AI silicon.",Semiconductors,Fabless Design,IP & Design,Pre-commercial,US_CHIPS_Act,Seed,venture,23.0,,2025-12-03,03-Dec-25,Dec-25,4Q25,2025,"USA (Dayton, OH)",Blockchange Ventures,"Fusion Fund, Morgan Creek Capital, ADVentures (Analog Devices), Korea Development Bank, Rev1 Ventures",EDGE,"$23M seed — Niobium is the RISC-V-AI-accelerator bet with a fully-homomorphic-encryption hardware angle for edge and defense, against SiFive, Esperanto, and Tenstorrent on the RISC-V cohort, plus Intel (INTC) on the FHE-research adjacency. Blockchange lead with ADVentures (Analog Devices, ADI), Korea Development Bank, and Morgan Creek reads as crypto-plus-strategic capital. Dayton, OH siting flags defense-adjacency. Sub-$25M tail. Binary: first tapeout and a DoD design-win before FHE-acceleration consolidates around general-purpose silicon.",https://thequantuminsider.com/2025/12/03/niobium-23m-fhe-funding/
unlimited-industries,Unlimited Industries,Develops affordable welding and fabrication robots for small and medium manufacturers. Targets the SME industrial automation gap not served by Universal Robots or FANUC.,Robotics,Industrial Robots,System Integration,Pre-commercial,None,Seed,venture,12.0,,2025-12-03,03-Dec-25,Dec-25,4Q25,2025,USA,"Andreessen Horowitz, CIV",,"TER, 6954 JP","$12M seed — Unlimited Industries is the SME-affordable-welding-robot bet, targeting a customer tier neither Universal Robots (Teradyne, TER) nor FANUC (6954 JP) serves cleanly, with ABB (ABBN SW) and Yaskawa (6506 JP) on the broader industrial-robot reference. a16z + CIV co-lead is unusually top-tier for an SME-industrial seed — signals conviction in the small-manufacturer underserved-segment thesis. Sub-$25M tail. Binary: unit-shipment ramp and a channel-partner agreement before incumbents introduce price-disruptor SKUs.",https://www.globenewswire.com/news-release/2025/12/03/3198921/0/en/Unlimited-Industries-raises-12M.html
autolane,Autolane,"Develops an autonomous trucking platform for highway freight. Competes with Aurora, TuSimple, and Waymo in autonomous trucking.",Robotics,Autonomous Systems & Drones,System Integration,Pre-commercial,None,Seed,venture,7.4,,2025-12-03,03-Dec-25,Dec-25,4Q25,2025,"USA (Palo Alto, CA)","Draper Associates, Hyperplane","LAUNCH, Feld Ventures",,"$7.4M seed — Autolane is the autonomous-highway-trucking bet against Aurora (AUR), Kodiak Robotics (now Ares Acquisition II, AACT), and Waymo on the live US cohort. Draper + Hyperplane co-lead with LAUNCH and Feld reads as classic seed-stage transportation capital. Entering a segment with several survivor incumbents and one prominent failure (TuSimple) — capital intensity and safety-case timelines are well-understood. Sub-$25M tail. Binary: a Texas-corridor pilot route and a shipper anchor before AUR locks lane-specific exclusivity.",https://www.businesswire.com/news/home/20251202835140/en/Autolane-Secures-7.4M-in-Funding
mach,MACH,Defense drone startup building autonomous off-road systems for military applications. Targets DoD SBIR/STTR contracts and operational deployments.,Robotics,Autonomous Systems & Drones,System Integration,Pre-commercial,US_DPA_Title_III,Seed,venture,7.0,,2025-12-04,04-Dec-25,Dec-25,4Q25,2025,USA,The Venture Collective (TVC),"Next Level Ventures, Midwest Growth Partners","AVAV, KTOS","$7M seed — MACH is the autonomous-defense-ground-vehicle bet against Anduril, Shield AI, and Forterra on the autonomy-stack cohort, plus AeroVironment (AVAV) and Kratos (KTOS) on the broader unmanned-systems reference. TVC lead with Midwest growth capital reads as regional defense-tech seed positioning. Off-road autonomy is a structurally different problem from highway and air. Sub-$25M tail. Binary: DoD SBIR/STTR awards converting into a first operational deployment before larger autonomy-stack incumbents extend into off-road natively.",https://roboticsandautomationnews.com/2025/12/05/mach-secures-7-million-seed-funding-and-agrees-partnerships-to-scale-its-off-road-autonomy-business/97409/
archetype-ai,Archetype AI,"Builds physics-aware AI foundation models for understanding physical-world data — combining sensor, video, and time-series inputs into a unified physical-world model. Targets enterprise customers in manufacturing and energy.",Robotics,Machine Vision & Sensors,Components & Subsystems,Pre-commercial,None,Series A,venture,35.0,,2025-12-05,05-Dec-25,Dec-25,4Q25,2025,"USA (San Francisco, CA)","IAG Capital Partners, Hitachi Ventures","Bezos Expeditions, Venrock, Amazon Industrial Innovation Fund, Samsung Ventures, Systemiq Capital",NVDA,"$35M Series A — Archetype is the physics-aware-foundation-model bet for sensor-video-time-series fusion, against NVIDIA (NVDA) Isaac, Google DeepMind, and Physical Intelligence on the physical-AI cohort, plus Skild AI on the robotics-foundation-model reference. IAG + Hitachi Ventures lead with Bezos Expeditions, Amazon (AMZN) Industrial Innovation Fund, and Samsung Ventures reads as multi-strategic enterprise capital. Binary: industrial and energy enterprise deployments converting to recurring revenue before NVDA absorbs comparable physics-aware tooling.",https://www.businesswire.com/news/home/20251120000333/en/Archetype-AI-Raises-35M
castelion,Castelion,"Builds the Blackbeard hypersonic strike weapon for the US Army and Navy. Founded by former SpaceX engineers applying high-rate, vertically integrated manufacturing methods to hypersonic missile production.",Space,Space Components,Components & Subsystems,Medium,US_DPA_Title_III,Series B,venture,350,,2025-12-05,05-Dec-25,Dec-25,4Q25,2025,USA (El Segundo),"Altimeter Capital, Lightspeed Venture Partners",,,"$350M Series B — Castelion is the hypersonic-strike weapon bet, founded by ex-SpaceX engineers applying vertically-integrated, high-rate manufacturing to Blackbeard production for the US Army and Navy. Comp set: Anduril, Lockheed Martin (LMT) hypersonic, and Raytheon (RTX) on the legacy primes. 20+ flight tests in 2025 is the production-engineering signal. Altimeter + Lightspeed lead reads as growth-defense crossover capital. Binary: Army/Navy programmatic procurement before primes win the consolidated hypersonic strike contract.",https://www.castelion.com/news/series-b/
iceye,ICEYE,"Operates the world's largest commercial synthetic aperture radar (SAR) satellite constellation. Sells imagery and analytics to defense, intelligence, and insurance customers, with growing NATO-aligned demand for all-weather, day-and-night earth observation.",Space,Earth Observation,Deployment & Operation,Medium,EU_NZIA,Series E,venture,163,,2025-12-05,5-Dec-25,Dec-25,4Q25,2025,Finland,General Catalyst,,,"EUR150M Series E (~$163M) — ICEYE operates the largest commercial SAR satellite constellation, against Capella Space (private) on direct SAR cohort, plus Spire Global (SPIR), BlackSky (BKSY), and Planet (PL) on the broader EO public tape. All-weather day-and-night imagery is the structural advantage as NATO-aligned demand scales on Ukraine and Indo-Pacific theaters. General Catalyst lead with Tesi (Finnish state) reads as growth-plus-sovereign capital. Binary: insurance and defense contract conversion before the commercial SAR pricing-floor compresses.",https://tesi.fi/en/news-item/iceye-eur-150-series-e-general-catalyst/
generative-bionics,Generative Bionics,"Italian company developing AI-powered prosthetics and humanoid robotic platforms, anchored by Italian sovereign capital (CDP Venture Capital). Competes with Ossur, Ottobock, and Open Bionics in prosthetics.",Robotics,Humanoid & Service Robots,System Integration,Pre-commercial,None,Undisclosed,venture,81.0,,2025-12-08,08-Dec-25,Dec-25,4Q25,2025,Italy (Genoa),CDP Venture Capital,"AMD Ventures, Duferco, Eni Next, RoboIT, Tether",,"EUR81M — Generative Bionics is the Italian AI-prosthetics-plus-humanoid bet against Ossur (OSSR DC), Ottobock (private), and Open Bionics on the prosthetics cohort, plus the broader humanoid reference. CDP Venture Capital lead with AMD Ventures and Tether reads as Italian-sovereign-plus-crypto-strategic capital — a landmark Italian robotics round. The prosthetics commercial channel funds humanoid R&D. Binary: European medical-device approvals scaling prosthetics revenue while the humanoid platform reaches first commercial pilots before Western cohort consolidates.",https://www.eurekalert.org/news-releases/1109288
deep-robotics,Deep Robotics,"Chinese manufacturer of quadruped robots (Lynx, X20) and an emerging humanoid product line. Sells industrial inspection and service robots in domestic and international markets; competes with Boston Dynamics, Unitree, and ANYbotics.",Robotics,Humanoid & Service Robots,System Integration,Medium,China_Made_In_China_2025,Series C,venture,68.0,,2025-12-08,08-Dec-25,Dec-25,4Q25,2025,China (Hangzhou),"CMB International, ChinaAMC","China Telecom, China Unicom, Yunhui Capital, China Fortune-Tech Capital, Zhejiang University Education Foundation",ROBOT,"$68M Series C — Deep Robotics is the Chinese quadruped-plus-humanoid bet against Boston Dynamics (private, Hyundai), Unitree, and ANYbotics on the global quadruped cohort, with Tesla (TSLA) Optimus and Figure on humanoid reference. CMB International + ChinaAMC lead with China Telecom and China Unicom reads as state-aligned financial-institution capital. Industrial-inspection plus emerging humanoid line is the dual-product wedge. Binary: international expansion holding versus export controls while the humanoid platform converts to commercial pilots.",https://www.caproasia.com/2025/12/25/china-robots-company-deep-robotics-plans-ipo-in-2026-after-raising-71-million-series-c-funding-in-2025-december-founded-in-2017-by-zhu-qiuguo-li-chao-investors-include-china-merchants-bank-intern/
k2-space,K2 Space,"Develops Mega-class high-power satellites — large, high-capability spacecraft designed for the heavy-lift launch era opened by Starship-class vehicles. Sells to constellation operators and government customers wanting more capability per spacecraft than current smallsat designs.",Space,Satellite Communications,Deployment & Operation,Medium,US_DPA_Title_III,Series C,venture,250.0,3000.0,2025-12-11,11-Dec-25,Dec-25,4Q25,2025,"USA (Torrance, CA)",Redpoint Ventures,"T. Rowe Price, Hedosophia, Altimeter Capital, Lightspeed Venture Partners, Alpine Space Ventures",,"$250M Series C at $3.0B post — K2 is the Mega-class high-power-satellite bet for the Starship-class heavy-lift era, against Maxar (private, Advent), Airbus Defence & Space (AIR FP), and Ball Aerospace (now BAE Systems, BA. LN) on the legacy large-spacecraft incumbents. Redpoint lead with T. Rowe Price, Hedosophia, Altimeter, and Lightspeed reads as IPO-prep crossover capital. Capability-per-spacecraft is the thesis as launch costs collapse. Binary: first Mega launch and constellation-operator anchor contract before incumbents respond with new platforms.",https://www.prnewswire.com/news-releases/k2-space-raises-250m-at-3b-valuation-to-roll-out-a-new-class-of-high-capability-satellites-302638936.html
quantumdiamonds,QuantumDiamonds,German developer of quantum diamond sensing equipment for semiconductor metrology — using nitrogen-vacancy defects in diamond as quantum sensors for chip inspection. Competes with Bruker and KLA in advanced metrology.,Semiconductors,Equipment,Capital Equipment,Medium,EU_Chips_Act,Government investment,government,178.0,,2025-12-15,15-Dec-25,Dec-25,4Q25,2025,Germany (Munich),German Federal + Bavarian Govts (European Chips Act),,KLAC,"EUR178M government investment (European Chips Act) — QuantumDiamonds is the NV-defect-quantum-sensing-for-fab-metrology bet, slotting against KLA (KLAC), Applied Materials (AMAT) PDC metrology, and Bruker (BRKR) on the advanced-metrology incumbents. German federal + Bavarian sovereign capital is among the largest European quantum-sensing public investments. Quantum metrology adoption is unproven at production scale. Binary: integration into a tier-1 fab inspection workflow before incumbents add NV-diamond techniques to existing tool families.",https://thequantuminsider.com/2025/12/15/qd-plans-e152-million-investment-in-next-gen-quantum-based-chip-inspection-facility-in-munich-germany/
encos,ENCOS,Chinese precision motion control and actuator manufacturer producing components for robotics and automation. Targets Chinese humanoid robot OEMs; competes with Harmonic Drive and Nabtesco in precision actuators.,Robotics,Motion Control & Actuators,Components & Subsystems,Pre-commercial,China_Made_In_China_2025,Undisclosed,venture,27.5,,2025-12-15,15-Dec-25,Dec-25,4Q25,2025,China (Nanjing),"Huakong Fund, Shenzhen Capital Group",,"6268 JP, ROBOT","$27.5M — ENCOS is the Chinese precision-motion-control bet, against Harmonic Drive (6324 JP) and Nabtesco (6268 JP) on the global precision-actuator incumbents, plus emerging Chinese actuator-supplier cohort. Huakong Fund + Shenzhen Capital Group lead reads as Chinese government-adjacent capital flowing into the robotics components layer. Domestic Chinese humanoid OEM supply is the channel. Binary: design-win contracts with Chinese humanoid OEMs at production scale before Japanese precision-actuator incumbents adjust price-volume strategy in the China market.",https://pandaily.com/encos-raises-nearly-28-m-to-lead-the-embodied-intelligence-core-components-race
satvu,SatVu,"UK developer of a thermal-infrared video earth observation constellation for real-time monitoring of industrial emissions, energy use, and infrastructure heat signatures. Backed by NATO-aligned defense funds.",Space,Earth Observation,Deployment & Operation,Medium,None,Series B,venture,41,,2026-02-17,17-Feb-26,Feb-26,1Q26,2026,United Kingdom,NATO Innovation Fund,,,"NATO Innovation Fund leading is the cleanest pivot signal — SatVu's commercial industrial-emissions monitoring pitch is being explicitly repositioned as a defense-IR play, in line with the constellr defense-grade-thermal reframing the same month. Comp set: constellr on EU thermal-IR, Hydrosat on water-stress, BlackSky (BKSY) and Planet (PL) on listed EO. Constellation recapitalization after the 2023 HotSat-1 loss is finally clearing; the test is whether NATO-aligned contracts materialize before commercial revenue stabilizes.",https://spacenews.com/satvu-to-expand-thermal-imaging-constellation-with-nato-backed-funds/
digantara,Digantara,Indian space situational awareness company providing orbital intelligence and debris tracking from ground and space-based sensors. Sells to government and commercial satellite operators; competes with LeoLabs and Slingshot Aerospace.,Space,Earth Observation,Deployment & Operation,Medium,None,Series B,venture,50.0,,2025-12-16,16-Dec-25,Dec-25,4Q25,2025,India (Bengaluru),"360 ONE Asset, SBI Investment","Peak XV Partners, Kalaari Capital, Ronnie Screwvala","SPIR, BKSY","$50M Series B — Digantara is the Indian space-situational-awareness bet against LeoLabs (private) and Slingshot Aerospace on commercial SSA, plus Spire Global (SPIR) and BlackSky (BKSY) on broader EO-data reference. 360 ONE + SBI Investment lead with Peak XV and Kalaari reads as Indian-Japanese growth-plus-Asia-strategic capital. Indian government and allied SSA programs are the demand vector. Binary: international government contracts and commercial satellite-operator adoption before LeoLabs and government-funded SSA programs lock in incumbent positions.",https://techcrunch.com/2025/12/16/indias-digantara-raises-50m-for-space-based-missile-defence-tech/
mythic,Mythic,"Designs analog in-memory compute AI inference chips that perform matrix multiplications directly in flash-memory cells rather than digital MAC units. Targets edge AI workloads in industrial, IoT, and automotive applications.",Semiconductors,Fabless Design,IP & Design,Medium,US_CHIPS_Act,Series D,venture,125.0,,2025-12-17,17-Dec-25,Dec-25,4Q25,2025,"USA (Austin, TX)",DCVC,"NEA, Atreides Management, SoftBank, Honda, Lockheed Martin","NVDA, QCOM","$125M Series D — Mythic is the analog-in-memory-compute AI inference bet for edge workloads, against NVIDIA (NVDA) Jetson, Qualcomm (QCOM) AI100, and Hailo on the edge-AI cohort, plus BrainChip (BRN AX) on the neuromorphic adjacency. DCVC lead with NEA, SoftBank, Honda, and Lockheed Martin (LMT) reads as long-cycle strategic capital absorbing the multiple resets. Production reset history is well-known. Binary: production ramp and automotive/IoT design-wins converting before edge-AI digital MAC roadmaps eliminate the analog efficiency edge.",https://www.bloomberg.com/news/articles/2025-12-17/ai-chip-startup-mythic-raises-125-million
radiant-nuclear,Radiant Nuclear,Develops portable nuclear microreactors — semi-truck-sized 1 MW high-temperature gas reactors (Kaleidos) for remote installations and defense forward bases. Targets the diesel generator replacement market for the US Department of Defense.,Materials,Structural Materials,Upstream Materials,Medium,US_DOE_LPO_Eligible,Series D,venture,300.0,,2025-12-17,17-Dec-25,Dec-25,4Q25,2025,"USA (Los Angeles, CA)","Draper Associates, Boost VC","Andreessen Horowitz, ARK Invest, DCVC, Founders Fund, Align Ventures, Chevron Tech Ventures",BWXT,"$300M Series D — Radiant is the portable-microreactor bet (1MW HTGR Kaleidos) for DoD forward-base diesel-generator displacement, against BWX Technologies (BWXT), X-energy, and Oklo (OKLO) on the SMR/microreactor cohort. Draper + Boost VC lead with a16z, ARK, Founders Fund, and Chevron Tech Ventures reads as deep-tech-plus-energy crossover capital. Defense-distributed-energy urgency drives the round size. Binary: NRC licensing milestones plus a first DoD-deployed unit before incumbents move portable-class hardware through certification.",https://techcrunch.com/2025/12/17/radiant-nuclear-raises-300m-for-its-semi-sized-1-mw-reactor/
hawkeye-360,HawkEye 360,"Operates a constellation of RF signal-intelligence satellites that geolocate radio emitters for maritime, defense, and intelligence customers. Detects dark vessels, jamming, and other RF activity invisible to optical or SAR sensors.",Space,Earth Observation,Deployment & Operation,Medium,US_DPA_Title_III,Series E,venture,150.0,,2025-12-18,18-Dec-25,Dec-25,4Q25,2025,"USA (Herndon, VA)","NightDragon, Center15 Capital","SVB, Pinegrove Venture Partners, Hercules Capital","SPIR, BKSY, PL","$150M Series E — HawkEye 360 is the RF-SIGINT satellite-constellation bet for maritime, defense, and intelligence customers, against Spire Global (SPIR) and Kleos Space (private) on the RF cohort, plus BlackSky (BKSY) and Planet (PL) on broader EO reference. Dark-vessel and jamming detection is the structural complement to optical/SAR data. NightDragon + Center15 Capital lead with SVB and Hercules debt reads as cyber-defense-plus-venture-debt capital. Binary: NRO contract renewals and new constellation deployments before SPIR-class players extend RF SIGINT natively.",https://satnews.com/2025/12/23/hawkeye-360-acquires-innovative-signal-analysis-secures-150m-series-e/
moore-threads,Moore Threads,"Chinese designer of general-purpose GPUs for AI and graphics applications. Public on Shanghai STAR Market; competes with NVIDIA and AMD in the GPU market, though primarily serves domestic Chinese customers due to US export controls.",Semiconductors,Fabless Design,IP & Design,Medium,China_Big_Fund;US_Export_Controls_China,IPO,venture,1100.0,,2025-12-18,18-Dec-25,Dec-25,4Q25,2025,China (Beijing),Shanghai STAR Market,,"NVDA, AMD","$1.1B IPO on Shanghai STAR Market — Moore Threads is the Chinese GPU-self-sufficiency listing against NVIDIA (NVDA) and AMD (AMD) on the global GPU tape, with Cambricon (688256 CH) and Biren (private) on domestic Chinese AI-silicon cohort. US export controls confine the addressable market to domestic Chinese customers. STAR Market float reads as state-aligned capital-market support for AI-self-sufficiency policy. Binary: next-gen GPU tape-out and Chinese-government procurement volumes validating the policy-anchored revenue base.",https://news.crunchbase.com/venture/record-high-us-semiconductor-startup-funding-eoy-2025/
enlightra,Enlightra,Swiss-US developer of chip-scale multiwavelength lasers that replace copper wiring with optical interconnects for AI data center scale-up. Pilot production planned for 2027; founded by Nobel Prize-contributing researchers.,Semiconductors,Fabless Design,IP & Design,Pre-commercial,None,Seed,venture,15,,2025-12-18,18-Dec-25,Dec-25,4Q25,2025,Switzerland (Lausanne) / USA,Runa Capital,"Y Combinator, Pegasus Tech Ventures, Protocol Labs, Halo Labs, Asymmetry Ventures, TRAC VC",,"$15M seed — Enlightra is the chip-scale multiwavelength laser bet replacing copper with optical interconnects at AI-data-center scale-up, against Coherent (COHR), Lumentum (LITE), and II-VI (now COHR) on the laser incumbents, plus Ayar Labs and Lightmatter on the silicon-photonics cohort. Runa Capital lead with Y Combinator and Protocol Labs reads as deeptech-plus-Web3-crossover seed capital. Nobel-contributing research provenance is the technical signal. Sub-$25M tail. Binary: 2027 pilot production execution before NVDA/MRVL/AVGO lock optical-interconnect supply.",https://tech.eu/2025/12/18/enlightra-exits-stealth-with-15m-to-power-energy-efficient-ai-data-centre-lasers/
galbot,Galbot,"Chinese humanoid robot developer building general-purpose embodied AI platforms for industrial and service applications. Backed by China Mobile's Industry Chain Leader Fund; competes with Agibot, Unitree, and Tesla Optimus.",Robotics,Humanoid & Service Robots,System Integration,High,China_Made_In_China_2025,Undisclosed,venture,300.0,3000.0,2025-12-19,19-Dec-25,Dec-25,4Q25,2025,China (Beijing),China Mobile Industry Chain Leader Fund,"CICC Capital, Chinese Academy of Sciences Fund, Suzhou Venture Capital, CMG Media Fund","TSLA, XPEV","$300M Undisclosed at $3.0B post — Galbot is among the largest Chinese humanoid rounds, in cohort with Unitree, Agibot, X Square Robot, and Robot Era, with Tesla (TSLA) Optimus, XPeng (XPEV) Iron, and Figure on Western reference. China Mobile Industry Chain Leader Fund lead with CICC, Chinese Academy of Sciences Fund, and Suzhou VC reads as state-aligned-plus-academic-strategic capital. General-purpose embodied-AI is the platform pitch. Binary: mass-production timeline and enterprise pilot deployments versus Western cohort consolidation.",https://www.prnewswire.com/news-releases/galbot-secures-over-300-million-in-new-funding-breaking-records-with-3-billion-valuation-in-chinas-humanoid-robot-sector-302647204.html
moonshot-ai,Moonshot AI,"Chinese AI lab developing the Kimi large language model and consumer-facing chat assistant. One of China's leading LLM platforms alongside ByteDance Doubao, Baidu ERNIE, and Alibaba Qwen.",Robotics,Software & Simulation,Software & Services,Medium,None,Series C,venture,500.0,,2026-01-01,01-Jan-26,Jan-26,1Q26,2026,China (Beijing),IDG Capital,"Alibaba Group, Tencent Holdings, Wang Huiwen (Meituan co-founder)",BIDU,"Notable for what's said — ""rules out quick IPO"" — more than the dollar amount. With Alibaba and Tencent both anchoring alongside IDG, Moonshot is now structurally a BABA-Tencent joint AI champion, not an independent. Comp set in Chinese LLMs: StepFun (state-backed), DeepSeek (privately funded), Zhipu, MiniMax, Baidu (BIDU) ERNIE. Kimi consumer pull is real; enterprise monetization vs API price compression is the open question. Less interesting as a fundraise, more as cap-table consolidation.",https://www.caixinglobal.com/2026-01-01/moonshot-ai-rules-out-quick-ipo-after-raising-500-million-102399382.html
cambium,Cambium,"AI and chemical-informatics platform that designs advanced monomers and polymers for aerospace, defense, and high-performance industrial applications. Lockheed Martin Ventures is a strategic investor anchoring defense-supply-chain offtake.",Materials,Structural Materials,Upstream Materials,Medium,US_DOE_LPO_Eligible,Series B,venture,100.0,,2026-01-05,5-Jan-26,Jan-26,1Q26,2026,"USA (Lexington, MA)","8VC, Lockheed Martin Ventures","MVP Ventures, additional undisclosed investors",ALB,"Lockheed Martin Ventures co-leading with 8VC is the load-bearing fact — LMV anchoring an AI/chemical-informatics platform signals defense supply chain is now sourcing materials discovery the way it sources software. Comp set: Citrine Informatics on materials-informatics pure-play, Phaseshift on alloy discovery, Aionics on battery materials, plus Schrödinger (SDGR) on the computational side; Albemarle (ALB) is the only public proxy for advanced-monomer manufacturing. Aerospace and defense are the highest-margin verticals, and LM's anchor essentially pre-commits offtake.",https://www.compositesworld.com/news/cambiums-100-million-series-b-accelerates-product-pipeline-materials-manufacturing
lyte,Lyte,"Develops the LyteVision depth-sensing perception platform for autonomous mobile robots, robotic arms, robotaxis, and humanoids. Founded by alumni of the Apple Face ID team; sells perception modules and software to robot OEMs.",Robotics,Machine Vision & Sensors,Components & Subsystems,Pre-commercial,US_DPA_Title_III,Undisclosed,venture,107,,2026-01-05,5-Jan-26,Jan-26,1Q26,2026,USA,"Fidelity Management & Research, Atreides Management","Exor Ventures, Key1 Capital, VentureTech Alliance, Willenz",,"Ex-Apple Face ID team building cross-platform depth-sensing for AMRs, arms, robotaxis, and humanoids is the cleanest hire-the-team bet in robotics perception this cycle. Comp set: Mobileye (MBLY) on AV perception, Outsight on solid-state LiDAR, Aeva (AEVA) on FMCW, Luminar (LAZR) on automotive-grade; Nodar on stereo vision. Fidelity + Atreides leading with Exor strategic (Agnelli industrial holding) is an unusual cap table — Exor's presence hints at Stellantis or CNH Industrial OEM design-win path.",https://www.therobotreport.com/lyte-brings-in-107m-to-build-perception-systems-for-ai-enabled-robots/
neu-battery-materials,NEU Battery Materials,Singapore-based battery materials recycling and upcycling startup focused on LFP cell recycling. Competes with Li-Cycle and Redwood Materials in battery recycling.,Materials,Battery Materials,Upstream Materials,Pre-commercial,None,Pre-Series A,venture,,,2026-01-09,09-Jan-26,Jan-26,1Q26,2026,Singapore,"SGInnovate, Shift4Good","CJIC, M7 Holdings",,"Singapore LFP-recycling pre-Series A with SGInnovate and Shift4Good is sovereign-aligned ASEAN capital — LFP-specific positioning matters because LFP recovery economics are still unproven vs. NMC cathode value. Comp set: Li-Cycle (post-restructuring) on US Spoke-and-Hub LFP, Redwood Materials and Ascend Elements as the US incumbents, Cirba Solutions on US recycling, Princeton NuEnergy on direct cathode recycling; CATL (300750 CH) as the LFP cell-maker offtake counterparty. Pilot-plant commissioning is the binary milestone.",https://solarquarter.com/2026/01/09/neu-battery-materials-secures-pre-series-a-funding-to-scale-lfp-battery-recycling-technology/
harmattan-ai,Harmattan AI,French defense-tech company developing autonomy software and mission systems for combat aircraft and drones. Anchored by strategic backing from Dassault Aviation; positioned as France's defense-AI counterpart to Anduril and Helsing.,Robotics,Autonomous Systems & Drones,System Integration,Medium,None,Series B,venture,200.0,1400.0,2026-01-12,12-Jan-26,Jan-26,1Q26,2026,France (Paris),Dassault Aviation,"FirstMark Capital, Financiere Saint James, Kima Ventures",NVDA,"Dassault Aviation leading puts a French aerospace prime directly on the cap table of a defense-AI software unicorn — closest analog is Helsing's Saab integration and Anduril's Lattice positioning. Comp set: Helsing ($12B private), Anduril, Quantum Systems on the European defense-AI side. Strategic frame is Rafale and FCAS autonomy: Dassault gets a captive software layer, Harmattan gets guaranteed program integration. €1.4B is rich for Series B but in line with European defense-AI peers post-2022 EU spend reset.",https://techcrunch.com/2026/01/12/harmattan-ai-raises-200m-series-b-led-by-dassault-aviation-becomes-defense-unicorn/
skild-ai,Skild AI,Develops a general-purpose robot foundation model — a single AI 'brain' designed to work across different robot bodies. Pittsburgh-based; targets robot OEMs and integrators that want to license the underlying control intelligence rather than build it in-house.,Robotics,Software & Simulation,Software & Services,Medium,None,Series C,venture,1400.0,14000.0,2026-01-14,14-Jan-26,Jan-26,1Q26,2026,"USA (Pittsburgh, PA)",SoftBank Group,"NVentures (NVIDIA), Macquarie Capital, Bezos Expeditions, 1789 Capital, Disruptive, Lightspeed Venture Partners, Felicis Ventures, Coatue, Sequoia Capital, Samsung, LG, Schneider, CommonSpirit, Salesforce Ventures","TSLA, GOOGL","Largest pure robotics-software round ever and the clearest signal that capital is separating the robot-brain layer from the robot-body layer. Comp set on the brain side: Physical Intelligence (11B private), Rhoda AI (1.7B), Galaxea AI (2.9B in China). The strategic frame is OEM-agnostic licensing — a picks-and-shovels bet that the humanoid winners won't build their own foundation models. SoftBank-led syndicate alongside NVIDIA, Samsung, LG, Bezos is the most strategically loaded cap table in the cycle.",https://techcrunch.com/2026/01/14/robotic-software-maker-skild-ai-hits-14b-valuation/
etchedai,Etched.ai,"Designs the Sohu chip, a transformer-specific ASIC that hardwires the transformer architecture into silicon to outperform general-purpose GPUs on transformer inference. Manufactured at TSMC 4nm; targets inference workloads where transformer dominance makes specialization economical.",Semiconductors,Fabless Design,IP & Design,High,US_CHIPS_Act,Undisclosed,venture,500.0,5000.0,2026-01-14,14-Jan-26,Jan-26,1Q26,2026,"USA (San Francisco, CA)",Stripes,,"NVDA, TSM","Total raise approaching 1B for a pre-revenue ASIC bet on transformer architecture lock-in — the highest-conviction architectural wager in the dataset. Comp set: Groq (private, LPU on inference), Cerebras (wafer-scale), Tenstorrent on the alt-architecture side; NVIDIA (NVDA) as the architectural counter. If transformers stay dominant through 2027-28, Etched's Sohu economics are differentiated; if Mamba/SSM/diffusion architectures take meaningful share, the hardwiring becomes a liability. TSM (TSM) 4nm production timeline is the pacing constraint.",https://www.bloomberg.com/news/articles/2026-01-13/ai-chip-startup-etched-raises-500-million-to-take-on-nvidia
mytra,Mytra,"Builds a software-defined warehouse automation platform using climbing robots that move heavy material in three dimensions. Founded by former Tesla engineers; competes with Symbotic, AutoStore, and Exotec in ASRS.",Robotics,Warehouse & Logistics,System Integration,Medium,None,Series C,venture,120.0,,2026-01-14,14-Jan-26,Jan-26,1Q26,2026,"USA (Brisbane, CA)",Avenir Growth,,SYM,"Avenir Growth leading solo on a $120M Series C at ~$570M is unusually concentrated for ASRS — growth-stage warehouse-automation rounds typically syndicate 2-3 leads given the capital intensity. Comp set: Symbotic (SYM) as the public benchmark, AutoStore (AUTO NO) on the public side, Exotec and Geek+ as private peers. Ex-Tesla founder DNA is the differentiator, and climbing 3D-movement architecture is genuinely novel vs grid-shuttle approaches. Fortune-100 deployment is the catalyst; SYM's operational stumbles open the comp window.",https://fortune.com/2026/01/15/mytra-raises-120-million-series-c-scale-supply-chain-robotics/
tulip-interfaces,Tulip Interfaces,"No-code frontline-operations platform for manufacturing and life sciences, with AI embedded in workflow apps for operators and quality teams. Sells to discrete manufacturers and pharma/biotech producers; Mitsubishi Electric is a strategic investor.",Robotics,Software & Simulation,Software & Services,Medium,None,Series D,venture,120.0,1300.0,2026-01-14,14-Jan-26,Jan-26,1Q26,2026,"USA (Somerville, MA)",Mitsubishi Electric,,"SIE GR, ROK","Mitsubishi Electric leading at $1.3B unicorn signals Japanese industrial primes are buying their DX strategy rather than building it — the same pattern as Honda/Tulip and Toyota/Daido earlier in the cycle. Comp set: Siemens (SIE GR) MES, PTC (PTC) ThingWorx, Rockwell (ROK) FactoryTalk; AspenTech (now part of Emerson, EMR) on AI-enabled industrial software. No-code MES is consolidating around a small number of platforms, and Tulip's pharma/biotech traction gives it a vertical the legacy MES vendors are weaker in.",https://tulip.co/press/tulip-secures-120m-series-d/
psibot,PsiBot,"Chinese embodied-AI company developing dexterous-manipulation humanoid robots, including the PsiBot V1 wheeled dual-arm platform and the Psi-R series of vision-language-action models. Partnered with Meituan for the 'Little Yellow Bee' logistics robot and with NVIDIA on simulation training.",Robotics,Humanoid & Service Robots,System Integration,Pre-commercial,China_Made_In_China_2025,Series A,venture,280,,2026-03-10,10-Mar-26,Mar-26,1Q26,2026,China (Beijing),"China Development Bank Capital, Guozhong Capital, CCTV Media Convergence Industry Investment Fund","Xuhui Capital, Wuxi state-backed funds, Lanchi Venture Capital, Hillhouse",,"Heavily state-backed syndicate (China Development Bank Capital + CCTV Media + Guozhong + Wuxi/Shanghai state funds) marks PsiBot as a designated national champion in dexterous manipulation — distinct from the strategic-corporate-led structure at Unitree or X Square (Xiaomi-anchored). Meituan partnership for last-mile logistics robot and NVIDIA (NVDA) sim-training collaboration are the commercial pull-throughs. Comp set: Galaxea (brain-layer), Unitree, Galbot on robotics; the dexterous-manipulation focus narrows the field meaningfully.",https://autonews.gasgoo.com/articles/news/2-billion-yuan-why-did-state-backed-capital-collectively-bet-on-this-robotics-startup-2031717172080922625
spinq-technology,SpinQ Technology,Chinese quantum computing company developing superconducting and NMR-based quantum systems for industrial and educational customers. Targets the domestic Chinese quantum hardware market under the 15th Five-Year Plan.,Semiconductors,Frontier Compute,IP & Design,Medium,China_Big_Fund;US_Export_Controls_China,Series C,venture,145,,2026-01-21,21-Jan-26,Jan-26,1Q26,2026,China (Shenzhen),Guotai Junan Innovation Investment,"Cornerstone Capital, Sichuan Zhenxing Group",,"Guotai Junan Innovation Investment leading signals Chinese quantum is being treated as a state-priority sector under the 15th Five-Year Plan — the same financing pattern that mobilized capital into power-semis and EUV-adjacent equipment. Comp set: Origin Quantum, QuantumCTek (688027), QBoson on the domestic side; IBM (IBM), IonQ (IONQ), Rigetti (RGTI) on the US public side. 40-country deployment suggests the educational/scientific tier is being commoditized faster than expected. Superconducting-revenue shift is the technical update.",https://thequantuminsider.com/2026/01/21/spinq-closes-series-c-round-as-chinese-quantum-firm-pushes-commercial-expansion/
zipline,Zipline,"Operates an autonomous drone delivery network for medical supplies, retail goods, and food. Started with blood and vaccine delivery in Rwanda and Ghana; now expanding US operations to Houston, Phoenix, and Seattle. Builds both the fixed-wing delivery drones and the operating software stack.",Robotics,Autonomous Systems & Drones,System Integration,Medium,US_DPA_Title_III,Series H,venture,600.0,7600.0,2026-01-21,21-Jan-26,Jan-26,1Q26,2026,"USA (South San Francisco, CA)","Fidelity Management & Research, Baillie Gifford, Valor Equity Partners, Tiger Global Management","Fidelity Management & Research, Baillie Gifford, Tiger Global Management",GOOGL,"First close of a Series H at $7.6B post-money funds the US suburban rollout (Houston, Phoenix, Seattle) — the actual test of whether Zipline's economics work outside subsidized health-care delivery. Crossover-heavy syndicate (Fidelity, Baillie Gifford, Tiger, Valor) reads as IPO prep; closest public proxy is no one in autonomous delivery, with Wing (GOOGL subsidiary) and Matternet as private comps. Read this as the cleanest test of whether autonomous logistics scales without being acquired.",https://techcrunch.com/2026/01/21/zipline-charts-drone-delivery-expansion-with-600m-in-new-funding/
neurophos,Neurophos,Builds metasurface-based optical AI inference chips spun out of Duke University. Uses metamaterial modulators much smaller than standard photonic foundry cells; competes with Lightmatter and Celestial AI in photonic compute.,Semiconductors,Frontier Compute,IP & Design,Pre-commercial,US_CHIPS_Act,Series A,venture,110,,2026-01-22,22-Jan-26,Jan-26,1Q26,2026,"USA (Austin, TX)",Gates Frontier,"M12 (Microsoft), Carbon Direct Capital, Aramco Ventures, Bosch Ventures, Tectonic Ventures, Space Capital",,"M12 (Microsoft) alongside Gates Frontier, Bosch Ventures, and Aramco Ventures is the load-bearing strategic signal — hyperscaler + diversified-strategic backing positions Neurophos as the most-validated alt-photonic architecture in the dataset. Comp set: Lightmatter ($4.4B), Celestial AI ($2.5B), Olix Computing ($1B), Q.ANT (Germany) on the photonic-inference side. The metasurface modulator approach is genuinely novel vs the Mach-Zehnder dominant architecture. Capital base ($118M total) is light for photonic-foundry economics.",https://techcrunch.com/2026/01/22/from-invisibility-cloaks-to-ai-chips-neurophos-raises-110m-to-build-tiny-optical-processors-for-inferencing/
cyclic-materials,Cyclic Materials,"Recycles rare-earth permanent magnets from end-of-life EV motors, wind turbines, and hard drives using its Mag-Cycle process. Operates Hub100, a first commercial demonstration facility, as a circular alternative to primary rare earth mining.",Materials,Rare Earths & Critical Minerals,Upstream Materials,High,US_Critical_Minerals_List,Series C,venture,75,,2026-01-23,23-Jan-26,Jan-26,1Q26,2026,Canada,T. Rowe Price,"Canada Growth Fund, additional existing investors",,"T. Rowe Price leading a rare-earth-recycling Series C alongside Canada Growth Fund signals institutional capital is now treating REE recycling as a real industrial category, not an ESG-flavored thought experiment. Comp set: MP Materials (MP) on integrated mining + processing, Energy Fuels (UUUU), USA Rare Earth (USAR), Lynas (LYC AU) on primary processing; Noveon Magnetics and Phoenix Tailings on the recycling side. Chinese export-control overhang on REE magnets makes recycled feedstock structurally valuable to Western OEMs.",https://cyclicmaterials.earth/resources/cyclic-materials-secures-usd-75m-series-c-funding-to-fast-track-local-and-resilient-rare-earths-supply-at-global-scale
stepfun,StepFun,"Chinese AI lab developing large language and multimodal foundation models. Backed by Shanghai SDIC, a state-aligned investor; competes with Moonshot AI, ByteDance, and Baidu in the Chinese LLM market.",Robotics,Software & Simulation,Software & Services,Medium,None,Series B,venture,718.0,,2026-01-26,26-Jan-26,Jan-26,1Q26,2026,China (Shanghai),Shanghai SDIC Leading Fund,"China Life Private Equity, Pudong Venture Capital, Xuhui Capital, Wuxi Liangxi Fund, Xiamen ITG Group, Huaqin Technology, Tencent, Qiming Venture Partners, 5Y Capital",BIDU,"State-fund-led round at 718M makes StepFun the most explicitly Shanghai-backed of the Chinese foundation model champions — distinguishes it from Moonshot (Alibaba/Tencent anchored) and DeepSeek (private). Comp framing: Moonshot AI, Zhipu, MiniMax, and Baidu (BIDU) in domestic LLMs; embodied-AI extensions a likely next pivot given multimodal focus. Less interesting as a pure LLM bet than as evidence Shanghai is building its own state-aligned AI champion outside Beijing's orbit.",https://www.caixinglobal.com/2026-01-26/stepfun-raises-717-million-outpacing-newly-listed-ai-rivals-102408206.html
ricursive-intelligence,Ricursive Intelligence,"Builds an AI-driven semiconductor design platform that uses machine learning to generate chip layouts. Founded by the creators of Google DeepMind's AlphaChip, targeting EDA tooling and custom-silicon design services.",Semiconductors,EDA & IP,IP & Design,Pre-commercial,US_CHIPS_Act,Series A,venture,300,4000,2026-01-26,26-Jan-26,Jan-26,1Q26,2026,USA (San Francisco),Lightspeed Venture Partners,"NVentures (NVIDIA), DST Global, Felicis Ventures",,"Series A at 4B for pre-commercial EDA — founder pedigree (DeepMind AlphaChip creators) is the entire thesis. Comp set: Synopsys (SNPS) and Cadence (CDNS) on the public-EDA side; Ricursive is positioned as the AI-native disruptor to both. The recursive self-improvement framing (AI designs silicon for next-gen AI) is fundable narrative but unproven; real test is design wins at hyperscalers building custom AI silicon. NVIDIA (via NVentures), DST, and Lightspeed lineup is conviction-stacked but reflects narrative more than commercial pull.",https://www.datacenterdynamics.com/en/news/ricursive-intelligence-raises-300m-against-4bn-valuation-for-ai-chip-design-platform/
northwood-space,Northwood Space,"Builds software-defined ground stations for satellite communications, replacing dish-by-dish fixed infrastructure with a phased-array, multi-mission antenna platform. Targets defense and commercial constellation operators.",Space,Ground Systems & Antennas,Components & Subsystems,Medium,US_DPA_Title_III,Series B,venture,100,,2026-01-27,27-Jan-26,Jan-26,1Q26,2026,USA (El Segundo),"Washington Harbour Partners, Andreessen Horowitz",,,"Software-defined phased-array ground stations + $49.8M Space Force contract in parallel is the cleanest dual-validation in the satcom-ground segment — Northwood is being underwritten on DoD pull, not commercial constellation revenue. Comp set: KSAT, Viasat (VSAT), and Comtech (CMTL) on legacy ground stations; AWS Ground Station and Azure Orbital as hyperscaler counter; ATLAS and Leaf Space as private peers. Ground infrastructure is the unsexy bottleneck for the 10,000-satellite era, and DoD prefers single-vendor stack delivery.",https://techcrunch.com/2026/01/27/northwood-space-secures-a-100m-series-b-and-a-50m-space-force-contract/
robco,RobCo,German plug-and-play modular collaborative robot kits aimed at small and medium-sized manufacturers. Sells configurable robot cells with low integration overhead; expanding US presence with operations in San Francisco and Austin.,Robotics,Industrial Robots,System Integration,Medium,None,Series C,venture,100.0,,2026-01-28,28-Jan-26,Jan-26,1Q26,2026,Germany (Munich),"Lightspeed Venture Partners, Lingotto Innovation",,"TER, 6954 JP","German SME-cobot platform raising at growth scale despite legacy industrial robotics being mid-cycle weak — the bet is on plug-and-play modularity collapsing the SME integration cost that has been the binding constraint since Universal Robots scaled. Comp set: Universal Robots (Teradyne TER), FANUC (6954 JP), ABB (ABBN SW), Kawasaki on industrial robots; Vention and Mech-Mind on modular configurator software. Lightspeed + Lingotto (Agnelli) co-leading hints at Stellantis/CNH/Iveco distribution pull.",https://www.rob.co/en-us/company/press/robco-series-c
waabi,Waabi,"Develops AI-powered autonomous driving software for Class 8 freight trucks and robotaxis. Uses a simulation-first generative AI approach for training and validation, distinct from heavy-real-world-fleet competitors. Founded by Uber ATG's former chief scientist.",Robotics,Autonomous Systems & Drones,System Integration,Medium,None,Series C,venture,750.0,,2026-01-28,28-Jan-26,Jan-26,1Q26,2026,"Canada (Toronto, ON)","Khosla Ventures, G2 Venture Partners","Uber, NVentures (NVIDIA), Volvo Group Venture Capital, Porsche Automobil Holding, BlackRock, Radical Ventures, ADIA subsidiary, HarbourVest Partners, Incharge Capital",GOOGL,"Pivot from autonomous trucking alone to robotaxi expansion — competitive overlap with Waymo and Wayve widens. The simulation-first training approach differentiates Waabi from heavy-fleet competitors (Aurora AUR), but at 750M Series C Waabi is now committed to scale, not just R&D. Uber's $250M milestone-based check is the interesting structure: it's commitment-without-conviction and signals Uber is hedging across multiple AV partners (also a Waymo and Wayve investor).",https://www.cnbc.com/2026/01/28/autonomous-startup-waabi-raises-750-million-to-expand-into-robotaxis.html
nomagic,Nomagic,"Polish warehouse robotics company specializing in pick-and-place automation for e-commerce fulfillment. Competes with RightHand Robotics, Covariant, and Berkshire Grey.",Robotics,Warehouse & Logistics,System Integration,Medium,None,Series B (extension),venture,10.0,,2026-01-28,28-Jan-26,Jan-26,1Q26,2026,Poland (Warsaw),Cogito Capital Partners,,,"Series B extension with sole-lead Cogito Capital is conspicuously thin for a pick-and-place specialist three years after the original Series B — runway-extension framing reads as bridge financing rather than growth round. Comp set: Covariant on US AI-pick peers (acquired by Amazon in 2024), Sereact on EU peer, RightHand Robotics on US private, Symbotic (SYM) on listed-warehouse counter, AutoStore (AUTO NO) on goods-to-person. E-commerce automation TAM is real; Nomagic's positioning is squeezed between hyperscaler-backed Covariant successor and EU sovereign peers.",https://nomagic.ai/news/nomagic-secures-an-additional-10m-to-accelerate-commercial-growth-and-advance-its-technology-roadmap/
konnex,Konnex,Blockchain platform decentralizing autonomous robotic labor markets via smart contracts and KNX tokens. Targets DePIN-style coordination of autonomous robots; positioned in the robotics-DePIN intersection alongside Auki Labs and GeodNet.,Token,Decentralized AI / DePIN,Software & Services,Pre-commercial,None,Series A,token,15.0,,2026-01-31,31-Jan-26,Jan-26,1Q26,2026,USA,Cogitent Ventures,"Liquid Capital, Leland Ventures, Covey, LD Capital, M77 Ventures, Block Maven, Framework Ventures",,"Robotics-DePIN intersection is a narrow but distinct category — Konnex sits between physical-AI infrastructure and tokenized labor markets, with Framework Ventures crossover signaling crypto-native conviction. Comp set: Auki Labs on spatial-AI DePIN, GeodNet on RTK-GNSS DePIN, Helium-IOT (Helium Foundation) on hotspot peer; Hivemapper on mapping DePIN. KNX token economics depend on robot-fleet onboarding, the binary risk. Modest by tokenized AI/DePIN standards — Bittensor and Render comparables clear at much higher capitalization.",https://siliconangle.com/2026/01/15/konnex-nabs-15m-decentralize-autonomous-robotic-labor/
waymo,Waymo,"Develops autonomous driving technology and operates commercial robotaxi services in multiple U.S. cities. Subsidiary of Alphabet; runs a Level 4 driverless ride-hail business under the Waymo One brand using a sensor-rich vehicle platform with custom lidar, radar, and cameras.",Robotics,Autonomous Systems & Drones,System Integration,Medium,None,Series D,venture,16000.0,126000.0,2026-02-02,02-Feb-26,Feb-26,1Q26,2026,"USA (Mountain View, CA)","Dragoneer Investment Group, DST Global, Sequoia Capital","Andreessen Horowitz, Mubadala Capital, Bessemer Venture Partners, Silver Lake, Tiger Global Management, T. Rowe Price, BDT & MSD Partners, CapitalG, Fidelity Management & Research, GV, Kleiner Perkins, Perry Creek Capital, Temasek",TSLA,"Largest single AV raise ever; $126B post-money puts Waymo above most public auto OEMs and resets the bar for what a robotaxi unicorn is worth. Comp set: Tesla (TSLA) FSD as the only credible domestic rival; Baidu Apollo and Pony.ai (PONY) in China; Wayve and Waabi as private-market peers a tier below. Crossover-heavy syndicate (Sequoia, Dragoneer, Fidelity, T. Rowe) reads as IPO conditioning more than growth capital.",https://techcrunch.com/2026/02/02/waymo-raises-16-billion-round-to-scale-robotaxi-fleet-london-tokyo/
cerebras-systems,Cerebras Systems,"Designs wafer-scale AI processors and the systems that ship around them, including the CS-3 supercomputer and on-premises and cloud inference offerings. The wafer-scale approach packages an entire silicon wafer into a single chip with 900,000+ cores, targeting large-model training and inference workloads.",Semiconductors,Fabless Design,System Integration,High,US_CHIPS_Act,Series H,venture,1000.0,23000.0,2026-02-04,04-Feb-26,Feb-26,1Q26,2026,"USA (Sunnyvale, CA)",Tiger Global Management,"Benchmark, Fidelity Management & Research, AMD, Coatue, Atreides Management, Alpha Wave Global, Altimeter Capital, 1789 Capital","NVDA, AMD, GOOGL",Pre-IPO mark at $23B sets the floor for the April S-1 at $22-25B — Tiger leading with AMD strategic alongside is the clearest signal Cerebras is preparing public listing inside two months. AMD's participation is the interesting tell: an architectural competitor putting capital in suggests AMD reads wafer-scale as complementary to its MI accelerator roadmap rather than substitutionary. Read this and the April filing as one event.,https://www.cerebras.ai/press-release/cerebras-systems-raises-usd1-billion-series-h
positron,Positron,"Designs the Atlas memory-centric AI inference chip, architected around high-bandwidth memory to run large language models at lower power than GPU-based inference. Competes with NVIDIA H100/B200 in AI inference workloads.",Semiconductors,Fabless Design,IP & Design,Medium,US_CHIPS_Act,Series B,venture,230.0,1000.0,2026-02-04,04-Feb-26,Feb-26,1Q26,2026,"USA (Reno, NV)","ARENA Private Wealth, Jump Trading, Unless","Qatar Investment Authority, Arm Holdings, Helena, Valor Equity Partners, Atreides Management, DFJ Growth, Resilience Reserve, Flume Ventures, 1517",NVDA,"Memory-bound architecture bet on AI inference economics — Positron's claim is <1/3 the power of NVIDIA H100 at comparable throughput. Comp set: Cerebras (wafer-scale), Groq (LPU), Tenstorrent, SambaNova on architectural alternatives; NVIDIA (NVDA) as the franchise to dislodge. Arm Holdings (ARM) on the cap table is the strategic tell — ARM positioning Positron as a chiplet partner for ARM-native inference servers. At 1B valuation, Positron is priced as a credible inference-share play but with substantially less validation than Cerebras or Groq.",https://techcrunch.com/2026/02/04/exclusive-positron-raises-230m-series-b-to-take-on-nvidias-ai-chips/
bedrock-robotics,Bedrock Robotics,"Builds the Bedrock Operator, a retrofit autonomy kit that converts 20-80 ton excavators into autonomous earth-moving machines. Founded by former Waymo engineers; sells to construction and earthworks contractors.",Robotics,Industrial Robots,System Integration,Medium,None,Series B,venture,270.0,1750.0,2026-02-04,04-Feb-26,Feb-26,1Q26,2026,"USA (San Francisco, CA)","CapitalG, Valor Atreides AI Fund","Xora, 8VC, Eclipse Ventures, Emergence Capital, Perry Creek Capital, NVentures (NVIDIA), Tishman Speyer, MIT, Georgian, Incharge Capital, C4 Ventures","6954 JP, ABBN SW","Retrofit-kit-on-existing-fleet model is the structurally smartest go-to-market in heavy-equipment autonomy — Bedrock avoids the OEM-displacement battle and rides Komatsu (6301 JP), Caterpillar (CAT), Hitachi (6305 JP) installed base. Comp set: Built Robotics (private, similar retrofit model), Caterpillar's own Cat MineStar, Hitachi (6305 JP), Komatsu autonomous truck programs. Ex-Waymo founding team carries an autonomy IP and recruiting moat. The 1.75B post-money is rich for a Series B but defensible if the retrofit kit ships in 2027 at promised cost basis.",https://www.therobotreport.com/bedrock-robotics-270m-series-b-paves-way-operator-less-excavators/
stoke-space,Stoke Space,"Develops Nova, a fully reusable two-stage medium-lift rocket. Both stages are designed to return and land for refurbishment. Targets US national security launch contracts (NSSL Phase 3 Lane 1) alongside commercial customers.",Space,Launch,Deployment & Operation,High,US_DPA_Title_III,Series D (extension),venture,350.0,,2026-02-10,10-Feb-26,Feb-26,1Q26,2026,"USA (Kent, WA)",,,RKLB,"Extension on the Oct-25 Series D brings cumulative raise to 1.34B — Stoke is now the second-best-funded fully-reusable launch program globally after SpaceX. Comp set is narrow: Rocket Lab (RKLB) on the commercial side, Blue Origin private, Relativity privately. NSSL Phase 3 Lane 1 award is the binary catalyst; without it, capital efficiency math breaks. First Nova flight test is the critical de-risk; existing capital base now buys ~3 years of runway through that milestone.",https://spacenews.com/stoke-space-adds-350-million-to-series-d-round/
olix-computing,Olix Computing,"Develops the OTPU, a photonic AI inference chip targeting low-power, low-latency edge and data center deployments. UK-based; first products planned for 2027 shipment.",Semiconductors,Fabless Design,IP & Design,Pre-commercial,UK_NSI_Act,Series A,venture,220.0,1000.0,2026-02-11,11-Feb-26,Feb-26,1Q26,2026,United Kingdom (London),Hummingbird Ventures,"Plural, Vertex Ventures, LocalGlobe, Entrepreneurs First",NVDA,"UK photonic-inference unicorn at $1B — the round is more about staking out a European photonic-AI champion than near-term revenue. Comp set on inference-photonics: Lightmatter, Celestial AI, Q.ANT (Germany); Ayar Labs sits adjacent on interconnect. Strategic frame is sovereignty: Olix is the closest thing the UK has to a credible non-NVIDIA (NVDA) inference silicon bet, which is the only reason an undisclosed-lead $220M Series A clears. Valuation looks stretched without a foundry partner disclosure.",https://techfundingnews.com/olix-220m-unicorn-photonic-ai-chips-inference/
apptronik,Apptronik,"Builds Apollo, a general-purpose humanoid robot for warehouse and manufacturing work. Partnered with Mercedes-Benz for factory pilot deployments; targets logistics and automotive industrial customers.",Robotics,Humanoid & Service Robots,System Integration,High,None,Series A (extension),venture,520.0,5500.0,2026-02-11,11-Feb-26,Feb-26,1Q26,2026,"USA (Austin, TX)","B Capital, Google, Mercedes-Benz","AT&T Ventures, John Deere, Qatar Investment Authority, PEAK6","TSLA, XPEV","Mercedes-Benz on the cap table alongside Google and B Capital is the load-bearing fact — automotive OEM pull is the closest thing to commercial validation in humanoid right now. Comp set: Figure AI (2.6B+ private), Agility Robotics (BMW partnership), Tesla (TSLA) Optimus, 1X. At 5.5B post, Apptronik is in the second tier behind Figure but the Mercedes pilot makes it the highest-conviction Western humanoid bet for industrial deployment specifically. Series A extension at this size is unusual — implies Series B was a structural step Apptronik wanted to skip.",https://www.cnbc.com/2026/02/11/apptronik-raises-520-million-at-5-billion-valuation-for-apollo-robot.html
aalyria,Aalyria,"Operates a laser-based free-space optical communications network for satellite-to-satellite, satellite-to-ground, and terrestrial connectivity. Spun out of Google's Project Loon; sells to defense and constellation operators.",Space,Satellite Communications,Deployment & Operation,Medium,US_DPA_Title_III,Series B,venture,100.0,1300.0,2026-02-12,12-Feb-26,Feb-26,1Q26,2026,"USA (Livermore, CA)","Battery Ventures, J2 Ventures",DYNE,GOOG,"Google (GOOG) Project Loon spinout valued at $1.3B with Battery + J2 Ventures + DYNE leading — laser optical comms is the AI-cluster-of-satellites equivalent for orbital networking, and Aalyria's Spacetime software is the routing brain. Comp set: Mynaric (now under Rocket Lab RKLB), CACI International (CACI), BridgeComm on optical terminals; SpaceX Starlink's internal ISL stack as the dominant proprietary architecture. Defense and constellation operators need a non-Starlink option; DPA Title III is the demand underpin.",https://www.cnbc.com/2026/02/23/google-spinout-aalyria-valued-at-1point3-billion-in-100-million-round.html
tomorrowio,Tomorrow.io,"Operates a proprietary weather satellite constellation and provides hyper-local weather prediction and analytics to enterprise customers. Targets aviation, logistics, energy, and government users with AI-native forecasts.",Space,Earth Observation,Deployment & Operation,Medium,US_DPA_Title_III,Series F,venture,175.0,,2026-02-03,3-Feb-26,Feb-26,1Q26,2026,"USA (Boston, MA)","Stonecourt Capital, HarbourVest",,SPIR,"Stonecourt and HarbourVest leading without a strategic anchor is the conspicuous feature — Tomorrow.io's pitch has long been enterprise + government weather analytics, but $175M Series F without an aviation or defense prime on the cap table means the constellation buildout is being financed on pure-PE conviction. Closest public comp Spire Global (SPIR) has struggled to monetize EO-derived analytics; the read-through is that weather-tech may be a single-name story rather than a category. DPA Title III tagging hints at DoD pull as the underwriting case for the constellation.",https://www.tomorrow.io/blog/tomorrow-io-announces-175m-financing-to-deploy-deepsky-the-worlds-first-ai-native-weather-satellite-constellation/
axiom-space,Axiom Space,Builds commercial space station modules that will initially attach to the International Space Station and later separate as a free-flying successor station. Also develops a next-generation spacesuit for NASA's Artemis lunar program and operates private crewed missions to the ISS.,Space,In-Orbit Services,Deployment & Operation,Medium,US_DPA_Title_III,Debt Financing,debt,350.0,,2026-02-12,12-Feb-26,Feb-26,1Q26,2026,"USA (Houston, TX)","Type One Ventures, Qatar Investment Authority","1789 Capital, 4iG, LuminArx Capital, additional investors",,"Hybrid equity + debt structure with QIA leading is the tell — Axiom is paying a debt-cost premium because pure equity at the prior implied valuation would mark down too aggressively against the Vast and Sierra raises in the same window. QIA participation is sovereign capital pricing optionality on Saudi/UAE crewed-mission revenue. CLD Phase 2 award is the binary; without it, Axiom is at risk of becoming a spacesuit contractor rather than a station operator.",https://www.axiomspace.com/release/axiom-space-secures-350m-financing-to-accelerate-space-station-spacesuit-development
galaxea-ai,Galaxea AI,"Chinese humanoid robot company developing general-purpose embodied AI platforms for industrial and commercial applications. Competes with Galbot, Unitree, and Agibot in the Chinese humanoid market.",Robotics,Humanoid & Service Robots,Software & Services,Medium,China_Made_In_China_2025,Series B,venture,144.0,1400.0,2026-02-12,12-Feb-26,Feb-26,1Q26,2026,China (Beijing),Jinding Capital,"Hone Capital, Cathay Capital, Meituan Dragonball, Capital Today, Beijing Automotive Group, InnoVen Capital, Loyal Valley Capital","TSLA, XPEV","Galaxea is Beijing's answer to Skild AI/Physical Intelligence — same VLA foundation-model thesis, $1.4B places it in the same Chinese humanoid second tier as AI2 Robotics. Comp set: Skild ($14B Western lead), Physical Intelligence ($11B), Rhoda AI ($1.7B) on the brain-licensing side; Unitree, Galbot, AI2 Robotics on the hardware side. Jinding Capital lead alongside Meituan Dragonball, Beijing Automotive, and InnoVen is a strategic-heavy cap table. Chinese embodied-AI software is bifurcating from hardware OEMs the same way it has in the US.",https://www.caixinglobal.com/2026-02-12/galaxea-ai-raises-144-million-as-chinas-robot-investment-frenzy-mounts-102413767.html
9348 JP,iSpace,Japanese lunar exploration company developing the HAKUTO-R lunar lander and Series 3 lander for cislunar cargo missions. Listed on the Tokyo Stock Exchange (9348). Not to be confused with the Chinese launch company iSpace / Beijing Interstellar Glory.,Space,Launch,Deployment & Operation,Medium,China_Made_In_China_2025;US_Export_Controls_China,Series D,venture,730.0,,2026-02-12,12-Feb-26,Feb-26,1Q26,2026,China (Beijing),"Cowin Capital, Jingming Capital","Spring Partners, Chengdu Industry Group, Qianlima Capital",RKLB,"Largest Chinese commercial launch raise on record; the entity name confusion (Chinese iSpace vs Japanese ispace 9348) matters less than the signal — Chinese state-aligned capital is funding reusable launch infrastructure as a sovereign capability. Closest public comps: Rocket Lab (RKLB) globally and Tokyo-listed 9348 in cislunar. The China launch race is a 5-name field (LandSpace, Galactic Energy, iSpace, Space Pioneer, Deep Blue Aerospace); this round consolidates iSpace as the top private. Export-control insulation is the structural moat.",https://spacenews.com/chinas-ispace-launch-firm-raises-record-729-million-for-reusable-rockets/
stark,Stark,"German developer of weaponized drone systems for armed forces. Holds a Eur2.4B framework agreement with the German Bundeswehr, with deployment to a Lithuania-based brigade by end-2026. Founded in 2024 by Florian Seibel (formerly of Quantum Systems).",Robotics,Software & Simulation,Software & Services,Pre-commercial,None,Undisclosed,venture,,1200.0,2026-02-12,12-Feb-26,Feb-26,1Q26,2026,Germany (Berlin),Founders Fund,"8VC, Doepfner Capital, In-Q-Tel, NATO Innovation Fund",,"$1.2B unicorn mark on the back of a Eur2.4B Bundeswehr framework contract is government-pull at the cleanest extreme — Stark is being priced like a defense-prime in formation, not a venture-stage drone startup. Comp set: Helsing on AI-defense software, Anduril on US defense-tech, Quantum Systems (Florian Seibel's prior) on EU ISR drones, Tekever on Portuguese ISR, Shield AI on US autonomy; Rheinmetall (RHM GR) and Hensoldt (HAG GR) as the listed European defense-prime counterparts. Lithuania deployment is the binary execution gate.",https://sifted.eu/articles/stark-unicorn-valuation-following-german-armed-forces-deal
chipagents,ChipAgents,Builds AI agents that automate semiconductor verification and design workflows. Strategic backing from TSMC-affiliated Matter Venture Partners; competes with Synopsys and Cadence on AI-enabled design tools.,Semiconductors,EDA & IP,IP & Design,Pre-commercial,US_CHIPS_Act,Series A,venture,50.0,,2026-02-18,18-Feb-26,Feb-26,1Q26,2026,"USA (Santa Clara, CA)",Matter Venture Partners,"Bessemer Venture Partners, Micron, MediaTek, Ericsson","SNPS, CDNS","Matter Venture Partners (TSMC-backed) leading with Micron, MediaTek, and Ericsson strategic is the strongest semiconductor-customer endorsement an AI-EDA startup has received this cycle — the buyer list is essentially the cap table. Comp set: Cognichip on AI-for-chip-design, Synopsys (SNPS) DSO.ai and Cadence (CDNS) Cerebrus on the EDA-incumbent counter, Quilter and Silimate on private peers. AI-agent automation of verification is the cleanest near-term productivity wedge for foundries at advanced nodes.",https://siliconangle.com/2026/02/18/chipagents-secures-50m-funding-accelerate-agentic-chip-design/
world-labs,World Labs,"Builds large 3D world models — generative AI systems that produce navigable, physically consistent 3D environments from text or image prompts. Founded by Fei-Fei Li; targets applications in design tooling, simulation, and embodied AI.",Robotics,Software & Simulation,Software & Services,Pre-commercial,None,Undisclosed,venture,1000.0,5000.0,2026-02-18,18-Feb-26,Feb-26,1Q26,2026,"USA (San Francisco, CA)","Autodesk, AMD, NVentures (NVIDIA), Fidelity Management & Research, Emerson Collective, Sea",,"NVDA, AMD","Largest seed/early raise in spatial AI; Autodesk (200M anchor), AMD, and NVIDIA on the cap table signal this isn't a research bet — it's a tooling and simulation infrastructure play. Comp set is NVIDIA (NVDA) Omniverse and Google DeepMind's Genie work; the strategic frame is foundation-model layer for embodied AI training data, where simulation-generated 3D worlds become the bottleneck input. Fei-Fei Li brand premium is real but the 5B mark is rich pre-revenue.",https://www.bloomberg.com/news/articles/2026-02-18/ai-pioneer-fei-fei-li-s-startup-world-labs-raises-1-billion
taalas,Taalas,"Develops model-specific AI chips (the HC1) that hardwire the weights of a specific AI model directly into silicon, manufactured at TSMC. Claims much faster inference and lower power than general-purpose GPUs for a fixed model.",Semiconductors,Fabless Design,IP & Design,Pre-commercial,None,Other,venture,169,,2026-02-19,19-Feb-26,Feb-26,1Q26,2026,Canada (Toronto),Quiet Capital,"Fidelity Management & Research, Pierre Lamond",,"Cleanest expression of the model-specific ASIC thesis — Taalas hardwires a single model's weights directly into silicon, the most extreme architectural lock-in in the AI-chip dataset. Comp set: Etched.ai (transformer-specific ASIC), Groq and Cerebras (IPO filed) on broader alt-architecture, NVIDIA (NVDA) as the general-purpose counter. The structural bet is real: if a frontier model holds market share for 18+ months, hardwiring economics dominate GPU economics. Quiet Capital + Fidelity + Pierre Lamond is unusually deep-pocketed for an Other-stage round.",https://siliconangle.com/2026/02/19/taalas-raises-169m-funding-develop-model-specific-ai-chips/
ai2-robotics,AI2 Robotics,"Chinese humanoid robot company developing AI-powered general-purpose humanoid platforms, including the AlphaBot embodied-AI product. Competes with Unitree and Galbot in the Chinese humanoid market.",Robotics,Humanoid & Service Robots,System Integration,Medium,China_Made_In_China_2025,Series B,venture,145.0,1400.0,2026-02-24,24-Feb-26,Feb-26,1Q26,2026,China (Shenzhen),"Baidu, CRRC","Yusys Technologies, Sentury Tire, Guotai Haitong Securities","TSLA, XPEV","Baidu and CRRC co-leading is the load-bearing combination — Baidu brings the embodied-AI foundation-model stack (Apollo, ERNIE) and CRRC brings industrial-deployment scale at China's state-rail operator. Comp set in Chinese humanoid: Unitree (~$7B implied), Galaxea AI ($1.4B), Galbot, plus Tesla (TSLA) Optimus and Figure on the Western counter. Strategic frame is industrial-pilot pull: CRRC factory deployments give AI2 a customer the Western humanoid pure-plays lack. $1.4B places AI2 in the second tier behind Unitree.",https://www.therobotreport.com/ai2-robotics-raises-series-b-funding-advance-alphabot-embodied-ai/
axelera-ai,Axelera AI,"Dutch fabless designer of edge AI inference chips for computer vision and LLM workloads in automotive ADAS, robotics, and industrial applications. Competes with Qualcomm, Hailo, and Intel Movidius at the edge.",Semiconductors,Fabless Design,IP & Design,Medium,EU_Chips_Act,Series C,venture,250.0,,2026-02-24,24-Feb-26,Feb-26,1Q26,2026,Netherlands (Eindhoven),Innovation Industries,"BlackRock, SiteGround Capital, Bitfury, CDP Venture Capital, EIC Fund, Samsung Catalyst Fund, Invest-NL","QCOM, INTC","European sovereignty play in edge AI — Innovation Industries + Invest-NL + EIC Fund signal Dutch and EU industrial-policy capital underwriting an alternative to Qualcomm (QCOM), Hailo, and Intel (INTC) Movidius. BlackRock leading the financial side is the unusual element; pension-fund capital entering EU chip sovereignty is the new structural pattern post EU Chips Act. Comp framing: Hailo (Israel, private), Mythic (US, private), Qualcomm and INTC on the public side. Automotive ADAS design wins are the binary; if Stellantis/VW/Mercedes commit, Axelera clears.",https://www.bloomberg.com/news/articles/2026-02-24/blackrock-backs-dutch-chipmaker-axelera-ai-in-250-million-round
matx,MatX,"Designs custom AI ASICs optimized for transformer model training and inference. Targets large language model workloads at hyperscale, competing with NVIDIA GPUs and Google TPUs at the chip layer.",Semiconductors,Fabless Design,IP & Design,Medium,US_CHIPS_Act,Series B,venture,500.0,,2026-02-24,24-Feb-26,Feb-26,1Q26,2026,"USA (Mountain View, CA)","Jane Street, Situational Awareness (Leopold Aschenbrenner)","Spark Capital, Triatomic Capital, Harpoon Ventures, Andrej Karpathy, Patrick & John Collison (Stripe), Alchip, Marvell","NVDA, GOOGL","Jane Street and Leopold Aschenbrenner's Situational Awareness co-leading is the most ideologically loaded cap table in semis — high-frequency-trading capital + AGI-pilled fund underwriting a transformer ASIC bet. Comp framing: Etched.ai (similar architectural wager), Groq, Cerebras, NVIDIA (NVDA), Google (GOOGL) TPU. Alchip and Marvell as strategic investors signal a packaging/IP partnership path. Less polished story than Etched but stronger compute-customer pull narrative; the open question is tapeout execution at TSM.",https://techcrunch.com/2026/02/24/nvidia-challenger-ai-chip-startup-matx-raised-500m/
sambanova,SambaNova,"Sells the SN40L AI accelerator chip and a full-stack enterprise AI platform combining hardware, models, and software. Targets enterprises deploying generative AI on-premises or in dedicated clouds, competing with NVIDIA DGX Cloud and Cerebras.",Semiconductors,Fabless Design,IP & Design,Medium,US_CHIPS_Act,Series E,venture,350.0,,2026-02-24,24-Feb-26,Feb-26,1Q26,2026,"USA (San Jose, CA)","Vista Equity Partners, Cambium Capital","Intel Capital, Assam Ventures, Battery Ventures, Gulf Development, Mayfield Fund, Saudi First Data, Seligman Ventures, T. Rowe Price",NVDA,"Intel Capital's 100-150M check inside this round is the most strategically interesting element — Intel (INTC) backing a competitor's full-stack AI play either signals Foundry-customer positioning or platform-hedge against NVIDIA (NVDA). Vista leading at 350M reads as a private-equity-style structure on what was previously a venture round, implying SambaNova may be heading toward a sale rather than IPO. Comp set: Cerebras, Groq, NVIDIA DGX Cloud on full-stack enterprise AI. Less of a chip company than a platform play at this stage.",https://siliconangle.com/2026/02/24/sambanova-steps-challenge-nvidia-new-chip-350m-funding-powerful-ally-intel/
spirit-ai,Spirit AI,"Chinese humanoid robot company developing bipedal humanoid platforms for industrial applications. Targets factory deployment pilots and government procurement; competes with Unitree, Galbot, and XPENG robotics.",Robotics,Humanoid & Service Robots,System Integration,Pre-commercial,China_Made_In_China_2025,Series A,venture,290.0,1400.0,2026-02-24,24-Feb-26,Feb-26,1Q26,2026,China (Beijing),"Chaos Investment, YF Capital (Yunfeng Capital)","HongShan, Synstellation Capital, TCL Capital, 360 Capital, HouXue Capital","TSLA, XPEV","Third Chinese humanoid round exceeding 250M in Q1 alone (alongside NEURA equivalent paths and Galaxea-class brain layer) — confirms China has entered the deployment-capital phase of the humanoid cycle while the US is still in foundation-building. Comp set: Unitree, Galbot, Xpeng (XPEV) robotics, Agibot. YF Capital (Yunfeng) anchor signals Jack Ma-network capital; Chaos Investment lead suggests state-aligned secondary. At 1.4B post-money on Series A, valuation is rich; depends entirely on government procurement pull-through.",https://www.caixinglobal.com/2026-02-24/chinas-spirit-ai-valued-at-over-10-billion-yuan-after-two-funding-rounds-102416556.html
wayve,Wayve,"Develops end-to-end embodied AI driving models that learn driving behavior from data rather than hand-coded rules. Licenses its self-driving stack to automakers and operates ride-hail pilots in the U.K., Germany, and the U.S.",Robotics,Autonomous Systems & Drones,System Integration,Medium,None,Series D,venture,1200.0,8600.0,2026-02-24,24-Feb-26,Feb-26,1Q26,2026,United Kingdom (London),"Eclipse Ventures, Balderton Capital, SoftBank Vision Fund 2","Microsoft, NVentures (NVIDIA), Uber, Mercedes-Benz, Nissan, Stellantis, Ontario Teachers' Pension Plan, Baillie Gifford, British Business Bank","TSLA, GOOGL","The largest European AV raise and the cleanest test of the end-to-end learned-driving thesis vs Waymo's sensor-heavy approach. OEM-heavy syndicate (Mercedes, Nissan, Stellantis, Uber) prices Wayve as Tier-1 platform licensor rather than scaled operator — a fundamentally different unit-economics path than Waymo. Closest public proxy is Mobileye (MBLY); Wayve's $8.6B private mark looks reasonable against MBLY's market cap given the foundation-model architecture premium.",https://techcrunch.com/2026/02/24/self-driving-tech-startup-wayve-raises-1-2b-from-nvidia-uber-and-three-automakers/
oq-technology,OQ Technology,"Luxembourg-based satellite IoT operator delivering 5G narrowband IoT connectivity through GEO satellites. Competes with AST SpaceMobile, Globalstar, and Iridium in satellite IoT.",Space,Satellite Communications,Deployment & Operation,Medium,None,Debt Financing,debt,29.0,,2026-02-25,25-Feb-26,Feb-26,1Q26,2026,Luxembourg,European Investment Bank,,"ASTS, GSAT, IRDM","$29M EIB venture-debt at the InvestEU layer is non-dilutive growth capital, an unusual structure for a satellite-IoT operator — signals OQ is mature enough to support debt service, which Iridium (IRDM) and Globalstar (GSAT) only achieved post-listing. Comp set: AST SpaceMobile (ASTS) on D2C scale, Iridium and Globalstar on listed satellite-IoT incumbency, Sateliot on EU peer. 3GPP 5G NTN standard adoption is the upside catalyst; the test is whether NB-IoT volumes ramp before debt obligations bite.",https://payloadspace.com/oq-technology-lands-e25m-in-eib-venture-debt-financing/
revel,Revel,"Builds an AI-driven test and evaluation platform for autonomous systems, used for validation of defense and autonomous-vehicle programs. Competes with traditional T&E vendors (National Instruments, Keysight) on simulation-first workflows.",Robotics,Autonomous Systems & Drones,System Integration,Medium,US_DPA_Title_III,Series B,venture,150.0,1000.0,2026-02-26,26-Feb-26,Feb-26,1Q26,2026,"USA (Los Angeles, CA)",Index Ventures,"Redpoint Ventures, Thrive Capital, Felicis Ventures, Abstract Ventures",EMR,"$150M Series B at $1B for autonomous-systems T&E is heavy capitalization for an infrastructure-layer software business — Revel is being priced as the simulation-and-validation backbone for the defense-AV stack, not as a one-off vendor. Comp set: Applied Intuition (private, ~$15B) on AV simulation broadly, Foretellix on scenario-based testing, Ansys (ANSS) on engineering simulation; NI (now under Emerson EMR) and Keysight (KEYS) on legacy T&E. The DPA Title III tagging signals real DoD demand pull. Index leading without a defense prime on the cap table is the soft spot.",https://finance.yahoo.com/news/revel-raises-150m-series-b-140000398.html
sophia-space,Sophia Space,Builds modular cooling systems and TILES processors for space-based data centers. Targets orbital DC infrastructure alongside Lumen Orbit/Starcloud as a thesis on space compute.,Space,In-Orbit Services,Deployment & Operation,Pre-commercial,US_DPA_Title_III,Seed,venture,10.0,,2026-02-26,26-Feb-26,Feb-26,1Q26,2026,"USA (Pasadena, CA)","Alpha Funds, KDDI Green Partners Fund, Unlock Venture Partners",,,"KDDI Green Partners Fund leading is the Japanese sovereignty-and-power-arbitrage tell — orbital data centers are a sovereign-power play for grid-constrained jurisdictions, and Japan is the most acute case. Comp set: Lonestar Data Holdings on lunar data centers, Lumen Orbit on US orbital DC, Axiom on station-attached compute, Starcloud on Starship-deployed scale; Equinix (EQIX) and Iron Mountain (IRM) as terrestrial counters. $10M seed sizing implies cooling-prototype demonstration is the near-term gate, not full orbital deployment.",https://techcrunch.com/2026/02/26/sophia-space-raises-10m-seed-to-demo-novel-space-computers/
nio-genitech,Nio GeniTech,"Semiconductor spinout from Chinese EV maker NIO, developing automotive AI chips for self-driving and in-cabin compute. Competes with Qualcomm in automotive SoCs and with domestic Chinese chip designers like Horizon Robotics.",Semiconductors,Fabless Design,IP & Design,Pre-commercial,China_Big_Fund;US_Export_Controls_China,Series A,venture,330.0,1450.0,2026-02-26,26-Feb-26,Feb-26,1Q26,2026,China (Shanghai),"Hefei State-owned Investment, Hefei Haiheng, IDG Capital, China Fortune-Tech Capital, Hua Capital","Hefei State-Owned Capital, Hefei Haiheng, China Fortune-Tech Capital, Yuanhe Puhua",QCOM,"EV-OEM-to-silicon spinout pattern mirroring Tesla's Dojo and Xpeng's (XPEV) Turing chip — Hefei state-owned anchor signals Anhui province building its own automotive-AI cluster. Comp set: Horizon Robotics (9660 HK) as the dominant domestic ADAS SoC, Black Sesame, plus Qualcomm (QCOM) and NVIDIA (NVDA) on the foreign side. The strategic frame is China-domestic substitution: every Chinese OEM ultimately wants captive silicon, mirroring Apple's M-series strategy. Nio's first-mover advantage matters less than the volume committed.",https://cnevpost.com/2026/02/26/nio-confirms-chip-unit-funding/
rapidus,Rapidus,"Japan's flagship advanced semiconductor foundry, building a fab in Chitose, Hokkaido aiming for 2nm production by 2027. Technology transfer agreement with IBM; backed by Japanese government investment.",Semiconductors,Foundry,Fabrication & Manufacturing,High,Japan_METI_Semi_Strategy,Government investment,government,1700.0,,2026-02-27,27-Feb-26,Feb-26,1Q26,2026,"Japan (Chitose, Hokkaido)",Japan IPA (govt; 100B yen),"Canon, Fujitsu, NTT, SoftBank, Sony, Development Bank of Japan","TSM, INTC","Notable not for the dollar amount but for the 32-company private co-investor list — Canon, Fujitsu, NTT, SoftBank, Sony, and DBJ effectively coupling the Japanese industrial base to the foundry's survival. This is the closest the dataset gets to a national-champion equity structure; functions as commercial commitment as much as capital, mitigating the demand-side risk that has dogged Intel Foundry. Public read-through is bearish-at-the-margin for TSM and INTC if 2nm Rapidus volumes materialize on schedule.",https://www.japantimes.co.jp/business/2026/02/27/companies/rapidus-new-investment/
sierra-space,Sierra Space,"Builds the Dream Chaser reusable spaceplane for cargo missions to the International Space Station, and develops satellites and orbital infrastructure including the LIFE inflatable habitat for commercial space stations. Increasingly focused on national-security space contracts.",Space,In-Orbit Services,Deployment & Operation,High,US_DPA_Title_III,Series C,venture,550.0,8000.0,2026-03-03,03-Mar-26,Mar-26,1Q26,2026,"USA (Louisville, CO)",LuminArx Capital Management,,"RKLB, LUNR","Pivot from commercial-LEO-station prime to national-security space contractor — Dream Chaser is now anchor to a broader defense play rather than the franchise itself. At 8B post-money, Sierra is valued in the same band as Axiom (350M debt+equity at similar level) and Vast (500M) but with a more diversified contract book. LuminArx leading without strategic primes participating is the soft spot — the absence of LMT/NOC/RTX strategic capital is conspicuous given the pivot narrative.",https://www.sierraspace.com/press-releases/sierra-space-closes-550-million-in-series-c-round-with-a-valuation-of-8-billion/
ayar-labs,Ayar Labs,"Develops co-packaged optics (CPO) — silicon photonic chiplets integrated directly with compute and switch ASICs to replace copper interconnects in AI data centers. Strategic investors include AMD, NVIDIA, Intel, and MediaTek; manufactures at TSMC and GlobalFoundries.",Semiconductors,Fabless Design,IP & Design,High,US_CHIPS_Act,Series E,venture,500.0,3750.0,2026-03-03,03-Mar-26,Mar-26,1Q26,2026,"USA (San Jose, CA)",Neuberger Berman,,"AVGO, INTC, AMD, NVDA","Co-packaged optics is no longer speculative — AMD, NVIDIA, Intel, MediaTek all on the cap table is the clearest signal CPO is moving from R&D to production architecture for 2027-28 AI clusters. Public-market read-through: bearish for legacy pluggable optics names (Coherent COHR, Lumentum LITE), bullish for the silicon-photonics integration story at AVGO and MRVL. At 3.75B post-money, Ayar is priced as a strategic acquisition target as much as an independent — the customer list is essentially the buyer list.",https://ayarlabs.com/news/series-e
vast,Vast,"Commercial space station developer building Haven-1, a single-module station launching to LEO, and Haven-2, a multi-module follow-on positioned as an ISS successor. Competing in NASA's Commercial LEO Destinations (CLD) program against Axiom Space, Sierra Space, and Blue Origin.",Space,In-Orbit Services,Deployment & Operation,Pre-commercial,US_DPA_Title_III,Series A,venture,500.0,,2026-03-03,03-Mar-26,Mar-26,1Q26,2026,"USA (Long Beach, CA)",Balerion Space Ventures,,LUNR,"First external round after Jed McCaleb's self-funded build — 300M equity + 200M debt, with QIA, IQT, Mitsui, Nikon signaling sovereign and strategic conviction. Comp set: Axiom Space, Sierra Space, Blue Origin Orbital Reef on the CLD competition; Vast is the most aggressive on timeline (Haven-1 launching 2026). The structural risk is that NASA CLD Phase 2 award concentration could leave the loser without ISS-transition revenue. Watch Haven-1 launch and PAM-6 mission as the binary catalysts.",https://www.vastspace.com/updates/vast-secures-500m-in-funding-to-accelerate-production-of-haven-space-stations
neura-robotics,NEURA Robotics,"Develops humanoid and cognitive robots equipped with onboard AI software for industrial and service applications. Flagship product is the 4NE1 humanoid, a 5.9-foot bipedal robot designed to understand natural-language instructions and handle payloads up to 220 pounds.",Robotics,Humanoid & Service Robots,System Integration,High,None,Undisclosed,venture,1200.0,4600.0,2026-03-04,04-Mar-26,Mar-26,1Q26,2026,Germany (Metzingen),Tether Holdings,,"TSLA, XPEV","Stablecoin issuer backing humanoid hardware is the cycle's strangest capital pairing — Tether's check alone is twice the prior largest single investment into a pure-play humanoid co. Comp set: Figure (2.6B+ private), Apptronik (5.5B post this batch), Galaxea AI (2.9B private). The German cap table is the clearest sovereignty signal in EU humanoid; matters more than the dollar amount. At ~€4B valuation, NEURA is now the European humanoid leader, full stop.",https://siliconangle.com/2026/03/04/humanoid-robot-maker-neura-robotics-reportedly-raising-1-2b-funding/
pld-space,PLD Space,"Spanish launch vehicle company developing MIURA 5, a small reusable launcher for European commercial and government missions. Mitsubishi Electric is a strategic investor anchoring Asian customer access.",Space,Launch,Deployment & Operation,Medium,None,Series C,venture,209.0,,2026-03-04,04-Mar-26,Mar-26,1Q26,2026,Spain (Elche),Mitsubishi Electric,,RKLB,Mitsubishi Electric as strategic anchor matters more than the headline — a Japanese aerospace prime backing a Spanish small-launcher signals European sovereign-launch capacity is being plugged into Asian customer pull rather than just EU institutional demand. Closest public comp is Rocket Lab (RKLB) on small-lift cadence; ArianeGroup and Avio remain state-aligned competition in Europe. EIB tranche makes this a hybrid sovereignty-plus-strategic round. Bottleneck is MIURA 5 maiden flight execution.,https://spacenews.com/pld-space-raises-209-million-to-shift-into-serial-rocket-production/
elementium-materials,Elementium Materials,US developer of critical mineral extraction and processing technologies. Competes with MP Materials and other rare earth processors in domestic supply-chain build-out.,Materials,Rare Earths & Critical Minerals,Upstream Materials,Pre-commercial,US_Critical_Minerals_List,Seed,venture,11.0,,2026-03-06,06-Mar-26,Mar-26,1Q26,2026,USA,,,"MP, LYC AU","$11M seed with undisclosed lead is conspicuously thin for a US rare-earth/critical-minerals play in the current policy window — DPA Title III and DOE awards have lifted comparable rounds materially higher, and a quiet syndicate at this size signals technology risk rather than category enthusiasm. Comp set: MP Materials (MP) on US-listed rare-earth incumbent, Lynas (LYC AU) on ASX-listed processing, Energy Fuels (UUUU) on adjacent uranium-and-REE, USA Rare Earth as private peer. Pilot-plant validation is the binary milestone.",https://www.axios.com/pro/climate-deals/2026/03/06/elementium-11-million-battery-materials
nscale,Nscale,"Operates AI-dedicated data centers and cloud GPU compute infrastructure across Europe, North America, and Asia. Vertically integrates GPU compute, networking, storage, and orchestration software for hyperscale AI training and inference customers.",Semiconductors,Frontier Compute,Software & Services,Medium,UK_NSI_Act,Series C,venture,2000.0,14600.0,2026-03-09,09-Mar-26,Mar-26,1Q26,2026,United Kingdom (London),"Aker ASA, 8090 Industries",,NVDA,"Largest European Series C on record at a 4x markup in six months — the European answer to the CoreWeave/Lambda neocloud trade, with the added strategic shimmer of Stargate UK/Norway. Comp set is CoreWeave (CRWV) public and Lambda private; the differentiator is sovereign-friendly siting, which is increasingly priced into UK and Nordic deployments. NVIDIA (NVDA) on the cap table is the load-bearing endorsement; valuation looks stretched if the IPO window narrows.",https://www.nscale.com/press-releases/nscale-series-c
eridu,Eridu,Designs high-radix networking silicon for AI data center infrastructure. Founded by ex-Broadcom and Marvell networking ASIC veterans (Drew Perkins and Omar Hassen); targets the same AI-networking problem as Enfabrica and Astera Labs from a different architectural angle.,Semiconductors,Fabless Design,IP & Design,Pre-commercial,US_CHIPS_Act,Series A,venture,200.0,,2026-03-10,10-Mar-26,Mar-26,1Q26,2026,USA,"Socratic Partners, John Doerr","Matter Venture Partners, additional investors",,"$200M Series A for a stealth-emerging networking-silicon startup only clears on founder pedigree — Drew Perkins and Omar Hassen have prior franchise-grade exits in optical and networking ASICs. Direct comp set: Enfabrica (private, $5B), Astera Labs (ALAB) on the public side; Broadcom (AVGO) Tomahawk and Nvidia (NVDA) Spectrum are the architectural counters. Doerr/Socratic anchoring without a hyperscaler strategic on the cap table is the soft spot — the AI-networking thesis works only if a Microsoft, Meta, or Google design win materializes in the next 18 months.",https://techcrunch.com/2026/03/10/ai-network-startup-eridu-emerges-from-stealth-with-hefty-200m-series-a/
rhoda-ai,Rhoda AI,Develops cross-embodiment robot foundation models (FutureVision and DVA) using a video-pretraining approach — training on internet video rather than human teleoperation data. Targets robot OEMs and integrators needing generalist control models.,Robotics,Software & Simulation,Software & Services,Pre-commercial,None,Undisclosed,venture,450.0,1700,2026-03-10,10-Mar-26,Mar-26,1Q26,2026,USA,Khosla Ventures,"Temasek, Mayfield Fund, Capricorn, additional investors","TSLA, GOOGL","Stealth-to-450M Series A at 1.7B is unusually large; Khosla + Temasek + Mayfield underwriting the video-pretraining thesis as an alternative to teleoperation-data approach used by Skild AI and Physical Intelligence. Strategic frame: if internet video generalizes to robot control, the data moat that Skild/PI have been building collapses. Valuation reasonable relative to PI ($11B at), but Rhoda is a generation behind in deployment evidence. Watch first cross-embodiment benchmarks.",https://siliconangle.com/2026/03/10/rhoda-ai-raises-450m-build-foundational-robotics-models-learn-internet-videos/
orqa,Orqa,"Croatian manufacturer of FPV drones and smart goggles, expanding from consumer and drone-racing markets into defense FPV combat drones. Competes with DJI in consumer FPV and with emerging defense FPV vendors.",Robotics,Autonomous Systems & Drones,System Integration,Pre-commercial,None,Series A,venture,14.0,,2026-03-10,10-Mar-26,Mar-26,1Q26,2026,Croatia (Osijek),,,,"Croatian FPV-and-goggles pivot from consumer drone-racing into NATO defense-FPV is the cleanest war-driven category transition in this window — Ukraine combat usage has validated FPV-drone economics at a scale Russian doctrine treats as transformative. Comp set: DJI on consumer FPV, Skydio on US autonomous, AeroVironment (AVAV) Switchblade on listed loitering munitions, Quantum Systems on EU dual-use. NATO procurement is the upside catalyst; lack of disclosed lead at $14M Series A is the conspicuous weakness.",https://eu-startups.com/2026/03/orqa-series-a/
nexthop-ai,Nexthop AI,"Designs AI networking chips for data-center interconnect, targeting the high-radix switching demands of large AI training clusters. Competes with Broadcom and Marvell merchant networking silicon and NVIDIA's in-house networking division.",Semiconductors,Fabless Design,IP & Design,Medium,US_CHIPS_Act,Series B,venture,500.0,4200.0,2026-03-10,10-Mar-26,Mar-26,1Q26,2026,"USA (Santa Clara, CA)",Lightspeed Venture Partners,"Andreessen Horowitz, Altimeter Capital","AVGO, MRVL, NVDA","One of the largest pure-networking-silicon raises in the dataset — Lightspeed-led 500M Series B at 4.2B implies design wins already in hand. Comp set is direct and brutal: Broadcom (AVGO) Tomahawk/Jericho, Marvell (MRVL) Teralynx, NVIDIA (NVDA) Spectrum/Quantum, plus Astera Labs (ALAB) and Cisco (CSCO) Silicon One. AVGO is the franchise to beat in scale-out switching; Nexthop's bet is that hyperscaler custom-silicon trend extends to networking. Read-through is mildly bearish for AVGO networking moat if hyperscaler design wins materialize.",https://www.businesswire.com/news/home/20260310574112/en/Nexthop-AI-Accelerates-Into-Hypergrowth
mind-robotics,Mind Robotics,"Builds industrial robots for factory automation, leveraging EV manufacturing IP from parent company Rivian. Founded by Rivian CEO RJ Scaringe as a spinout focused on AI-powered manufacturing hardware.",Robotics,Industrial Robots,System Integration,Pre-commercial,None,Series A,venture,500.0,,2026-03-11,11-Mar-26,Mar-26,1Q26,2026,"USA (Irvine, CA)","Andreessen Horowitz, Accel",,"TSLA, XPEV","Rivian (RIVN) spinning out its manufacturing-automation IP as a separate venture under RJ Scaringe is the cleanest American example of EV-OEM-to-robotics adjacency, mirroring what Xpeng (XPEV) and Tesla (TSLA) have done internally. a16z and Accel co-leading at 2B Series A signals the bet is on EV manufacturing-process IP as the moat, not the robot design itself. Closest comp: Tesla Optimus (also EV-OEM-derived), Symbotic (SYM) on warehouse automation. Pre-commercial valuation is steep; depends on whether Rivian's manufacturing-process IP actually generalizes to third-party customers.",https://techcrunch.com/2026/03/11/rivian-mind-robotics-series-a-500m-fund-raise-industrial-ai-powered-robots/
sunday,Sunday,"Builds household humanoid robots for consumer use, with the Memo dishwasher robot as its launch product. Competes in the emerging consumer-humanoid category alongside 1X (NEO) and The Bot Company.",Robotics,Humanoid & Service Robots,System Integration,Medium,None,Series B,venture,165.0,,2026-03-12,12-Mar-26,Mar-26,1Q26,2026,"USA (Mountain View, CA)",Coatue,,TER,"Coatue solo-leading at $1.15B for a consumer-humanoid pre-product is unusual sizing — the household humanoid category has been almost exclusively venture-funded until now, with crossover capital staying on the industrial side. Comp set: 1X (NEO consumer humanoid), The Bot Company (Cruise-founders), Figure on the industrial-first counter-positioning. Strategic frame is the consumer-vs-industrial humanoid bifurcation: Sunday bets consumer scales faster on demand pull, Figure and Apptronik bet industrial monetizes first.",https://techcrunch.com/2026/03/12/humanoid-robotics-maker-sunday-reaches-1-15b-valuation-to-build-household-robots/
xscape-photonics,Xscape Photonics,"Develops silicon photonic components — laser-based optical interconnects — for data center and telecom applications. Competes with Ayar Labs, Intel Silicon Photonics, and Cisco in integrated photonics.",Semiconductors,Fabless Design,IP & Design,Pre-commercial,US_CHIPS_Act,Series A (extension),venture,37.0,,2026-03-12,12-Mar-26,Mar-26,1Q26,2026,USA,Addition,"IAG Capital Partners, NVIDIA, additional existing investors",INTC,"NVIDIA (NVDA) participating in a silicon-photonics extension is the actual signal — even as Nvidia builds co-packaged optics in-house with Spectrum-X, it is hedging on the merchant-photonics layer through this stake. Comp set: Ayar Labs on optical I/O, Lightmatter on photonic compute, Marvell (MRVL) and Broadcom (AVGO) on CPO silicon; Coherent (COHR) and Lumentum (LITE) as merchant laser supply. Series A extension framing suggests Series B optionality, with Nvidia's stake providing the strategic underwrite.",https://siliconangle.com/2026/03/11/xscape-debuts-first-laser-based-optical-interconnect-raising-37m-fresh-funding/
amplisi,AmpliSi,UK Sheffield University spinout developing porous silicon anode material for next-generation lithium-ion batteries. Competes with Sila Nanotechnologies and Group14 on silicon-anode technology.,Materials,Battery Materials,Upstream Materials,Pre-commercial,None,Pre-Seed,venture,2.5,,2026-03-12,12-Mar-26,Mar-26,1Q26,2026,United Kingdom (Sheffield),,,"4063 JP, 3436 JP","Sheffield porous-silicon-anode preseed at $2.5M is early-R&D capital — academic spinout stage where the load-bearing question is whether scalable nanostructure synthesis works at cell-grade tolerances. Comp set: Sila Nanotechnologies and Group14 on US silicon-anode incumbents, Nexeon on UK porous-silicon peer, OneD Battery Sciences on silicon-nanowire coating; Shin-Etsu (4063 JP) and SUMCO (3436 JP) as the upstream silicon-feedstock listed peers. Pre-commercial; binary on first cell-maker qualification.",https://sheffield.ac.uk/commercialisation/news/northern-gritstone-co-leads-ps2-million-pre-seed-round-amplisi
elephantech,Elephantech,Japanese printed electronics company developing the SustainaCircuits additive circuit manufacturing process for flexible PCBs. Mitsubishi Electric is a strategic investor; competes with Unimicron and Ibiden in next-generation PCB manufacturing.,Semiconductors,OSAT / Packaging & Test,Fabrication & Manufacturing,Medium,Japan_METI_Semi_Strategy,Series F,venture,27.0,,2026-03-12,12-Mar-26,Mar-26,1Q26,2026,Japan (Tokyo),Mitsubishi Electric,,"3037 TT, 4062 JP","Mitsubishi Electric anchoring a Japanese additive-PCB Series F is corporate strategic concentration risk — single-investor dependency at late stage usually telegraphs an acquisition path rather than independent commercial scale. Comp set: Unimicron (3037 TT) and Ibiden (4062 JP) on traditional PCB incumbents, AT&S (ATS AV) on Austrian-listed substrate, Nan Ya PCB (8046 TT) on Taiwanese peer. SustainaCircuits additive process targets the flexible-PCB segment; the underwriting case is automotive and EV-cabin electronics adoption.",https://thebridge.jp/en/2026/03/elephantech-secures-%c2%a54-billion-series-f-funding-from-mitsubishi-electric-forms-business-alliance-to-promote-new-pcb-manufacturing-method-sustainacircuits
doe-cmei-program,DOE CMEI Program,,Materials,Rare Earths & Critical Minerals,Upstream Materials,Medium,US_Critical_Minerals_List,Grant,government,500.0,,2026-03-13,13-Mar-26,Mar-26,1Q26,2026,USA,U.S. Department of Energy,,"MP, LYC AU","DOE 500M across critical-minerals processing builds the demand floor that MP Materials (MP), Energy Fuels (UUUU), USA Rare Earth (USAR), and Lynas (LYC AU) need for project finance to clear. Strategic frame: sovereignty play paralleling DPA Title III rare-earth interventions. The structural problem the grant doesn't solve is offtake — without long-term commercial pricing commitments, processing capacity tends to be mothballed when Chinese export quotas loosen. Watch individual project awards for the actual signal.",https://www.energy.gov/articles/energy-department-announces-500-million-strengthen-domestic-critical-materials-processing
roboforce,RoboForce,"Builds AI-powered industrial robots for heavy manufacturing applications. Sells robotic systems for high-physical-effort tasks; competes with FANUC, ABB, and Veo Robotics in the industrial-robotics segment.",Robotics,Industrial Robots,System Integration,Pre-commercial,None,Series A,venture,52.0,,2026-03-16,16-Mar-26,Mar-26,1Q26,2026,"USA (Milpitas, CA)",YZi Labs,"Jerry Yang, Gary Rieschel, Carnegie Mellon University","6954 JP, ABBN SW","YZi Labs (formerly Binance Labs) leading an industrial-robotics Series A is the most unusual capital-source pairing in the funding window — crypto-adjacent capital entering heavy-industry automation is either prescient or premature. Comp set: FANUC (6954 JP), ABB (ABBN SW), and KUKA (under Midea) on the incumbent side; Veo Robotics and Path Robotics on the US AI-powered industrial side. Industrial robotics has been mid-cycle weak; RoboForce's heavy-manufacturing focus is narrower than typical cobot pitches.",https://siliconangle.com/2026/03/16/roboforce-raises-52m-develop-physical-ai-robots-industrial-labor/
frore-systems,Frore Systems,"Designs AirJet, a solid-state active-cooling chip for laptops, smartphones, and increasingly servers. Replaces conventional fans with a silent piezoelectric cooler; relevant to thermal-envelope constraints on AI GPUs and high-power SoCs.",Semiconductors,Equipment,Capital Equipment,Medium,US_CHIPS_Act,Series D,venture,143.0,,2026-03-16,16-Mar-26,Mar-26,1Q26,2026,USA,MVP Ventures,"Fidelity Management & Research, Mayfield Fund, Addition, Qualcomm Ventures, Alumni Ventures","NVDA, AMD","$143M Series D at $1.64B marks the first time thermal-management silicon has been priced as foundational AI infrastructure rather than a consumer-electronics niche. Qualcomm Ventures alongside Mayfield and Fidelity reads as design-win-driven — AirJet is moving from mobile/laptop demos into server/datacenter thermal envelopes where dollar TAM is an order of magnitude larger. Comp set: Vertiv (VRT) on liquid cooling, JetCool and ZutaCore on direct-to-chip. Bullish for the thermal-stack trade as GPU TDPs push past 1500W.",https://www.froresystems.com/media-room/frore-systems-becomes-1-64b-unicorn-as-the-thermal-stack-emerges-as-foundational-infrastructure-for-the-ai-era
swarmer,Swarmer,Israeli drone-swarm software company. Public on NASDAQ (SWMR) following a 2026 IPO; provides software for coordinating multi-drone defense operations.,Robotics,Autonomous Systems & Drones,System Integration,Medium,None,IPO,venture,15.0,,2026-03-17,17-Mar-26,Mar-26,1Q26,2026,Israel,,,SWMR,"$15M NASDAQ micro-IPO for a drone-swarm software company is unusual — small defense-tech rarely lists at this scale, with most peers pursuing private growth rounds or SPACs. Comp set: Shield AI as private peer on autonomy, Anduril Lattice on coordination software, AeroVironment (AVAV) on listed defense-drone, Red Cat (RCAT) on the micro-cap defense-drone comparable. NASDAQ listing at $5/share, 3M shares creates a public-market read on swarm-software valuation — Swarmer becomes the only listed pure-play in coordination software.",https://www.globes.co.il/news/article.aspx?did=1001512345
kewazo,KEWAZO,German construction robotics company building the LIFTBOT material-transport robot that automates scaffold logistics and site material delivery. Targets construction sites with high labor turnover.,Robotics,Industrial Robots,System Integration,Pre-commercial,None,Series A (extension),venture,16.0,,2026-03-19,19-Mar-26,Mar-26,1Q26,2026,Germany (Munich),Schooner Capital,"Chevron Technology Ventures, Asahi Kasei, additional investors",,"Chevron Technology Ventures and Asahi Kasei strategic participation tags KEWAZO as a chemical-and-energy industrial customer play — scaffold-logistics automation has direct payback on refinery turnarounds, where labor costs are highest. Comp set: Built Robotics on US construction autonomy, Hilti Group on the EU power-tool incumbent that would acquire, Dusty Robotics on layout-printing. Material-transport on construction sites is a real revenue category — Series A extension at $16M is modest but on-thesis for industrial-services automation.",https://www.axios.com/pro/supply-chain-deals/2026/03/19/kewazo-liftbot-industrial-construction-robot
rivr,Rivr,Swiss ETH Zurich Robotic Systems Lab spinout building stair-climbing legged delivery robots for last-meter logistics. Acquired by Amazon in March 2026; formerly known as Swiss-Mile.,Robotics,Machine Vision & Sensors,Components & Subsystems,Medium,None,M&A,venture,,,2026-03-19,19-Mar-26,Mar-26,1Q26,2026,Switzerland (Zurich),Amazon,,,"Amazon acquiring an ETH Zurich legged-delivery spinout post-$22M seed is a textbook acqui-tech move — terms undisclosed but the strategic read is that Amazon is internalizing last-meter stair-climbing capability rather than partnering. Comp set: Agility Robotics (Amazon Industrial Innovation Fund stake) on bipedal logistics, Boston Dynamics under Hyundai (005380 KS) on legged platforms, ANYbotics on quadruped industrial, Unitree on China-cost legged peer. Amazon (AMZN) consolidating in-house robot-fleet IP is the strategic frame.",https://techcrunch.com/2026/03/19/amazon-acquires-rivr-maker-of-a-stair-climbing-delivery-robot/
unitree-robotics,Unitree Robotics,"Chinese manufacturer of quadruped robots (Go2, B2) and humanoid robots (H1, G1), with humanoid products accounting for over half of revenue. Filed for a Shanghai STAR Market IPO in 2026.",Robotics,Humanoid & Service Robots,System Integration,High,China_Made_In_China_2025,IPO (filed),venture,610.0,,2026-03-20,20-Mar-26,Mar-26,1Q26,2026,China (Hangzhou; Shanghai STAR Market listing),,,"TSLA, XPEV",First quadruped/humanoid pure-play to file a public listing — sets the disclosure baseline for the entire sector. Revenue CNY 1.2B with humanoids already 51.5% of mix and CNY 105M net income makes this the only profitable humanoid name globally. The STAR Market venue and post-money implied ~$7B prices Unitree at roughly 1/3 of Figure ($25B+ private rumored) and 1/2 of Apptronik — a discount that reflects venue and geopolitics rather than fundamentals. Read-through for TSLA Optimus economics is more important than for the listing itself.,https://www.caixinglobal.com/2026-03-21/unitree-robotics-files-for-608-million-star-market-ipo-102425491.html
kandou-ai,Kandou AI,"Swiss chip company developing high-speed interconnect IP and chiplet retimers (USB4, PCIe Gen 5, die-to-die) based on its Chord signaling technology. Competes with Synopsys and Cadence in commercial interconnect IP licensing.",Semiconductors,Fabless Design,IP & Design,Pre-commercial,None,Series A,venture,225.0,,2026-03-23,23-Mar-26,Mar-26,1Q26,2026,Switzerland (Lausanne),Maverick Silicon,"SoftBank, Synopsys, Cadence Design Systems, Alchip Technologies","SNPS, CDNS","Strategic syndicate (Synopsys, Cadence, Alchip alongside SoftBank) is the load-bearing fact — EDA majors and a leading ASIC implementation partner co-investing signals Chord signaling is being underwritten as a complement, not a competitor, to in-house SerDes IP at SNPS and CDNS. Closest pure-play comp is Alphawave Semi (Qualcomm acquisition in progress); Astera Labs (ALAB) is the public read on die-to-die and PCIe demand. Round size only clears if hyperscaler custom-silicon programs are committing to Kandou's IP for 2027-28 tapeouts.",https://siliconangle.com/2026/03/23/chip-interconnect-startup-kandou-ai-raises-225m-funding/
lace,Lace,Norwegian semiconductor equipment startup developing helium ion beam lithography as a next-generation patterning approach beyond EUV. Microsoft is a strategic investor; pilot fab system targeted for 2029.,Semiconductors,Equipment,Capital Equipment,Pre-commercial,None,Series A,venture,40.0,,2026-03-23,23-Mar-26,Mar-26,1Q26,2026,Norway,Microsoft,,,"Microsoft leading a Norwegian lithography-equipment round is anomalous and load-bearing — a hyperscaler underwriting alt-EUV patterning means Microsoft is hedging against the ASML (ASML) monopoly and TSMC (TSM) advanced-node pricing power. Comp set: ASML on EUV, Canon (7751 JP) on nanoimprint as the alternate-paradigm bet, Applied Materials (AMAT) on etch/deposition; KLA (KLAC) on inspection. 2029 pilot fab system pushes commercial relevance well into next equipment cycle — speculative but the kind of bet only a hyperscaler can fund.",https://techstartups.com/2026/03/23/microsoft-backed-startup-lace-raises-40m-to-build-atomic-level-chipmaking-tech/
stateful-robotics,Stateful Robotics,Oxford University spinout developing AI software for long-horizon robotic task planning and execution. Targets the control-software layer for physical robot deployments.,Robotics,Software & Simulation,Software & Services,Pre-commercial,None,Pre-Seed,venture,4.8,,2026-03-24,24-Mar-26,Mar-26,1Q26,2026,United Kingdom (Oxford),"Amadeus Capital Partners, Oxford Science Enterprises",,TER,"Oxford spinout at $4.8M pre-seed sits in the long-horizon task-planning software layer — Amadeus + Oxford Science Enterprises is the standard Oxford-Cambridge institutional preseed signature, not a thesis bet. Comp set: Covariant on manipulation policies (now Amazon), Physical Intelligence on foundation models for robots, Skild AI on generalist robot brains, RAI Institute on long-horizon planning; Teradyne (TER) and ABB (ABBN SW) as the listed integrators consuming the software layer. Pre-commercial; binary on first OEM design-win.",https://statefulrobotics.com/news/pre-seed
satenlight,SatEnlight,Italian University of Milan spinout building inter-satellite optical communications using digital multiplexing of multiple laser channels. Targets higher LEO data rates and transmission security than RF satcom incumbents.,Space,Satellite Communications,Deployment & Operation,Pre-commercial,None,Seed,venture,1.2,,2026-03-24,24-Mar-26,Mar-26,1Q26,2026,Italy (Milan),,,,"Italian university spinout at Eur995K seed is preproduction R&D capital — the bet is digital-multiplexed laser inter-satellite links displacing RF crosslinks, which is technically credible but requires multiple scale-up rounds and a flight demonstration before commercial validation. Comp set: Mynaric (delisted, Rocket Lab acquisition) on US/EU optical terminals, CACI on US ISL incumbency, TESAT (Airbus) on European space-laser heritage, BridgeComm on programmable optical mesh. Italian-MoD pull is the local angle.",https://www.satellitetoday.com/technology/2026/02/13/meet-the-10-startups-set-to-pitch-their-companies-in-startup-space-2026/
normal-computing,Normal Computing,Develops thermodynamic computing chips — physics-based stochastic compute architectures that use noise and thermal dynamics to perform probabilistic AI workloads more efficiently than digital silicon.,Semiconductors,Fabless Design,IP & Design,Pre-commercial,US_CHIPS_Act,Undisclosed,venture,50.0,,2026-03-25,25-Mar-26,Mar-26,1Q26,2026,USA,Samsung Catalyst Fund,"Galvanize, Brevan Howard, ArcTern Ventures, Celesta Capital, Drive Capital, First Spark Ventures, Micron Ventures","NVDA, AMD","Samsung Catalyst Fund anchoring a thermodynamic-compute round is the load-bearing signal — a memory and foundry-adjacent strategic underwriting a novel physics-based architecture means probabilistic-AI silicon is being taken seriously beyond pure-research framing. Comp set: Extropic on stochastic compute, Lightmatter and Q.ANT on alt-architecture inference photonics, Cerebras (IPO filed) on wafer-scale; NVIDIA (NVDA) and AMD as the digital-counter. Micron Ventures on the cap table makes this a HBM-adjacent strategic bet, not pure financial.",https://fortune.com/2026/03/25/normal-computing-raises-50m-from-samsung-catalyst-ai-chip-costs-power-demands/
lucid-bots,Lucid Bots,Builds autonomous cleaning and maintenance drones for commercial buildings — primarily window-washing and pressure-washing drones — and industrial structures. Sells to building services and facility operators.,Robotics,Autonomous Systems & Drones,System Integration,Medium,US_DPA_Title_III,Series B,venture,20.0,,2026-03-25,25-Mar-26,Mar-26,1Q26,2026,"USA (Charlotte, NC)","Cubit Capital, Idea Fund Partners",,ROBOT,"Building-services drone autonomy is one of the few drone categories with clear unit economics and recurring revenue — pressure-washing and window-cleaning are labor-shortage markets where robot displacement math actually works. Comp set: Apellix on facade-cleaning drones, BladeBUG on wind-turbine inspection, Cyberhawk on commercial inspection; ABM Industries (ABM) and Cintas (CTAS) on the listed building-services side. Series B at $20M reads as channel-buildout capital, not technology-development financing.",https://techcrunch.com/2026/03/25/lucid-bots-raises-20m-to-keep-up-with-demand-for-its-window-washing-drones/
pave-space,PAVE Space,"Swiss in-space propulsion and orbital transfer vehicle (kickstage) startup. Targets the OTV market segment alongside Impulse Space, Orbit Fab, and Atomos for last-mile satellite delivery and orbit raising.",Space,In-Orbit Services,Deployment & Operation,Pre-commercial,None,Seed,venture,40.0,,2026-03-25,25-Mar-26,Mar-26,1Q26,2026,Switzerland,"Visionaries Club, Creandum",,,"$40M seed co-led by Visionaries and Creandum is the largest European OTV seed on record — pricing PAVE at the Impulse Space ($150M Series B) trajectory before any flight heritage. Comp set: Impulse Space on US heavy kickstage, Atomos and Orbit Fab on US OTV peers, D-Orbit on Italian-listed OTV competition. Strategic frame is European sovereign in-space logistics: ESA and EU defense customers need a non-US OTV, and PAVE is best-capitalized to fill that gap. Seed sizing implies first-flight by 2028.",https://spacenews.com/pave-space-raises-40-million-to-develop-european-heavy-kickstage/
xona-space-systems,Xona Space Systems,"Builds Pulsar, a low-earth-orbit positioning, navigation, and timing (PNT) constellation designed as a higher-precision and jam-resistant alternative to GPS. Targets autonomous vehicles, defense, and critical infrastructure.",Space,Satellite Communications,Deployment & Operation,Medium,US_DPA_Title_III,Series C,venture,170.0,,2026-03-25,25-Mar-26,Mar-26,1Q26,2026,"USA (Burlingame, CA)",Mohari Ventures Natural Capital,"Craft Ventures, ICONIQ, Woven Capital, NGP Capital, Samsung Next, Hexagon",,"Cleanest pure-play on alternative-PNT — Xona is the only well-capitalized private bet on a LEO-based GPS alternative. Strategic frame is GPS resilience: jamming and spoofing have made LEO-PNT a Tier-1 DoD priority, and the Samsung Next + Hexagon + ICONIQ + NGP cap table reads as the most strategically loaded PNT round to date. No direct public comp; Trimble (TRMB) and Hexagon (HEXAB SS) are the incumbent ecosystem players who would either license from or acquire. Reads as eventual strategic exit more than independent operator.",https://www.businesswire.com/news/home/20260325413403/en/Xona-Closes-$170M-Series-C
vulcan-elements,Vulcan Elements,"US-based rare-earth permanent magnet manufacturer for defense and EV motor supply chains, building production capacity in Durham, North Carolina. Received a separate $620M Pentagon loan to scale.",Materials,Rare Earths & Critical Minerals,Upstream Materials,High,US_Critical_Minerals_List,Series A,venture,65.0,,2025-08-15,15-Aug-25,Aug-25,3Q25,2025,"USA (Durham, NC)",Altimeter Capital,"One Investment Management, NVentures (NVIDIA), Uber, Grab, 1789 Capital","MP, LYC AU","$65M Series A from Altimeter — Vulcan Elements is the US rare-earth magnet manufacturing bet against MP Materials (MP) on the integrated US side and Lynas (LYC AU) plus Chinese magnet incumbents on the global stack. Durham, NC base inherits the same defense-and-EV-traction-motor thesis that drove the separate $620M Pentagon loan. NVIDIA NVentures plus Uber, Grab reads as datacenter-and-mobility customer alignment, not pure financial. Binary: production-scale magnet output qualifying for DoD primes and EV OEMs before Chinese export controls tighten further.",https://www.mining.com/us-rare-earth-magnet-startup-raises-65m-to-scale-up-production/
rebellions,Rebellions,"Korean fabless designer of AI inference NPUs (ATOM, REBEL) for data center and edge applications. Merged with rival FuriosaAI to consolidate Korea's AI chip industry; manufactures at Samsung Foundry.",Semiconductors,Fabless Design,IP & Design,High,South_Korea_K-CHIPS_Act,Government investment,government,166.0,,2026-03-26,26-Mar-26,Mar-26,1Q26,2026,South Korea (Seoul),South Korean government,,"NVDA, AMD","Korean government direct investment in a merged Rebellions/FuriosaAI is the clearest example yet of the K-CHIPS Act doing what CHIPS Act has done less aggressively in the US: state capital underwriting a sovereign AI-silicon champion. Strategic frame is foundry-customer alignment — Samsung Foundry needs domestic AI-chip volume the same way Rapidus needs Fujitsu/SoftBank pull. Comp set: NVIDIA (NVDA), AMD (AMD), Tenstorrent, Groq. The merger plus government check makes Rebellions the Korean answer for a non-Western geography.",https://www.thestar.com.my/tech/tech-news/2026/03/26/south-korea-to-invest-166-million-in-ai-chip-startup-rebellions
shield-ai,Shield AI,"Develops Hivemind, an AI autonomy stack for military aircraft and drones that enables operation in GPS- and communications-denied environments. Products include the V-BAT vertical-takeoff UAV and Hivemind-equipped fighter jet retrofits.",Robotics,Autonomous Systems & Drones,System Integration,High,US_DPA_Title_III,Series G,venture,2000.0,12700,2026-03-26,26-Mar-26,Mar-26,1Q26,2026,"USA (San Diego, CA)","Advent International, JPMorgan Chase","Blackstone ($500M preferred + $250M delayed draw), Snowpoint Ventures, InnovationX, Riot Ventures","AVAV, KTOS","Larger and more structured than prior Series F (1.5B equity + 500M preferred + 250M delayed draw), with Aechelon tuck-in giving the autonomy stack a real simulation moat. Closest publics are Kratos (KTOS) and AeroVironment (AVAV); the truer comp is Anduril, still private but the dominant pure-play defense-AI peer. The 12.7B valuation actually trims earlier 18B+ rumours — modest mark-up in a defense-tech market that has been pricing past the next two years of contracts.",https://shield.ai/shield-ai-to-acquire-software-simulation-company-aechelon-and-raise-2b-at-12-7b-valuation/
arkadia-space,Arkadia Space,Spanish developer of green satellite propulsion — high-concentration hydrogen peroxide hypergolic bipropellant systems — replacing conventional hydrazine for in-space maneuvering.,Space,Space Components,Components & Subsystems,Medium,EU_NZIA,Grant,government,14.5,,2026-03-26,26-Mar-26,Mar-26,1Q26,2026,Spain (Castellon),EIC Fund,"Private investors (EUR 6M), EIC grant (EUR 2.5M)",,"EIC Accelerator anchoring at E6M equity plus E2.5M grant plus E6M private participation is the textbook EU sovereign-tech blend — non-dilutive policy capital de-risks the equity round at half the all-in cost-of-capital. Comp set: Bradford Space and Aerojet Rocketdyne on hydrazine-replacement bipropellant, ECAPS on AF-M315E green-propellant, Phase Four on small-sat propulsion. Hydrazine phase-out is the regulatory tailwind; the test is whether ESA flight-heritage qualification clears before commercial OTV demand consolidates.",https://arkadiaspace.com/arkadia-space-secures-e14-5m-from-eic-accelerator-becoming-spains-first-space-company-to-achieve-this/
torngat-metals,Torngat Metals,"Develops the Strange Lake heavy rare earth deposit in northern Quebec, with a separation plant planned in Sept-Iles. Focused on dysprosium and terbium, the heavy REEs critical for high-temperature permanent magnets.",Materials,Rare Earths & Critical Minerals,Upstream Materials,Medium,US_Critical_Minerals_List,Debt Financing,debt,120.0,,2025-06-17,17-Jun-25,Jun-25,2Q25,2025,Canada (Montreal),"Export Development Canada, Canada Infrastructure Bank",,"LYC AU, MP","$120M debt from EDC + Canada Infrastructure Bank — Torngat's Strange Lake deposit is the only credible North American heavy-REE source (dysprosium, terbium) against Lynas (LYC AU) and MP Materials (MP) on the western primary-supply stack. Heavy REEs are the China-dependence chokepoint for high-temp magnets that NdPr-focused mines like MP don't address. Sovereign debt financing rather than equity reads as critical-minerals strategic infrastructure. Binary: construction completion at the Sept-Iles separation plant before Chinese export controls on dysprosium tighten further.",https://www.mining.com/torngat-secures-120m-for-strange-lake-ree-project-in-canada/
performance-drone-works,Performance Drone Works,"Manufactures NDAA-compliant unmanned aircraft systems including the C100 cargo drone and AM-FPV combat drone. Operates a 90,000 sq ft Huntsville plant with 100,000 drones per year of capacity; sells to the US Army and allied militaries.",Robotics,Autonomous Systems & Drones,System Integration,Medium,US_DPA_Title_III,Series B,venture,110.0,,2026-03-26,26-Mar-26,Mar-26,1Q26,2026,"USA (Huntsville, AL)",Ondas Holdings,"Hood River, Cedar Pine, Hanwha Ventures, Booz Allen Hamilton","AVAV, KTOS","NDAA-compliant FPV/cargo drone manufacturer with 100k units/yr capacity at Huntsville is among the few US-domestic answers to the Ukraine attritable-drone scale problem. Comp set: AeroVironment (AVAV) on tactical UAS, Kratos (KTOS) on broader unmanned, Skydio on the autonomy stack, Anduril on Ghost/Bolt and the verticalized prime model. Ondas Holdings leading alongside Booz Allen, Hanwha, and Hood River reads as defense-tech-pure syndicate. Programme-of-record expansion is the binary catalyst against Chinese cost-base.",https://www.defensedaily.com/pdw-raises-110-million-to-expand-offerings-increase-drone-production/
physical-intelligence,Physical Intelligence,Develops vision-language-action (VLA) foundation models that let general-purpose robots perform physical tasks from natural-language instructions. Sells the underlying control models to robot OEMs and integrators rather than building robots itself.,Robotics,Software & Simulation,Software & Services,Medium,None,Series C,venture,1000.0,11000.0,2026-03-27,27-Mar-26,Mar-26,1Q26,2026,"USA (San Francisco, CA)",Founders Fund,"Lightspeed Venture Partners, Thrive Capital, Lux Capital","TSLA, GOOGL","Valuation doubled in four months (5.6B → 11B), with 2B raised in 12 months — pricing PI as the leading Western VLA foundation-model company. Direct comp: Skild AI (14B) and Rhoda AI (1.7B) on the brain-licensing thesis; Tesla (TSLA) Optimus and Google DeepMind RT-X on the vertically integrated side. Founders Fund leading after Lux/Thrive/Lightspeed prior round reads as conviction stacking, not signaling weakness. The brain-vs-body capital split is now decisively brain-heavy.",https://www.bloomberg.com/news/articles/2026-03-27/ex-deepmind-staffers-robotics-startup-in-talks-for-11-billion-valuation
starcloud,Starcloud,Designs data center spacecraft for deployment on SpaceX Starship — orbital compute infrastructure cooled passively in space and powered by solar arrays. Y Combinator company; targets AI training workloads where terrestrial power and cooling are constraints.,Space,In-Orbit Services,Deployment & Operation,Pre-commercial,US_DPA_Title_III,Series A,venture,170,,2026-03-30,30-Mar-26,Mar-26,1Q26,2026,"USA (Redmond, WA)","Benchmark, EQT Ventures",,,"Fastest YC unicorn ever funds the most ambitious orbital-compute bet in the dataset — Starship-deployable data centers cooled passively in vacuum only clears if Starship economics materialize at the cadence SpaceX projects. Benchmark + EQT leading at $1.1B pre-revenue is the cleanest signal orbital-compute is being treated as a real category. Comp set is thin: Lonestar on lunar data centers, Axiom on station-attached compute. Bullish read on Starship throughput; bearish on terrestrial power/cooling for AI training.",https://techcrunch.com/2026/03/30/starcloud-raises-170-million-series-ato-build-data-centers-in-space/
starfish-space,Starfish Space,Develops satellite servicing and docking technology for in-orbit life extension and inspection. Otter is the flagship servicing vehicle; won a US Space Force contract for an SDA-tier mission.,Space,In-Orbit Services,Deployment & Operation,Medium,US_DPA_Title_III,Series B,venture,110,,2026-04-07,7-Apr-26,Apr-26,2Q26,2026,USA,"Point72 Ventures, Activate Capital, Shield Capital",,,"Point72 Ventures + Activate + Shield co-leading reads as a defense-tech consortium, not financial growth — Starfish is being underwritten on the Space Force Otter contract and SDA's pivot toward active proximity operations. Comp set: Astroscale (186A JP) on the Japanese public side, ClearSpace and D-Orbit on debris/servicing, Northrop's MEV on heritage GEO life-extension; True Anomaly is the closest US pure-play on offensive proximity ops. Orbital servicing has bifurcated into weak commercial life-extension and strong SDA proximity ops — Starfish is pivoting to the latter.",https://www.starfishspace.com/press-release/starfish-space-raises-over-100-million-series-b/
cognichip,Cognichip,"Develops physics-informed AI for chip design under the Artificial Chip Intelligence (ACI) platform, claiming around 75% cost reduction and 50% faster development timelines on chip projects. Competes with Synopsys and Cadence AI design tools.",Semiconductors,EDA & IP,IP & Design,Pre-commercial,US_CHIPS_Act,Series A,venture,60,,2026-04-01,01-Apr-26,Apr-26,2Q26,2026,"USA (Redwood City, CA)",Seligman Ventures,Intel CEO Lip-Bu Tan (board member),,"Lip-Bu Tan on the board is more interesting than Seligman Ventures leading — the sitting Intel CEO underwriting an AI-for-chip-design startup signals INTC is sourcing design productivity gains externally rather than building in-house. Comp set: Synopsys (SNPS) DSO.ai and Cadence (CDNS) Cerebrus on the EDA-incumbent side; Quilter, Astrus, Silimate, and ChipAgents on the AI-EDA startup side. AI-EDA is bifurcating into cycle compression (Cognichip) and agent automation (ChipAgents). $93M cumulative is light vs the EDA majors.",https://techcrunch.com/2026/04/01/cognichip-wants-ai-to-design-the-chips-that-power-ai-and-just-raised-60m-to-try/
qboson,QBoson,"Chinese photonic quantum computing company with 100-, 550-, and 1,000-qubit systems already deployed. Customers include the National Supercomputing Center Chengdu and China Mobile; building a pilot chip production line for photonic quantum components.",Semiconductors,Frontier Compute,IP & Design,Medium,China_Big_Fund;US_Export_Controls_China,Series B,venture,145,,2026-04-03,03-Apr-26,Apr-26,2Q26,2026,China (Beijing),"Beijing Financial Holdings Group, ICBC Capital",State-backed and institutional investors,,"Beijing Financial Holdings + ICBC Capital leading a photonic-quantum round signals Beijing is hedging across qubit modalities — superconducting (SpinQ), photonic (QBoson), and ion-trap programs all being funded in parallel rather than picking a winner. Comp set: PsiQuantum (US photonic), QuEra (US neutral atoms), QuantumCTek (688027) on the public Chinese side. National Supercomputing Center Chengdu and China Mobile as named customers is unusually concrete. The pilot chip line distinguishes QBoson from research-grade peers.",https://thequantuminsider.com/2026/04/06/chinese-quantum-startup-qboson-raises-145-million-to-scale-chip-production/
q-factor,Q-Factor,Israeli neutral-atom quantum computing company spun out of Weizmann Institute and Technion. Architecture designed to scale from thousands to millions of qubits using optically trapped atom arrays.,Semiconductors,Frontier Compute,IP & Design,Pre-commercial,None,Seed,venture,24,,2026-04-06,06-Apr-26,Apr-26,2Q26,2026,Israel (Tel Aviv),"NFX, TPY Capital","Intel Capital, Korea Investment Partners, Deep33, Israel Innovation Authority",,"Intel Capital participating in a neutral-atom quantum seed is the cleanest signal that Intel (INTC) is hedging quantum across modalities — Intel's internal silicon-spin focus paired with this neutral-atom stake plus prior IonQ-adjacent positioning means Intel wants optionality across architectures. Comp set: Atom Computing and QuEra on neutral-atom peers, IonQ (IONQ) and Quantinuum on trapped-ion, Rigetti (RGTI) and IBM (IBM) on superconducting. Weizmann/Technion founder pedigree is the underwrite at seed stage.",https://siliconangle.com/2026/04/06/q-factor-emerges-24m-funding-next-big-bet-achieve-quantum-computing-advantage/
sifive,SiFive,"Provides commercial RISC-V CPU IP cores, with over 500 designs shipped and more than 10 billion cores in deployed silicon. Targets data center, AI, automotive, and embedded customers as a licensable alternative to ARM CPU IP.",Semiconductors,Fabless Design,IP & Design,High,US_CHIPS_Act,Series G,venture,400,3650,2026-04-09,09-Apr-26,Apr-26,2Q26,2026,USA (San Jose),Atreides Management,"Apollo Global Management, NVentures (NVIDIA), Point72 Turion, T. Rowe Price, Prosperity7 Ventures, Sutter Hill Ventures",,"Final private round before the long-telegraphed RISC-V IPO; NVIDIA strategic + Atreides lead reads as IPO syndicate forming. Comp framing is brutal: ARM (ARM) at >100B market cap is the public reference, and SiFive is being priced as the RISC-V challenger but with a fraction of ARM's design-win base and zero of its mobile-monopoly economics. Strategic argument is sovereignty — Chinese, European, and US export-control-sensitive customers all need a credible non-ARM option. SiFive IPO will be the cleanest read on whether RISC-V clears as an investable category.",https://www.sifive.com/press/sifive-raises-400-million-to-accelerate-high-performance-risc-v-data-center-solutions
sereact,Sereact,German warehouse robotics software company building the Cortex 2.0 stack — a vision-language-action model combined with a world model for autonomous picking and manipulation. Expanding US operations from Boston.,Robotics,Warehouse & Logistics,System Integration,Medium,None,Series B,venture,110.0,,2026-04-27,27-Apr-26,Apr-26,2Q26,2026,Germany (Stuttgart),Headline,"Bullhound Capital, Daphni, Felix Capital, Air Street Capital, Creandum, Point Nine",,"European VLA + world-model pure-play with US expansion via Boston — Sereact is positioning Cortex 2.0 as the warehouse-robotics middleware layer European 3PLs and grocers need but can't get from Symbotic (SYM) or AutoStore stack-vendors. Comp set: Covariant (Amazon-acquired), RightHand Robotics (Berkshire Grey-acquired), Dexterity AI on picking software; Symbotic and KION Group (KGX GR) as the public read on warehouse automation. European logistics-software sovereignty mirrors the cloud-sovereignty thesis.",https://sereact.ai/posts/series-b
pudu-robotics,Pudu Robotics,"Chinese service robot manufacturer producing delivery, cleaning, and food-service robots, expanding into industrial delivery and embodied AI. Sells globally in over 60 countries.",Robotics,Humanoid & Service Robots,System Integration,Pre-commercial,China_Made_In_China_2025,Undisclosed,venture,150.0,1500.0,2026-04-23,23-Apr-26,Apr-26,2Q26,2026,China (Shenzhen),Undisclosed,,,"Pudu crossing $1.5B on an undisclosed-lead round signals Chinese service-robotics is consolidating around operator-OEMs with established global footprints — 60-country distribution is the actual moat, not the embodied-AI pivot narrative. Comp set: Bear Robotics (SoftBank-backed), Keenon on the Chinese side, Richtech Robotics (RR) on the US public side. Strategic frame is embodied-AI distribution leverage: OEMs shipping millions of service robots have the data-collection moat humanoid pure-plays are trying to build from scratch.",https://www.prnewswire.com/news-releases/pudu-robotics-raises-nearly-usd-150-million-exceeds-usd-1-5-billion-valuation-302751124.html
tars,TARS,"Chinese embodied-intelligence startup developing humanoid robot platforms, founded by veterans of Baidu Apollo and Huawei autonomous driving. Builds both the AI control stack and humanoid hardware.",Robotics,Humanoid & Service Robots,System Integration,Pre-commercial,China_Made_In_China_2025,Pre-Series A,venture,455.0,,2026-04-16,16-Apr-26,Apr-26,2Q26,2026,China (Shanghai),Undisclosed,,,"Largest Pre-A in China embodied-intelligence history — founder pedigree (Baidu Apollo + Huawei AD) is the actual basis for the round, not commercial traction. Comp set: Galaxea AI (2.9B), Spirit AI, PsiBot, X Square on the domestic side; Skild AI and Physical Intelligence on the Western side. Pre-A at this size only happens when Chinese state-aligned LPs are pre-positioning for the embodied-AI listings wave — Unitree's filing creates the precedent.",https://www.caixinglobal.com/2026-04-17/chinese-ai-robotics-startup-tars-raises-455-million-in-record-pre-a-round-102434873.html
d-robotics,D-Robotics,Spinoff from Horizon Robotics building compute platforms and software stacks for embodied AI. Sells reference platforms positioned as a Chinese-market alternative to NVIDIA Cosmos and Isaac stacks for robotics developers.,Robotics,Software & Simulation,Components & Subsystems,Medium,None,Series B (extension),venture,150.0,,2026-04-08,8-Apr-26,Apr-26,2Q26,2026,China (Shanghai),Undisclosed,"GL Ventures, 5Y Capital, Linear Venture, Hermitage Capital, Vertex Growth, Synstellation Capital, Prosperity7 Ventures, Xilian Capital, Joyoung Family Office, BAIC Capital, Didi, Meituan Longzhu",,"Series B2 brings cumulative B-round to $270M and positions D-Robotics as the Chinese answer to NVIDIA (NVDA) Cosmos/Isaac — same picks-and-shovels embodied-AI compute thesis, different geography. Comp set on the Chinese side: Horizon Robotics (D-Robotics' parent), Black Sesame (2533 HK), plus in-house silicon at XPEV and BYD. Strategic frame is Chinese-market embodied-AI sovereignty: domestic robot OEMs need a non-NVDA reference platform under export-control overhang. Cap table reads as Tencent-orbit plus Temasek and BAIC/Didi/Meituan strategic.",https://theaiinsider.tech/2026/04/08/chinas-d-robotics-raises-usd-150m-in-new-funding-with-series-b-total-of-usd-270m/
skydio,Skydio,"Manufactures autonomous drones for public safety, defense, and industrial inspection, with onboard AI for obstacle avoidance and tracking. Sunset its consumer drone line in 2023 to focus on enterprise and government customers; more than half of its pipeline is defense-related.",Robotics,Autonomous Systems & Drones,System Integration,Medium,None,Series F,venture,110.0,4400.0,2026-04-23,23-Apr-26,Apr-26,2Q26,2026,"USA (San Mateo, CA)",Undisclosed,,,"$110M is a deliberately small mark on top of the existing capital base — Skydio is signaling optionality rather than capital need, with the separate $3.5B US manufacturing pledge (Skyforge) as the load-bearing announcement. Comp set: AeroVironment (AVAV), Kratos (KTOS), Red Cat (RCAT) on the US-listed defense-drone side; Anduril and PDW as private peers; DJI as the China cost-anchor Skyforge is designed to displace. $4.4B post is a discount to Anduril-tier multiples. Reads as IPO conditioning more than financing.",https://www.skydio.com/blog/skydio-series-f
manna-air-delivery,Manna Air Delivery,Irish drone delivery operator running suburban food and retail delivery routes. Expanding into the US and broader European markets; competes with Zipline and Wing in last-mile drone delivery.,Robotics,Autonomous Systems & Drones,System Integration,Medium,None,Series B,venture,50.0,,2026-04-01,1-Apr-26,Apr-26,2Q26,2026,Ireland (Dublin),ARK Invest,"Ireland Strategic Investment Fund, Schooner Capital, Coca-Cola HBC, Molten Ventures",,"ARK Invest leading is the tell — a retail-investor-narrative vehicle anchoring a European drone-delivery operator means Manna is being positioned as the public-market proxy ahead of Zipline (private) and Wing (under GOOGL) on the listed side. Coca-Cola HBC strategic participation is the underrated piece, locking in consumer-brand distribution. Closest listed read-through is Joby and Archer on the eVTOL tape, though category mechanics differ. Reads as IPO-conditioning capital, not growth-mode burn financing.",https://www.businesswire.com/news/home/20260310714366/en/Manna-Air-Delivery-Raises-$50Million-Series-B-as-It-Announces-Plans-to-Expand-in-the-United-States
wayve,Wayve,"Develops end-to-end embodied AI driving models that learn driving behavior from data rather than hand-coded rules. Licenses its self-driving stack to automakers and operates ride-hail pilots in the U.K., Germany, and the U.S.",Robotics,Autonomous Systems & Drones,System Integration,Medium,None,Series D (extension),venture,60.0,,2026-04-15,15-Apr-26,Apr-26,2Q26,2026,United Kingdom (London),AMD,"Arm, Qualcomm Ventures",,"AMD leading with Arm and Qualcomm Ventures alongside is a pure chip-vendor strategic round on top of the $1.2B Series D — all three need a credible compute-agnostic AV stack to counter the Nvidia (NVDA)/Drive Thor lock-in and Tesla (TSLA) FSD-on-Dojo proprietary stack. Comp set: Mobileye (MBLY) on AV compute platforms, Horizon Robotics on the Chinese parallel; Waabi and Helm.ai on private end-to-end peers. The chip-vendor coalition is essentially financing Wayve as the anti-Nvidia option at zero dilution to mark.",https://wayve.ai/press/series-d-extension/
smart-robotics,Smart Robotics,"Dutch developer of pick-and-place robotic cells for intralogistics, with more than 120 systems deployed and over 1 billion successful production picks. Targets European warehouse and distribution operators.",Robotics,Warehouse & Logistics,System Integration,Pre-commercial,None,Series A,venture,10.8,,2026-04-21,21-Apr-26,Apr-26,2Q26,2026,Netherlands (Eindhoven),Rotterdamse Havendraken,"Innovation Industries, Ernij Next",,"Rotterdam port-aligned LP plus Dutch national-fund participation pegs Smart Robotics as a Netherlands sovereign-industrial play — 1B successful picks across 120+ systems is real deployment scale that European intralogistics underwriters can credit. Comp set: Sereact and Covariant on AI-pick-and-place peers, Symbotic (SYM) on listed warehouse-automation, AutoStore (AUTO NO) on goods-to-person, Kardex (KARN SW) on industrial-automation. Series A at $10.8M is modest for the deployed base — round reads as European expansion capital.",https://smart-robotics.io/news/funding-round/
anvil-robotics,Anvil Robotics,"Builds a modular development-kit platform ('Legos for robots') for physical-AI builders, shipping the OpenARM and YAM platforms on launch. Targets the developer-platform layer alongside Trossen and Hello Robot.",Robotics,Software & Simulation,Software & Services,Pre-commercial,None,Seed (extension),venture,5.5,,2026-04-03,3-Apr-26,Apr-26,2Q26,2026,"USA (San Francisco, CA)","Matter Venture Partners, Humba Ventures","DNX Ventures, Spacecadet Ventures, Position Ventures, Vivek Sodera",,"Modular 'Legos for robots' development-kit positioning is the cleanest physical-AI-builder-platform play in this window — Matter Venture Partners plus Humba Ventures syndicate signals deep-tech conviction on the dev-platform layer rather than full-system integration. Comp set: Trossen Robotics on US dev-platform incumbent, Hello Robot on Stretch mobile manipulation, Unitree (private) on consumer-priced legged peers, Boston Dynamics (under Hyundai) on enterprise. Seed extension at $5.5M is modest — OpenARM and YAM platform adoption is the early-traction signal.",https://news.crunchbase.com/robotics/physical-ai-custom-robot-builder-seed-funding-anvil/
bubble-robotics,Bubble Robotics,French developer of persistent AI-driven autonomous underwater vehicles for offshore wind and subsea infrastructure operations. Competes with Saildrone and Ocean Infinity in maritime autonomy.,Robotics,Autonomous Systems & Drones,System Integration,Pre-commercial,None,Pre-Seed,venture,5.0,,2026-04-21,21-Apr-26,Apr-26,2Q26,2026,France (Paris),"Episode 1 Ventures, Asterion Ventures, Norrsken Evolve",,,"Offshore-wind subsea inspection is the European autonomy beachhead — $4M+ LOIs at pre-seed is the load-bearing signal, not the round size, because subsea AUV deployments are revenue-gated by certification not capital. Comp set: Saildrone on US surface-vessel autonomy, Ocean Infinity on hybrid manned-unmanned subsea, Kongsberg Maritime as the Norwegian incumbent counter, Anduril Dive-LD on defense-AUV; Oceaneering (OII) and TechnipFMC (FTI) as the listed subsea-services peers feeling the displacement.",https://oceannews.com/news/science-technology/bubble-robotics-announces-pre-seed-round-to-build-the-oceans-autonomous-workforce
humble-robotics,Humble Robotics,"Builds cabless autonomous Class 8 electric trucks for dock-to-dock freight. Targets the AV-trucking segment alongside Aurora, Kodiak, and Plus.ai.",Robotics,Autonomous Systems & Drones,System Integration,Pre-commercial,None,Seed,venture,24.0,,2026-04-21,21-Apr-26,Apr-26,2Q26,2026,"USA (San Francisco, CA)",Eclipse Ventures,Energy Impact Partners,,"Eclipse leading a cabless AV-trucking seed is the late-cycle entry — AV-trucking has consolidated to Aurora (AUR), Kodiak, and Plus.ai, and Humble enters with a hardware-first cabless thesis when the surviving incumbents have all gone software-first. Comp set: Aurora on listed AV-trucking, Kodiak post-SPAC merger, Plus.ai on China-US dual-listed peer; TuSimple (delisted) as the cautionary precedent. Cabless Class 8 EV is the differentiator on paper; whether shippers underwrite the truck-only AV form factor is the real test.",https://fortune.com/2026/04/21/exclusive-humble-freight-autonomous-truck-eclipse-trucking/
deepway,DeepWay,"Chinese autonomous heavy-duty electric trucking company building both the trucks and the self-driving stack. Baidu-backed; approximately 6,400 trucks delivered to date as it pursues a Hong Kong listing.",Robotics,Autonomous Systems & Drones,System Integration,Medium,China_Made_In_China_2025,Pre-IPO,venture,310.0,,2026-04-21,21-Apr-26,Apr-26,2Q26,2026,China (Beijing),Stone Venture,"NGS Super, Xiamen Guosheng Fund, ABC Impact, Nanjing Ronghe Venture Capital",,"Largest China autonomous-trucking round in five years funds the Hong Kong listing prep; ~6,400 trucks delivered already gives DeepWay the most operational evidence of any AV-trucking name globally. Comp framing — TuSimple (delisted), Kodiak (private), Embark (defunct), Aurora (AUR) on the public side, Waabi and Plus on private — makes DeepWay the only name with serious commercial scale. Baidu's continued backing is structural; HKEX listing is the catalyst. Closest sector parallel is the path Pony.ai (PONY) took to public markets.",https://thenextweb.com/news/deepway-310m-pre-ipo-financing
skyfireai,SkyfireAI,"Builds multi-drone autonomy software for first responders and the Department of Defense. Founded by US Navy, intelligence community, and DARPA veterans; competes with Skydio, Shield AI, and Brinc on a software-first approach.",Robotics,Autonomous Systems & Drones,System Integration,Pre-commercial,US_DPA_Title_III,Seed,venture,11.0,,2026-04-29,29-Apr-26,Apr-26,2Q26,2026,"USA (Huntsville, AL)",Mucker Capital,"AI Fund, SaaS Ventures, Halogen Ventures, Harvard Business School Alumni Angels, New York Angels",,"Multi-drone autonomy software-only positioning is the differentiator vs Skydio's vertically integrated hardware-plus-software approach — and Navy/IC/DARPA-founder pedigree is the underwrite for the DoD-channel thesis at seed stage. Comp set: Skydio on vertically integrated US drone, Shield AI on autonomy plus hardware, Brinc on public-safety drones, Anduril Ghost on defense autonomy. AI Fund participation is the underrated piece — Andrew Ng's vehicle taking a defense-drone software stake is the signal that LLM-stack veterans are pivoting into physical-AI.",https://www.thedronegirl.com/2026/04/28/skyfireai-drone-autonomy-software/
glydways,Glydways,"Builds an autonomous personal-transit network — small electric pods running on dedicated guideway infrastructure. Operational pilots running in the UAE, New York City, and Atlanta.",Robotics,Autonomous Systems & Drones,System Integration,Medium,None,Series C,venture,170.0,700.0,2026-04-14,14-Apr-26,Apr-26,2Q26,2026,"USA (San Francisco, CA)","Suzuki Motor, ACS Group, Khosla Ventures","Mitsui Chemicals, Gates Frontier, Obayashi Corporation",,"Suzuki and Mitsui Chemicals strategics alongside Khosla is the cleanest signal that micro-transit guideway-AV is being priced as a separate category from robotaxi — Glydways is closer to a Skytrain replacement than a Waymo competitor. Comp set: Zoox (Amazon-owned) on operator-owned pod fleets, Ultra Global PRT on legacy guideway; no direct public proxy. UAE, NYC, and Atlanta pilots in commercial operation give Glydways the most active deployment story in AV-transit. $700M is reasonable for the first round where revenue is no longer hypothetical.",https://www.globenewswire.com/news-release/2026/04/14/3273722/0/en/Glydways-Raises-Oversubscribed-170M-Series-C-as-First-Autonomous-Vehicle-Networks-Enter-Public-Operation-in-2026.html
a-k-robotics,A&K Robotics,Canadian manufacturer of Cruz autonomous passenger pods deployed at YVR (Vancouver) and Madrid-Barajas airports. Targets airport mobility and accessibility applications.,Robotics,Humanoid & Service Robots,System Integration,Pre-commercial,None,Series A,venture,5.7,,2026-04-22,22-Apr-26,Apr-26,2Q26,2026,"Canada (Vancouver, BC)","BDC Capital, Vantage Futures","RiSC Capital, Grep VC, Nimbus Synergies, Dan Gelbart",,"Cruz pods deployed at YVR and Madrid-Barajas is real operational footprint, but the airport-mobility category is structurally thin — accessibility TAM is constrained by airport-by-airport procurement cycles and unit economics scale poorly without network density. Comp set: Glydways on US guideway-AV with Khosla-backed scale, Whill (private) on personal mobility devices, Einride on adjacent autonomous transit. Series A at $5.7M is reasonable for the deployment base — round reads as airport-by-airport expansion capital, not category-redefining.",https://www.businesswire.com/news/home/20260421367847/en/AK-Robotics-Raises-$8-Million-to-Build-Autonomous-Mobility-Infrastructure-for-Airports
reliable-robotics,Reliable Robotics,"Builds a fully automated, FAA-certifiable autonomy system for cargo aircraft, retrofitting existing fleets for pilotless operation. More than 200 committed orders; selected for the US Department of Transportation's eIPP program.",Robotics,Autonomous Systems & Drones,System Integration,Medium,None,Series D,venture,160.0,,2026-04-21,21-Apr-26,Apr-26,2Q26,2026,"USA (Mountain View, CA)",Nimble Partners,"Eclipse Ventures, Lightspeed Venture Partners, Coatue, Pathbreaker Ventures, Island Green Capital, Socium Ventures, AE Ventures, RTX Ventures, Presidio Ventures (Sumitomo), UP.Partners, KAS Venture Partners",,"Boeing AE Ventures + RTX Ventures + Sumitomo on the cap table is the load-bearing signal — autonomous cargo aviation is now being underwritten by the primes themselves, not just venture capital. Comp set: Joby (JOBY) and Archer (ACHR) on eVTOL, Xwing on autonomous cargo (acquired by Joby), Merlin Labs as private peer, AeroVironment (AVAV) as the public proxy on autonomous aviation broadly. DOT eIPP selection plus 200+ committed orders gives Reliable the regulatory moat. Cleanest pre-revenue cargo-AV bet.",https://www.finsmes.com/2026/04/reliable-robotics-raises-160m-in-new-investment.html
scout-ai,Scout AI,"Builds a foundation model for unmanned warfare reasoning across air, land, sea, and space domains. Holds approximately $11M in Department of War contracts in its first year; competes with Anduril Lattice and Shield AI Hivemind on multi-domain autonomy.",Robotics,Software & Simulation,Software & Services,Pre-commercial,None,Series A,venture,100.0,,2026-04-29,29-Apr-26,Apr-26,2Q26,2026,"USA (Silicon Valley, CA)","Align Ventures, Draper Associates","Decisive Point, Booz Allen Ventures, BVVC, Neman Ventures, Evolution VC Partners, Heraclitus Capital Management, Sigmas Group, Disruptive Founders Fund, Vaughn Capital Partners",,"Foundation model for unmanned warfare reasoning across all four domains is the most ambitious software-only defense-AI thesis in the dataset — Scout is competing with in-house autonomy stacks at the verticalized primes, not just other software vendors. Comp set: Anduril Lattice (cross-domain command), Shield AI Hivemind, Palantir (PLTR) Maven on targeting/intel; Booz Allen and Draper on the cap table provides integrator + IC pull. JADC2 stack is consolidating around 3-4 platform-autonomy vendors — Scout is positioning for the brain-layer.",https://www.prnewswire.com/news-releases/scout-ai-raises-100m-series-a-to-build-the-ai-brain-for-unmanned-warfare-302756871.html
firestorm-labs,Firestorm Labs,"Builds expeditionary 3D-printed drones intended for in-theater manufacture by US and allied forces, targeting build cycles of under nine hours from spool to flight. Sells to DoD as part of the attritable-systems wave.",Robotics,Autonomous Systems & Drones,System Integration,Medium,US_DPA_Title_III,Series B,venture,82.0,,2026-04-29,29-Apr-26,Apr-26,2Q26,2026,"USA (San Diego, CA)",Washington Harbour Partners,"Booz Allen Ventures, Lockheed Martin Ventures, In-Q-Tel, New Enterprise Associates, Ondas, Geodesic, Motley Fool Ventures",,"Containerized in-theater 3D-printing of attritable drones is the cleanest Ukraine-war-lessons-learned bet that has translated into a US procurement-ready product. Comp set: Anduril Roadrunner on attritable autonomy, AeroVironment (AVAV) Switchblade on precedent product, Saab Carl-Gustaf on consumable-munitions doctrine. Lockheed Martin Ventures + In-Q-Tel + Booz Allen Ventures on the cap table is the strongest IC-and-prime validation in the window — one of the most strategically endorsed defense-tech rounds.",https://www.accessnewswire.com/newsroom/en/aerospace-and-defense/firestorm-labs-announces-82-million-series-b-to-accelerate-expeditionary-defe-1162253
niulinx,Niulinx,Italian autonomous vehicle stack developer spun out of Politecnico di Milano. Builds a full AV software stack targeted at European robotaxi deployments; comparable to Wayve and Mobileye Drive at the AV-software layer.,Robotics,Autonomous Systems & Drones,System Integration,Pre-commercial,None,Series A,venture,41.5,,2026-04-14,14-Apr-26,Apr-26,2Q26,2026,Italy (Milan),"A2A, CDP Venture Capital","AFL, Ferrovie dello Stato Italiane, Pirelli, VC Partners SGR, MOST, ICO Falck Foundation",,"Italy's largest AV round to date is more about industrial-policy positioning than competitive AV-stack capability — A2A, CDP, Pirelli, and Ferrovie dello Stato is a sovereign-industrial syndicate, not a tech-VC syndicate. Comp set: Wayve (UK) and Mobileye (MBLY) on the AV-software layer, Mercedes Drive Pilot on EU OEM-led autonomy. Niulinx is closer to a national-champion bet than a Wayve-tier AI-first stack; the test is whether Italian municipal robotaxi pilots materialize on the timeline implied by this cap table.",https://en.ilsole24ore.com/art/autonomous-driving-niulinx-challenges-italian-robotaxi-round-38-million-AIjZjCRC
ulysses-ecosystem-engineering,Ulysses Ecosystem Engineering,Builds autonomous underwater drones for marine ecosystem restoration — seagrass replanting — and offshore-energy and defense applications. Combines blue-carbon restoration with dual-use maritime autonomy.,Robotics,Autonomous Systems & Drones,System Integration,Pre-commercial,None,Series A,venture,38.0,,2026-04-16,16-Apr-26,Apr-26,2Q26,2026,Ireland (Dublin),Andreessen Horowitz,"Booz Allen Ventures, Harpoon Ventures",,"Andreessen Horowitz leading an underwater-drone restoration play with Booz Allen Ventures alongside is the load-bearing combination — a16z brings consumer-AV brand, Booz Allen Ventures brings IC and DoD channel access. Comp set: Saildrone on US autonomous maritime, Bedrock on subsea autonomy, Anduril Dive-LD on UUV defense, Ocean Infinity on commercial subsea. Blue-carbon restoration is the entry wedge; the actual revenue thesis is offshore-energy and defense subsea work, where margins are real.",https://www.irishtimes.com/business/2026/04/16/irish-founded-ulysses-raises-38m-in-series-a-funding/
all3,All3,"Vertically integrated construction automation venture combining AI architecture software, robotic fabrication factories, and the Mantis legged robot for residential construction in Germany. Founded by the Samokat (Russian grocery delivery) founder.",Robotics,Industrial Robots,System Integration,Pre-commercial,None,Seed,venture,25.0,,2026-04-29,29-Apr-26,Apr-26,2Q26,2026,United Kingdom (London),RTP Global,"SuperSeed, Begin Capital, s16vc, VNV Global",,"$25M seed for vertically integrated construction-robotics is the founder-pedigree trade — Samokat's $1.5B exit gives the cap table conviction, but the actual category (residential-construction automation) has a long graveyard. Comp set: Built Robotics on US construction autonomy, Dusty Robotics on layout, Saronic-adjacent Bedrock on equipment; Skanska and Vinci as the EU GC counters that would either partner or build in-house. Mantis legged-robot positioning is unproven; AI-architecture wedge is the realistic near-term revenue path.",https://thenextweb.com/news/all3-25m-seed-construction-robots-ai-housing
fortem-technologies,Fortem Technologies,Builds the DroneHunter kinetic counter-drone interceptor and the SkyDome radar system. Strategic backers Lockheed Martin and Hanwha provide defense channel access; sells counter-UAS systems to militaries and critical infrastructure operators.,Robotics,Autonomous Systems & Drones,System Integration,Medium,US_DPA_Title_III,Series B,venture,25.0,,2026-04-22,22-Apr-26,Apr-26,2Q26,2026,"USA (Lindon, UT)",Lockheed Martin,,,"Lockheed Martin (LMT) leading as sole equity investor is the load-bearing fact — a prime taking the entire round signals Fortem is being absorbed into Lockheed's Sanctum counter-UAS ecosystem rather than scaled as an independent. Comp set: Anduril Roadrunner on attritable interceptors, Epirus on HPM counter-drone, Raytheon Coyote on incumbent prime systems, RTX (RTX) on adjacent C-UAS. Hanwha continuing as strategic gives Korean export channel access. Reads as quasi-acquisition financing, not growth-mode capital.",https://news.lockheedmartin.com/2026-04-22-Lockheed-Martin-Invests-25M-in-Fortem-Technologies-to-Meet-Urgent-Demand-for-Countering-UAS-Threats
squaremind,SquareMind,"Builds Swan, a robotic full-body dermoscopic imaging platform for skin examinations, CE-marked and FDA Class I exempt. Founded with backing from Intuitive Surgical co-founder Fred Moll's Sonder vehicle.",Robotics,Surgical & Medical,System Integration,Pre-commercial,None,Pre-Series A,venture,18.0,,2026-04-27,27-Apr-26,Apr-26,2Q26,2026,France (Paris),Sonder Capital,"Deeptech 2030 Fund (Bpifrance), Adamed Technology, Calm/Storm Ventures, Teampact Ventures",,"Sonder Capital leading puts Intuitive Surgical (ISRG) founder Fred Moll directly on the cap table — the strongest possible endorsement for a surgical-robotics-adjacent imaging system, and the cleanest investor signal in the medical-robotics window. Comp set: Castle Biosciences (CSTL) on skin-cancer testing, DermTech (delisted) on the melanoma-diagnostics precedent, Intuitive Surgical (ISRG) on the broader surgical-robotics anchor. CE/FDA Class I-exempt fast-tracks 2026 US/EU launch — the regulatory path is the differentiator, not the imaging hardware.",https://www.businesswire.com/news/home/20260427129819/en/SquareMind-Raises-$18-Million-to-Redefine-Skin-Exams-With-Robotics-and-AI
donecle,Donecle,French manufacturer of automated aircraft-inspection drones with Airbus and Boeing certifications plus EASA and FAA approvals. The only operator with both Airbus and Boeing certifications for drone-based aircraft inspection.,Robotics,Autonomous Systems & Drones,System Integration,Medium,None,Series B,venture,11.0,,2026-04-15,15-Apr-26,Apr-26,2Q26,2026,France (Toulouse),"IRDI Capital Investissement, SWEN Capital Partners","GSO Innovation, ARIS Occitanie",,"Holding both Airbus and Boeing certifications for aircraft-inspection drones is the structural moat — dual-OEM certification gates the entire MRO market, and Donecle is the only operator with both. Comp set: Mainblades on EU aircraft-inspection, Avitas Systems (under GE) on US inspection-drone, FLYABILITY on confined-space inspection; AAR Corp (AIR) on listed MRO. $11M Series B is modest for an EU defense-adjacent inspection player — round size suggests regional growth, not global expansion capital.",https://dronelife.com/2026/04/16/donecle-raises-e10-million-to-expand-drone-based-aircraft-inspection-platform/
antioch,Antioch,"Builds a simulation tooling layer for physical AI development, pitched as a 'Cursor for physical AI.' Founded by Transpose alumni and Meta Reality Labs/DeepMind hires; targets developer-first integration with NVIDIA Isaac and Cosmos.",Robotics,Software & Simulation,Software & Services,Pre-commercial,None,Seed,venture,8.5,60.0,2026-04-16,16-Apr-26,Apr-26,2Q26,2026,"USA (New York, NY)","A*, Category Ventures","MaC Venture Capital, BoxGroup, Icehouse Ventures, Abstract",,"'Cursor for physical AI' positioning at $60M post is the developer-experience wedge — Antioch sits as a wrapper layer between developers and NVIDIA (NVDA) Isaac/Cosmos rather than competing with the simulator stack directly. Comp set: Nvidia Isaac and Cosmos on the underlying stack, MuJoCo (DeepMind) on open simulation, Genesis (CMU/MIT) on open peer; Unity (U) and Roblox (RBLX) on adjacent listed-simulation IP. Transpose plus Meta Reality Labs plus DeepMind founder pedigree is the real underwrite at seed stage — execution risk on tooling stickiness.",https://techcrunch.com/2026/04/16/this-simulation-startup-wants-to-be-the-cursor-for-physical-ai/
crewline-ai,Crewline AI,Builds a retrofit-autonomy stack for vibratory rollers used in asphalt and soil compaction. Targets construction-equipment autonomy alongside Built Robotics and Bedrock Robotics.,Robotics,Industrial Robots,System Integration,Pre-commercial,None,Seed,venture,7.1,,2026-04-30,30-Apr-26,Apr-26,2Q26,2026,"USA (San Francisco, CA)","Initialized Capital, Nebular","Ford Street Ventures, Cocoa, Begin, Entrepreneurs First, Transpose",,"Initialized leading a construction-equipment retrofit-autonomy seed with $26M+ waitlisted contracts is the cleanest paying-customer signal — pre-commercial order book of 3.5x round size is unusual at seed stage and signals validated demand. Comp set: Built Robotics on US construction autonomy primes, Bedrock Robotics on equipment autonomy, SafeAI on retrofit peer; Caterpillar (CAT) and Komatsu (6301 JP) on listed OEM-adjacent counters. Vibratory-roller retrofit is a narrow wedge; whether scope extends to broader earthmoving determines the actual TAM.",https://www.finsmes.com/2026/04/crewline-ai-raises-7-1m-in-seed-funding.html
ouidrop,Ouidrop,French manufacturer of tri-temperature autonomous click-and-collect grocery drop boxes. Deployed with Leclerc and Intermarche; targets European grocery pick-up automation.,Robotics,Warehouse & Logistics,System Integration,Pre-commercial,None,Seed,venture,7.7,,2026-04-23,23-Apr-26,Apr-26,2Q26,2026,France (Bordeaux),Xplore by Épopée Gestion,"SWEN Capital Partners, GSO Innovation, Crédit Agricole, Spring Invest",,"Tri-temperature autonomous click-and-collect grocery-dropper deployment with Leclerc and Intermarche is the under-appreciated French retail-automation signal — French hypermarket chains are the cleanest test market for last-mile grocery automation, with established click-and-collect adoption already at scale. Comp set: Ocado Smart Platform on UK incumbent automation, AutoStore (AUTO NO) on goods-to-person, Cleveron on parcel-locker robotics, Attabotics on US warehouse peer. 500-unit-by-2030 target is the binary scale-out gate.",https://epopeegestion.fr/en/ouidrop-raises-e7-million-to-industrialise-and-accelerate-the-rollout-of-its-droppers-an-autonomous-grocery-pick-up-solution/
strata-robotics,Strata Robotics,,Robotics,Industrial Robots,System Integration,Pre-commercial,None,Seed,venture,5.2,,2026-04-15,15-Apr-26,Apr-26,2Q26,2026,"USA (Boston, MA)",Founders Fund,"Buckley Ventures, Topology Ventures, House Capital, Side Door Ventures, Also Capital, E14 Fund",,"Founders Fund leading a $5.2M Boston industrial-robotics seed is the signal — FF rarely shows up at sub-$10M unless the founders are a known quantity, and this reads as a thesis-bet on the physical-AI builder-kit layer rather than a financial bet. Comp set: Anvil on adjacent industrial-automation tooling, Bright Machines on contract-manufacturing robotics, Path Robotics on metal-fab automation; Tesla Optimus and Figure as the humanoid-counter on the same factory floor. Single-source caveat applies on round mechanics.",https://roboticsroundup.substack.com/p/robotics-roundup-28-april-2026
airhub,AirHub,"Dutch developer of drone-operations command-and-control software for security and defense customers. Customers include Dubai Police, Belgian Federal Police, and Shell.",Robotics,Software & Simulation,Software & Services,Pre-commercial,None,Series A,venture,4.8,,2026-04-08,8-Apr-26,Apr-26,2Q26,2026,Netherlands (The Hague),Keen Venture Partners,"RunwayFBU, Lumaux, LUMO Labs",,"Eur4.4M Series A for European drone C2 software with Dubai Police, Belgian Federal Police, and Shell already on the customer list is unusually capital-efficient — paid pilots de-risk the round at a stage where peers are still seeking design partners. Comp set: Auterion on open-source drone OS, Skydio on US defense drone software stack, ResilienX on UAS traffic management; Kratos (KTOS) and AeroVironment (AVAV) as listed defense-drone counterparts. Dual-use European positioning is the strategic frame.",https://dronelife.com/2026/04/08/drone-operations-software-company-airhub-closes-e4-4m-series-a/
zeabuz,Zeabuz,Norwegian developer of autonomous urban-ferry and maritime navigation software with both civilian and dual-use defense applications.,Robotics,Autonomous Systems & Drones,System Integration,Pre-commercial,None,Seed,venture,4.0,,2026-04-17,17-Apr-26,Apr-26,2Q26,2026,Norway (Trondheim),Grieg Kapital,"Eitzen, Barclay Holding",,"Norwegian urban-ferry autonomy is a niche-specific maritime bet — Trondheim coastal-pilot lineage gives Zeabuz operational credibility commercial-scale peers lack, but $4M seed sizing implies city-by-city deployment rather than platform scale. Comp set: Sea Machines on US harbor autonomy, Avikus (HD Hyundai) on Korean OEM autonomy, Orca AI on vessel situational awareness, Buffalo Automation on US inland waterways; Kongsberg Maritime as the Norwegian large-vessel incumbent. Dual-use defense pipeline is the optionality.",https://www.hellenicshippingnews.com/zeabuz-as-secures-nok-40-million-in-a-funding-round-led-by-grieg-kapital-to-support-rapid-international-deployment-and-scaling/
galaxea-ai,Galaxea AI,"Chinese humanoid robot company developing general-purpose embodied AI platforms for industrial and commercial applications. Competes with Galbot, Unitree, and Agibot in the Chinese humanoid market.",Robotics,Software & Simulation,Software & Services,Medium,None,Series B (extension),venture,290.4,2900.0,2026-04-02,2-Apr-26,Apr-26,2Q26,2026,China (Beijing),Lens Technology,"Financial Street Capital, CICC Capital, GL Ventures",,"Series B extension at 2.9B — Galaxea is now the Chinese VLA-platform comp to Skild AI and Physical Intelligence. Two-month raise total exceeds 430M, putting Galaxea in line with Western brain-layer peers despite zero overseas commercial presence. Strategic frame: China-domestic embodied-AI brain layer, where domestic OEMs (Unitree, XPENG, Xiaomi) are being herded onto a domestic VLA stack by capital structure alone. Lens Technology lead is unusual — phone-glass supply chain capital entering robot software.",https://www.caixinglobal.com/2026-04-02/robot-startup-galaxea-ai-raises-291-million-102430297.html
x-square-robot,X Square Robot,"Chinese embodied-intelligence startup developing household robots, including the WALL-A multimodal transformer for control and the WALL-B platform targeted at consumer home rollout. Strategic backing from Xiaomi.",Robotics,Humanoid & Service Robots,System Integration,Medium,China_Made_In_China_2025,Series B,venture,276.0,,2026-04-20,20-Apr-26,Apr-26,2Q26,2026,China (Shenzhen),"Xiaomi, HongShan","Meituan, Alibaba, ByteDance",,"Xiaomi + HongShan-led with Meituan, Alibaba, ByteDance co-investing — the most strategically loaded mainland-China cap table in humanoid, period. Comp set: Unitree (profitable, IPO-filed), Galaxea (brain-layer), Spirit AI, TARS, PsiBot. The consumer-home rollout focus (WALL-B) is the differentiation; Unitree and Spirit are industrial-anchored. Read-through: Xiaomi anchoring suggests an eventual capture path back into Xiaomi's product line, narrowing the addressable market but increasing exit certainty.",https://www.caixinglobal.com/2026-04-21/x-square-robot-raises-new-funds-targets-home-trials-by-may-102436558.html
linkerbot,Linkerbot,Chinese designer of dexterous robotic hands for humanoid robot platforms. Sells hand subsystems to humanoid OEMs riding the Chinese embodied-AI wave; closest US comparison is Sanctuary AI's hand work.,Robotics,Motion Control & Actuators,Components & Subsystems,Medium,China_Made_In_China_2025,Series B,venture,100.0,3000.0,2026-04-29,29-Apr-26,Apr-26,2Q26,2026,China (Beijing),Zhongguancun Science Park Fund,"Bank of China Asset Management, Fosun Capital, Ant Group, HongShan",,"Dexterous robotic hands at $3B with a $6B next-round target is the most aggressive humanoid-component valuation in the dataset — picks-and-shovels for the China humanoid wave with Zhongguancun + Ant Group + HongShan anchoring. Comp set: Sanctuary AI (Canada) on the hand-IP side, Shadow Robot Company (UK), plus in-house hand programs at Unitree, Figure, 1X, and Tesla (TSLA) Optimus. Chinese OEMs are bifurcating into in-house and outsourced — Unitree is in-house, Linkerbot is the merchant supplier for the rest.",https://thenextweb.com/news/linkerbot-china-robot-hand-6-billion-valuation
wearable-robotics,Wearable Robotics,"Italian Sant'Anna spinout building the ALEX RS upper-limb rehabilitation exoskeleton. More than 50 installations to date; competes with Bionic, Ekso, and Cyberdyne in neuromotor rehab.",Robotics,Surgical & Medical,System Integration,Pre-commercial,None,Series A,venture,5.5,,2026-04-03,3-Apr-26,Apr-26,2Q26,2026,Italy (Pisa),CDP Venture Capital,"MITO Technology, LIFTT, SIMEST, RoboIT, Toscana Next",,"Sant'Anna spinout with 50+ ALEX RS installations is real clinical footprint, but neuromotor-rehab exoskeletons remain a hospital-by-hospital sales cycle with stretched reimbursement — Ekso Bionics (EKSO) penny-stock status is the cautionary listed comp. Comp set: Ekso Bionics on listed US peer, Bionik Laboratories on micro-cap upper-limb rehab, Cyberdyne (7779 JP) on Japanese listed, ReWalk Robotics (now Lifeward, LFWD) on lower-limb. CDP Venture-led E5M Series A is sovereign-industrial Italian capital rather than scale-stage financing.",https://www.eu-startups.com/2026/04/italys-wearable-robotics-closes-e5-million-series-a-to-scale-neuromotor-rehabilitation-robotics-and-exoskeletons/
hyfix-spatial-intelligence,HYFIX Spatial Intelligence,"Builds a US-made system-on-chip for drones and robots that integrates flight control, GPS, secure communications, and onboard compute on one die. Positioned as an alternative to Chinese-supplied drone silicon after recent FCC restrictions.",Robotics,Machine Vision & Sensors,Components & Subsystems,Pre-commercial,US_DPA_Title_III,Seed,venture,15.0,,2026-04-15,15-Apr-26,Apr-26,2Q26,2026,"USA (Santa Clara, CA)",Craft Ventures,"Catapult Ventures, Multicoin Capital, Finality Capital, Sky Dayton",,"US-made drone SoC integrating flight-control, GPS, secure-comms, and onboard compute is the cleanest post-FCC-restriction supply-chain bet — HYFIX is positioned to replace DJI-supplied silicon as the China-decoupled drone-component default. Comp set: Ambarella (AMBA) on drone vision SoC, Innoviz (INVZ) and Aeva (AEVA) on adjacent sensor silicon, Skydio and Anduril as the prime drone customers. Craft Ventures lead plus Multicoin crossover is unusual — reads as DPA Title III-aligned positioning ahead of DoD procurement.",https://fortune.com/2026/04/15/exclusive-hyfix-craft-ventures-dji-drone-gps-chi/
premium-robotics,Premium Robotics,German developer of picking and palletizing robots for food retail intralogistics. Acquired by Schwarz Group (parent of Lidl and Kaufland) for in-house deployment.,Robotics,Warehouse & Logistics,System Integration,Medium,None,M&A,venture,,,2026-04-21,21-Apr-26,Apr-26,2Q26,2026,Germany (Leinfelden-Echterdingen),Schwarz Group,,,"Schwarz Group absorbing its long-time picking/palletizing partner is European grocery vertical-integration — Lidl/Kaufland scale lets Schwarz capture intralogistics margin rather than rent it. Comp set: Symbotic (SYM) under Walmart as the US analog vertical integration, AutoStore (AUTO NO) on listed grid-AS/RS, Ocado (OCDO LN) on UK grocery automation IP, Knapp on Austrian intralogistics; Berkshire Grey (delisted, SoftBank-owned) on US warehouse picking. EU food-retail automation thesis tightens.",https://gruppe.schwarz/en/press/archive/2026/companies-of-schwarz-group-integrate-tech-specialist-premium-robotics
general-robotics,General Robotics,"Develops GRID, an intelligence layer that orchestrates heterogeneous robot fleets and integrates with NVIDIA Isaac Sim. Accenture is a strategic investor and commercial channel partner.",Robotics,Software & Simulation,Software & Services,Medium,None,Strategic,strategic_corporate,,,2026-04-15,15-Apr-26,Apr-26,2Q26,2026,"USA (Redmond, WA)",Accenture Ventures,,,"Accenture Ventures backing GRID is the channel-not-capital play — fleet-orchestration software with Isaac Sim integration only matters if the SI partner with enterprise rolodex drives deployments, and Accenture's manufacturing consulting practice is the load-bearing piece. Comp set: Formant on US robot-fleet ops, Freedom Robotics on dev-tooling for fleets, InOrbit on cloud robotics orchestration, Cogniteam on fleet management; NVIDIA (NVDA) as the Isaac Sim platform partner. Terms undisclosed; strategic, not financial.",https://newsroom.accenture.com/news/2026/accenture-invests-in-general-robotics-to-advance-physical-ai-powered-robotics-in-manufacturing-and-logistics
neye-ai,nEye.ai,"Develops optical circuit switching for AI data centers, combining silicon photonics with MEMS optical switching. Targets the optical interconnect bottleneck in hyperscale AI clusters, competing with the TIA and laser stacks behind Broadcom and Marvell optics.",Semiconductors,Frontier Compute,IP & Design,Medium,US_CHIPS_Act,Series C,venture,80.0,,2026-04-14,14-Apr-26,Apr-26,2Q26,2026,"USA (Sunnyvale, CA)",Sutter Hill Ventures,"CapitalG, M12 (Microsoft), Socratic Partners",,"Sutter Hill + CapitalG + M12 on optical circuit switching is the cleanest hyperscaler-aligned bet on the AI-cluster interconnect bottleneck — Google and Microsoft both signaling they need an OCS alternative to the proprietary stacks behind Broadcom (AVGO) and Marvell (MRVL) optics. Comp set: Lightmatter Passage, Celestial AI, Ayar Labs on co-packaged optics; Coherent (COHR) and Lumentum (LITE) as the public read on legacy pluggable economics. Optical interconnect is the binding constraint for next-gen AI clusters.",https://www.businesswire.com/news/home/20260414407496/en/nEye.ai-Secures-$80-Million-Series-C-to-Scale-Optical-Circuit-Switching-for-AI-Infrastructure
sygaldry-technologies,Sygaldry Technologies,Builds quantum-accelerated AI servers combining multiple qubit types in a fault-tolerant architecture. Founded by Chad Rigetti (founder of Rigetti Computing); pitches quantum acceleration as a path to lower training and inference cost than monolithic GPU stacks.,Semiconductors,Frontier Compute,IP & Design,Pre-commercial,US_CHIPS_Act,Series A,venture,105.0,,2026-04-14,14-Apr-26,Apr-26,2Q26,2026,"USA (Berkeley, CA)",Breakthrough Energy Ventures,"Y Combinator, Rock Yard Ventures, IQT, University of Michigan, QDNL Participations, Expeditions Fund, 468 Capital, Morpheus Ventures, WTI, Overmatch Ventures, RRE Ventures, Switch Ventures",,"Chad Rigetti's second act at quantum-accelerated AI servers funded by Breakthrough Energy, IQT, Y Combinator, and Michigan's endowment — the cap table reads as a long-duration deep-tech bet, not near-term commercial play. Comp set on heterogeneous-quantum: PsiQuantum (photonic), QuEra (neutral atoms), IBM (IBM), IonQ (IONQ); on the AI-accelerator counter, NVIDIA (NVDA). If quantum acceleration delivers usable speedup on any sub-domain, Sygaldry has the founder credibility to be first; if not, this is Rigetti 2.0.",https://www.globenewswire.com/news-release/2026/04/14/3273436/0/en/Sygaldry-raises-139M-to-build-quantum-computers-for-AI.html
openlight,OpenLight,Designs custom photonic chips with a process design kit (PDK) library including a 400G modulator and indium phosphide heterogeneously integrated lasers. Targets the AI optical interconnect layer alongside Ayar Labs and Marvell/Broadcom photonics.,Semiconductors,Frontier Compute,IP & Design,Pre-commercial,US_CHIPS_Act,Series A (extension),venture,50.0,,2026-04-28,28-Apr-26,Apr-26,2Q26,2026,"USA (Santa Clara, CA)",Matter Venture Partners,"Acclimate Ventures, Catapult Ventures, Xora Innovation, Capricorn Investment Group, Mayfield Fund, New Legacy",,"Series A extension to $84M total positions OpenLight as the PDK-licensing alternative to in-house photonics — competing on IP openness rather than vertical integration. Comp set: Ayar Labs on optical I/O, Lightmatter on photonic compute, Marvell (MRVL) and Broadcom (AVGO) on co-packaged optics; Coherent (COHR) and Lumentum (LITE) as the merchant laser supply. Strategic frame is whether hyperscaler ASIC programs license PDKs or build proprietary photonic IP — outcome determines TAM.",https://www.businesswire.com/news/home/20260428377852/en/OpenLight-Secures-$50-Million-in-Series-A-1-Funding-to-Accelerate-Global-Deployment-of-Next-Generation-Photonics
syenta,Syenta,Australian National University spinout developing electrochemical advanced packaging — a process for chip-to-chip copper interconnects targeting AI compute scaling. Former Intel CEO Pat Gelsinger joined the board.,Semiconductors,OSAT / Packaging & Test,Fabrication & Manufacturing,Pre-commercial,None,Series A,venture,26.0,,2026-04-21,21-Apr-26,Apr-26,2Q26,2026,Australia (Sydney),"Playground Global, Australia's National Reconstruction Fund","Investible, Salus Ventures, Jelix Ventures, Wollemi Capital",,"Pat Gelsinger joining the board via Playground Global is the heaviest individual signal — the former Intel (INTC) CEO endorsing electrochemical advanced-packaging as a Series A bet means Syenta is being positioned as the picks-and-shovels alternative to TSMC (TSM) CoWoS monopoly. Comp set: Applied Materials (AMAT) and Lam Research (LRCX) on adjacent packaging equipment, ASE (ASX) and Amkor (AMKR) on OSAT incumbency; Tokyo Electron (8035 JP) on lithography-adjacent tools. Chip-to-chip copper interconnect is the AI-scaling bottleneck — clears if foundry validation lands.",https://www.businesswire.com/news/home/20260421921787/en/Next-generation-Semiconductor-Company-Syenta-Raises-$26-Million-in-Series-A-Funding-to-Deliver-Breakthrough-Chip-to-Chip-Connectivity-for-AI
rapidus,Rapidus,"Japan's flagship advanced semiconductor foundry, building a fab in Chitose, Hokkaido aiming for 2nm production by 2027. Technology transfer agreement with IBM; backed by Japanese government investment.",Semiconductors,Foundry,Fabrication & Manufacturing,High,Japan_METI_Semi_Strategy,Government investment,government,4000.0,,2026-04-11,11-Apr-26,Apr-26,2Q26,2026,"Japan (Chitose, Hokkaido)",Government of Japan (METI),,,"METI's second tranche brings cumulative Rapidus support to ~16B and crosses the threshold where the Japanese state is effectively underwriting a 2nm foundry against TSM. The strategic frame is sovereignty, not economics: the unit-cost math vs TSM N2 doesn't close, but a captive 2nm option for Fujitsu, NTT, and SoftBank is worth the subsidy alone. Closest analog is Intel Foundry's CHIPS Act funding, only more concentrated in one customer base.",https://www.bloomberg.com/news/articles/2026-04-11/japan-bets-16-billion-to-propel-startup-rapidus-into-ai-chips
sj-semiconductor,SJ Semiconductor,"12-inch middle-end-of-line foundry in Jiangyin, China specializing in advanced packaging — bumping, redistribution layer (RDL), and interposer services for chiplet integration. Positioned as a domestic alternative to TSMC CoWoS capacity for Chinese fabless customers.",Semiconductors,OSAT / Packaging & Test,Fabrication & Manufacturing,Medium,China_Big_Fund;US_Export_Controls_China,IPO,venture,690.0,19320.0,2026-04-21,21-Apr-26,Apr-26,2Q26,2026,"China (Wuxi, Jiangsu)",Shanghai Stock Exchange STAR Market,,,Largest A-share IPO of 2026 YTD funds a domestic answer to TSM CoWoS supply constraints — SJSemi holds ~85% of China's 2.5D advanced-packaging share. The structural read is that Beijing has now backstopped both leading-edge wafer (SMIC) and advanced packaging (SJSemi/JCET) as separate state priorities. Closest comps: ASE Technology (ASX) and Amkor (AMKR) on the public side; differential is China-domestic customer pull driven by export-control overhang.,https://www.trendforce.com/news/2026/04/23/news-china-osat-sj-semiconductor-reportedly-raises-rmb-5b-in-ipo-largest-a-share-offering-of-2026-so-far/
polariton-technologies,Polariton Technologies,Swiss ETH Zurich spinout developing plasmonics-based silicon photonic modulators for high-speed optical interconnects. Acquired by Marvell to scale 3.2T+ optical interconnect products.,Semiconductors,Frontier Compute,IP & Design,High,None,M&A,venture,,,2026-04-23,23-Apr-26,Apr-26,2Q26,2026,Switzerland (Zurich),Marvell Technology,,,"Marvell buying an ETH Zurich plasmonics-modulator spinout to scale 3.2T optical interconnects is the cleanest signal yet that co-packaged optics is moving in-house at the merchant silicon level — MRVL is tightening photonics IP ownership vs. Broadcom (AVGO) ahead of the 1.6T/3.2T transition. Comp set: Lightmatter and Ayar Labs on optical I/O, Coherent (COHR) and Lumentum (LITE) on merchant laser supply, Macom (MTSI) on photonic components. Terms undisclosed; strategic IP tuck-in.",https://investor.marvell.com/news-events/press-releases/detail/1020/marvell-announces-acquisition-of-polariton-technologies-advancing-optical-performance-scaling-to-3-2t-and-beyond
cerebras-systems,Cerebras Systems,"Designs wafer-scale AI processors and the systems that ship around them, including the CS-3 supercomputer and on-premises and cloud inference offerings. The wafer-scale approach packages an entire silicon wafer into a single chip with 900,000+ cores, targeting large-model training and inference workloads.",Semiconductors,Frontier Compute,System Integration,High,US_CHIPS_Act,IPO (filed),venture,2000.0,24000.0,2026-04-17,17-Apr-26,Apr-26,2Q26,2026,"USA (Sunnyvale, CA)",Filed S-1 with SEC (Nasdaq: CBRS),,,Second crack at a public listing after the 2024 attempt stalled on CFIUS review of G42 exposure. The 10B OpenAI inference contract and 510M FY25 revenue give this S-1 actual numbers behind it; comp framing is Groq (still private) on the inference side and NVIDIA (NVDA) as the architectural counter-bet. Cerebras IPO is the cleanest public-market read on whether non-GPU AI silicon clears at scale.,https://stockmaven.com/cerebras-ipo-2026/
dustphotonics,DustPhotonics,"Israeli silicon photonic integrated circuit (PIC) startup spanning 400G to 3.2T optical interconnects. Acquired by Credo in a deal worth up to $1.3B; integrates SerDes, DSP, and silicon photonics.",Semiconductors,Frontier Compute,IP & Design,High,None,M&A,venture,1300.0,1300.0,2026-04-13,13-Apr-26,Apr-26,2Q26,2026,Israel (Modi'in),Credo Technology (NASDAQ: CRDO),,,"Tuck-in that lets Credo (CRDO) finally span SerDes + DSP + silicon photonics in one stack — the same vertical integration play Marvell (MRVL) and Broadcom (AVGO) have been building. At 1.3B with meaningful earn-out, Credo is paying full price for the optics piece because the alternative is watching AVGO/MRVL pull away in 1.6T optical interconnect. Reads as defensive-offensive: small-cap pure-play forced to consolidate or be consolidated.",https://www.businesswire.com/news/home/20260413933103/en/Credo-Agrees-to-Acquire-DustPhotonics-Accelerating-Expansion-into-Silicon-Photonics-and-Next-Generation-Optical-Connectivity
quantum-art,Quantum Art,"Israeli trapped-ion quantum computer maker building the Perspective 1,000-qubit multi-core quantum system. Targets enterprise and government customers needing scaled quantum compute.",Semiconductors,Frontier Compute,IP & Design,Pre-commercial,None,Series A (extension),venture,40.0,,2026-04-27,27-Apr-26,Apr-26,2Q26,2026,Israel (Ness Ziona),Bedford Ridge Capital,"Hudson Bay Capital, Poalim Equity, LIP Ventures, Wolverine Global Ventures, IDA Ventures",,"Series A extension from $100M (Dec 2025) to $140M total marks Quantum Art as the best-capitalized trapped-ion player outside IonQ (IONQ) and Quantinuum. Comp set: IonQ on listed trapped-ion, Quantinuum as the Honeywell-spun private peer, Atom Computing and QuEra on neutral-atom; Rigetti (RGTI) and IBM (IBM) as the superconducting-counter. 1,000-qubit Perspective system is the binary engineering milestone — clears if multi-core ion-trap scaling works, falls flat if coherence times degrade with qubit count.",https://thequantuminsider.com/2026/04/27/quantum-art-extends-series-a-funding-to-140-million-with-participation-from-global-financial-leaders/
spinq-technology,SpinQ Technology,Chinese quantum computing company developing superconducting and NMR-based quantum systems for industrial and educational customers. Targets the domestic Chinese quantum hardware market under the 15th Five-Year Plan.,Semiconductors,Frontier Compute,IP & Design,Medium,China_Big_Fund;US_Export_Controls_China,Series C (extension),venture,83.0,,2026-04-03,3-Apr-26,Apr-26,2Q26,2026,China (Shenzhen),"Cornerstone Capital, Guotai Junan Innovation Investment","Zhejiang Caitong Capital, Sichuan Zhenxing Group, Chengdu Tianchuang Investment, Yida Capital, Huaqiang Capital",,"Second tranche of the Series C within three months brings cumulative C round to ~CNY 1B — the pacing is the signal, not the dollar amount, with state-aligned LPs writing follow-on checks at a tempo Chinese quantum hasn't seen before. Comp set: QuantumCTek (688027), Origin Quantum, QBoson on the domestic side; IBM (IBM), IonQ (IONQ), Rigetti (RGTI) as the US public benchmark. The 15th Five-Year Plan is mobilizing state capital into quantum the way the Big Fund did for semis. SpinQ is the best-capitalized Chinese superconducting pure-play.",https://thequantuminsider.com/2026/04/03/spinq-technology-secures-nearly-1-billion-chinese-yuan-in-series-c-funding-to-scale-industrial-superconducting-quantum-computing/
lace-lithography,Lace Lithography,"Norwegian helium atom-beam lithography startup. Targets a beam wavelength much shorter than ASML's 13.5nm EUV for next-generation chip patterning, with a pilot fab system targeted for 2029.",Semiconductors,Equipment,Capital Equipment,High,None,Series A,venture,40.0,,2026-04-02,2-Apr-26,Apr-26,2Q26,2026,Norway (Bergen),Atomico,"M12 (Microsoft), Linse Capital, Vsquared Ventures, Future Ventures, Runa Capital, Deep Future, SETT Spain, Nysno Climate Investments",,"Atomico leading with M12 (Microsoft) participating is the Norwegian-sovereign hedge against ASML (ASML) monopoly economics — the second major hyperscaler-backed alt-lithography round in this window after the Microsoft-led parallel raise. Comp set: ASML on EUV incumbency, Canon (7751 JP) on nanoimprint as the established alternate, Applied Materials (AMAT) and KLA (KLAC) on adjacent equipment. 0.1nm helium-atom beam vs 13.5nm EUV is the radical-physics bet; 2029 pilot fab pushes commercial validation deep into next CAPEX cycle.",https://bebeez.eu/2026/04/02/norways-lace-lithography-raises-40-million-series-a-to-reinvent-chipmaking-with-atom-beam-technology/
altair-semiconductor,Altair Semiconductor,Israeli fabless designer of cellular IoT chips. Spun back out of Sony 10 years after a $212M acquisition; focused on 5G IoT and eRedCap modems for physical AI and edge devices.,Semiconductors,Fabless Design,IP & Design,Medium,None,Strategic,strategic_corporate,50.0,,2026-04-27,27-Apr-26,Apr-26,2Q26,2026,Israel (Hod HaSharon),Pitango Group,Sony Semiconductor Solutions (continuing as one of largest shareholders),,"Sony spinning Altair back out 10 years post-acquisition is the cleanest case study of cellular IoT failing to materialize inside an imaging-sensor conglomerate — the spinoff signals Sony is unwilling to underwrite eRedCap and 5G IoT through corporate balance sheet. Comp set: Sequans (SQNS) on cellular IoT, Qualcomm (QCOM) and MediaTek (2454 TT) on the modem incumbents, Sony (6758 JP) retaining stake as the strategic anchor. Connectivity-layer thesis hinges on physical-AI edge volume materializing.",https://siliconangle.com/2026/04/27/altair-semiconductor-raises-50m-completing-spinoff-sony/
orangeqs-orange-quantum-systems,OrangeQS (Orange Quantum Systems),"Dutch quantum chip testing equipment startup providing test-and-measurement systems for quantum processors. Partnered with Rigetti, QuantWare, and Peak Quantum on quantum hardware qualification.",Semiconductors,OSAT / Packaging & Test,Fabrication & Manufacturing,Pre-commercial,EU_Chips_Act,Seed (extension),venture,17.6,,2026-04-21,21-Apr-26,Apr-26,2Q26,2026,Netherlands (Delft),European Innovation Council Fund,"(Existing investors), partnership program with Rigetti, QuantWare, Peak Quantum",,"Quantum-test-and-measurement is the cleanest picks-and-shovels play in the quantum stack — OrangeQS sells qualification equipment to Rigetti (RGTI), QuantWare, and Peak Quantum regardless of which qubit modality wins. Comp set: Bluefors on cryogenic systems, Zurich Instruments and Quantum Machines on control electronics, Keysight (KEYS) on adjacent broader T&M. Role analog is KLA (KLAC) for advanced semiconductor packaging — supplier-side leverage as the industry scales, sector-agnostic on architecture.",https://thequantuminsider.com/2026/04/21/orangeqs-extends-seed-round-to-e15-million-and-partners-with-rigetti-quantware-and-peak-quantum/
neo-semiconductor,NEO Semiconductor,"Develops 3D X-DRAM memory IP — a high-bandwidth memory alternative claiming 8x density on existing 3D NAND tooling. Targets the HBM bottleneck currently held by SK hynix, Samsung, and Micron.",Semiconductors,Fabless Design,IP & Design,Medium,US_CHIPS_Act,Strategic,strategic_corporate,,,2026-04-23,23-Apr-26,Apr-26,2Q26,2026,"USA (San Jose, CA)","Stan Shih (Founder of Acer, former TSMC board)",,,"Stan Shih's strategic check into a 3D X-DRAM startup is a Taiwan-sovereign hedge against the SK hynix-Samsung-Micron HBM oligopoly — 8x density on existing 3D NAND tooling is the credible-if-true thesis, since reusing NAND CAPEX dodges the HBM TSV bottleneck. Comp set: SK hynix (000660 KS), Samsung (005930 KS), Micron (MU) as HBM incumbents; YMTC on Chinese 3D NAND, Kioxia (285A JP) on NAND tooling reuse; Marvell (MRVL) on custom HBM controllers. Memory-density binary on tape-out.",https://www.prnewswire.com/news-releases/neo-semiconductor-demonstrates-3d-x-dram-proof-of-concept-secures-strategic-investment-to-advance-ai-memory-302751824.html
groove-quantum,Groove Quantum,QuTech spinout building CMOS-compatible germanium spin-qubit quantum processors. Claims the largest semiconductor spin-qubit processor at 18 qubits; targets an industrially fabricable path to scaled quantum logic.,Semiconductors,Frontier Compute,IP & Design,Pre-commercial,EU_Chips_Act,Seed,venture,18.7,,2026-04-30,30-Apr-26,Apr-26,2Q26,2026,Netherlands (Delft),"Innovation Industries, 55 North","Verve Ventures, European Innovation Council Fund, EIC Accelerator + EU Chips Act grants",,"QuTech spinout building CMOS-compatible germanium spin-qubits is Europe's most industrially fabricable quantum bet — the differentiator is leveraging existing semiconductor process equipment rather than building bespoke fabs. Comp set: Quantum Motion (UK) and Diraq (AU) on silicon spin-qubit peers, Intel (INTC) on the listed silicon-spin counter, Rigetti (RGTI) and IBM (IBM) on superconducting. EU Chips Act grant participation is the structural backing; integration-with-CMOS thesis is what gives this round its real optionality.",https://thequantuminsider.com/2026/04/30/groove-quantum-spin-qubit-processor-funding/
pixel-photonics,Pixel Photonics,University of Munster spinout developing waveguide-integrated superconducting nanowire single-photon detectors (SNSPDs) for quantum computing and photonic test and measurement. Picks-and-shovels enabler for quantum hardware customers.,Semiconductors,OSAT / Packaging & Test,Fabrication & Manufacturing,Pre-commercial,EU_Chips_Act,Seed,venture,15.8,,2026-04-10,10-Apr-26,Apr-26,2Q26,2026,Germany (Munster),Futury Capital,"European Innovation Council Accelerator, Federal Agency for Disruptive Innovation (SPRIND), Kensho Ventures, High-Tech Grunderfonds (HTGF)",,"Waveguide-integrated SNSPDs are the cleanest picks-and-shovels play in quantum-photonics — Pixel sells single-photon detectors to whatever qubit modality wins, identical leverage to the KLA (KLAC) role in advanced packaging. Comp set: Single Quantum (NL) and ID Quantique on competing SNSPD vendors, Quantum Opus on adjacent US peer; Keysight (KEYS) on broader T&M. E5M equity plus E8.5M EIC reflects the EU Chips Act's structural support — non-dilutive grant component is the unusual feature, lowering the equity cost-of-capital materially.",https://www.eu-startups.com/2026/04/as-us-and-china-ramp-up-quantum-investment-germanys-pixel-photonics-raises-e13-5-million-to-accelerate-market-entry
skyechip-berhad,SkyeChip Berhad,Malaysian fabless integrated circuit design and silicon IP house based in Penang. Public on the Bursa Malaysia Main Market; targets AI silicon R&D and next-generation IP licensing.,Semiconductors,EDA & IP,IP & Design,Medium,None,IPO (filed),venture,84.0,,2026-04-30,30-Apr-26,Apr-26,2Q26,2026,Malaysia (Penang),Bursa Malaysia Main Market (target listing 2026-05-20),,,"Largest front-end-semi IPO in ASEAN and the cleanest expression of the Malaysia/Penang-as-geopolitically-neutral-IP-hub thesis — SkyeChip is positioned to serve customers who can't or won't use US-listed silicon-IP vendors due to export-control overhang. Comp set: Silicon Labs (SLAB), CEVA (CEVA), Synopsys (SNPS) IP division on the public-IP side; ARM (ARM) as the dominant licensor everyone is trying to diversify away from. ASEAN sovereignty in semis is being built around Penang's existing OSAT base and now front-end IP.",https://theedgemalaysia.com/node/801729
nuvacore,Nuvacore,"Stealth fabless CPU startup founded by Apple, Qualcomm, and Nuvia alumni. Targets AI-era data center CPUs as an alternative to x86 and ARM as agent workloads drive demand for new compute architectures.",Semiconductors,Fabless Design,IP & Design,Pre-commercial,US_CHIPS_Act,Seed,venture,,,2026-04-15,15-Apr-26,Apr-26,2Q26,2026,USA,Sequoia Capital,,,"Sequoia-led stealth seed for Apple/Qualcomm/Nuvia alumni building AI-era datacenter CPUs is pedigree-trade pricing — the Nuvia-to-Qualcomm $1.4B precedent gives this team an implied valuation floor regardless of seed sizing. Comp set: Tenstorrent on RISC-V datacenter, Rivos and Ampere on ARM-server CPUs, Cerebras (IPO filed) on AI-native compute, SiPearl on European sovereign HPC; NVIDIA (NVDA) Grace and AMD (AMD) as the incumbent x86/ARM counters. Architecture choice undisclosed; speculative.",https://www.bloomberg.com/news/articles/2026-04-15/sequoia-backed-chip-startup-nuvacore-looks-to-overhaul-cpus-for-ai-era
true-anomaly,True Anomaly,Builds autonomous orbital vehicles (the Jackal AOV) and ground software for space domain awareness and rendezvous-proximity operations. Sells primarily to the US Space Force and Department of Defense for orbital security missions.,Space,In-Orbit Services,Deployment & Operation,Medium,US_DPA_Title_III,Series D,venture,650.0,2200.0,2026-04-28,28-Apr-26,Apr-26,2Q26,2026,"USA (Centennial, CO)","Eclipse Ventures, Riot Ventures","Paradigm, Atreides Management, G Squared, The Private Shares Fund, VanEck, Accel, Menlo Ventures, ACME Capital, Space VC, Meritech Capital, Narya, 645 Ventures",,"Pure-play orbital defense round at 3x valuation step-up — Golden Dome contractor selection is the catalyst. Comp set is narrow: Anduril (private) on the broader defense-AI side, Rocket Lab (RKLB) Space Systems segment on the on-orbit hardware side, no real public-market pure-play. The 1B total raised and 500-headcount target by year-end signal the company is staffing for prime-contractor scale, not subcontractor. SDA architecture pivot from passive sensing to active proximity-operations is the underlying thesis.",https://spacenews.com/true-anomaly-raises-650-million-reaching-2-2-billion-valuation/
turion-space,Turion Space,"Operates a constellation of maneuverable satellites for space domain awareness and non-Earth imaging. Holds 28 US government contracts across the Space Force, NASA, and NRO; first NOAA-licensed commercial NEI provider.",Space,Earth Observation,Deployment & Operation,Medium,US_DPA_Title_III,Series B,venture,75.0,,2026-04-15,15-Apr-26,Apr-26,2Q26,2026,"USA (Irvine, CA)",Washington Harbour Partners,"Aurelia Foundry, Forward Deployed VC, FoundersX, Center15 Capital, Magnetar Capital, HOF Capital, Industrious Ventures",,"First NOAA-licensed commercial non-Earth-imaging provider with 28 USG contracts across Space Force, NASA, and NRO — Turion is being underwritten on a regulated-monopoly thesis as much as on technology. Comp set: LeoLabs and Slingshot on space-domain-awareness analytics, ExoAnalytic on ground-based optical SDA, True Anomaly on active proximity ops; no public pure-play. SDA is consolidating into 4-5 vendors, and Turion's maneuverable-satellite differentiation gives it the operational moat analytics-only peers lack.",https://spacenews.com/turion-space-raises-75-million-to-expand-maneuverable-satellite-fleet/
univity,Univity,"French operator of a planned 1,600-satellite very-low-earth-orbit (VLEO) 5G constellation at around 375 km. Formerly Constellation Technologies & Operations; targets a European sovereign direct-to-cell alternative to Starlink and AST SpaceMobile.",Space,Satellite Communications,Deployment & Operation,Pre-commercial,None,Series A,venture,32.0,,2026-04-23,23-Apr-26,Apr-26,2Q26,2026,France (Paris),"Blast, Expansion Ventures","Bpifrance Deeptech 2030, two family offices",,"VLEO 5G constellation at 375km — well below Starlink's 550km altitude band — is the European sovereignty pitch dressed as a physics differentiator. Comp set: AST SpaceMobile (ASTS) on direct-to-cell incumbency, SpaceX Starlink as the dominant LEO peer, Lynk Global on private D2C, Globalstar (delisting in progress, Amazon acquisition) on partnered satellite-cellular. 1,600-sat constellation at $32M Series A is laughably underfunded vs ASTS scale economics; round reads as European sovereign-capital seed before larger institutional rounds.",https://spacenews.com/univity-funds-vleo-5g-demonstrators-with-32-million-series-a/
xoople,Xoople,"Spanish earth observation company building an AI-optimized imagery constellation for government tracking, agribusiness, infrastructure, and supply-chain monitoring. Partnered with L3Harris on next-generation sensors.",Space,Earth Observation,Deployment & Operation,Medium,None,Series B,venture,130.0,,2026-04-06,6-Apr-26,Apr-26,2Q26,2026,Spain (Barcelona),Nazca Capital,"MCH Private Equity, CDTI, Buenavista Equity Partners, Endeavor Catalyst",,"Largest Spanish space round on record and the cleanest signal that the EU is funding sovereign Earth-observation capacity alongside launch and PNT investments. Comp set: Planet Labs (PL) and Maxar (private) on the public/global EO side, ICEYE on SAR-specific, Satellogic (SATL) as the small-cap public proxy. L3Harris sensor partnership is the load-bearing strategic — Xoople gets US sensor IP without US listing, L3Harris gets European distribution. EU EO arms race is real, with ICEYE and Constellr scaling capital in parallel.",https://techcrunch.com/2026/04/06/spains-xoople-raises-130-million-series-b-to-map-the-earth-for-ai/
portal-space-systems,Portal Space Systems,Builds the Supernova satellite bus equipped with solar-thermal propulsion for rapid orbital maneuvering. Holds a $45M SpaceWERX contract; first Starburst-1 mission scheduled on SpaceX Transporter-18 in late 2026. Founded by a former SpaceX Raptor engineer.,Space,Space Components,Components & Subsystems,Pre-commercial,US_DPA_Title_III,Series A,venture,50.0,250.0,2026-04-09,9-Apr-26,Apr-26,2Q26,2026,"USA (Bothell, WA)","Geodesic Capital, Mach33","Booz Allen Ventures, ARK Invest, AlleyCorp, FUSE",,"$45M SpaceWERX contract plus $50M Series A at $250M post is the textbook DoD-pull Series A — government anchor de-risks technology, private capital underwrites scale. Solar-thermal propulsion is the differentiator; closest comps are Impulse Space and Atomos on OTV, Phase Four on small-sat propulsion. Booz Allen Ventures + ARK + Geodesic is an unusually loaded syndicate for a $50M round, reading as Golden Dome-adjacent positioning. Starburst-1 flight execution in late 2026 is the binary milestone.",https://spacenews.com/portal-space-systems-raises-50-million-to-accelerate-spacecraft-development/
york-space-systems-all-space,York Space Systems / ALL.SPACE,ALL.SPACE: UK manufacturer of multi-orbit phased-array antenna terminals (the Smart Terminal) for satellite communications. Acquired by York Space Systems for $355M to consolidate vertically integrated smallsat plus terminal offerings.,Space,Ground Systems & Antennas,Components & Subsystems,Medium,UK_NSI_Act,M&A,venture,355.0,355.0,2026-04-29,29-Apr-26,Apr-26,2Q26,2026,United Kingdom (Reading),York Space Systems,,,"Smallsat M&A consolidation moving into terminals — York vertically integrating bus + payload + ground terminal is the response to Pentagon's preference for single-vendor stack delivery. Comp framing: Iridium (IRDM), Globalstar (now Amazon) on terminals; Planet (PL), Maxar private on satellites. Structure (155M cash + 5.9M YSS shares) implies meaningful stock-based earnout — both sides betting on York's listing path. Less interesting as a standalone deal, more as evidence of accelerating smallsat consolidation.",https://spacenews.com/york-space-to-buy-satcom-terminal-manufacturer-all-space/
phantom-space-thermal-management-technologies,Phantom Space / Thermal Management Technologies,Thermal Management Technologies: builds thermal control components for spacecraft. Acquired by Phantom Space to support the Phantom Cloud orbital data center constellation thermal needs.,Space,Space Components,Components & Subsystems,Medium,US_DPA_Title_III,M&A,venture,,,2026-04-02,2-Apr-26,Apr-26,2Q26,2026,"USA (Logan, UT)",Phantom Space,,,"Phantom buying TMT for thermal-control IP is the vertical-integration tell for orbital data centers — Phantom Cloud's Block I spacecraft thermal budget is the binary engineering constraint, and owning the radiator stack derisks supply schedule. Comp set: Sophia Space and Lonestar on orbital DC peers, Lumen Orbit on US scale-up, Starcloud on Starship-deployed, Axiom on station-attached compute; Equinix (EQIX) and Iron Mountain (IRM) as terrestrial counters. Terms undisclosed; strategic tuck-in for the constellation roadmap.",https://spacenews.com/phantom-space-buys-thermal-specialist-to-support-orbital-data-center-push/
spacex,SpaceX,"Manufactures and operates orbital launch vehicles (Falcon 9, Falcon Heavy, Starship) and the Starlink low-earth-orbit broadband satellite constellation. Provides launch services to commercial, government, and NASA customers and direct-to-consumer satellite internet.",Space,Launch,Deployment & Operation,Critical,US_DPA_Title_III,IPO (filed),venture,75000.0,1750000.0,2026-04-01,1-Apr-26,Apr-26,2Q26,2026,"USA (Hawthorne, CA)",,21 banks under 'Project Apex',,"Largest IPO filing in history; repricing the entire space stack from launch incumbents (RKLB, ASTS, IRDM) downward. Confidential S-1 with a June 2026 listing target signals SpaceX is reading current public-market multiples favorably ahead of an expected Starlink spin-off. Single largest signal in the 1Q26 dataset.",https://www.cnbc.com/2026/04/01/spacex-confidentially-files-for-ipo-setting-stage-for-record-offering.html
orbital-chenguang-beijing-orbital-twilight,Orbital Chenguang (Beijing Orbital Twilight),Chinese orbital data center startup backed by Beijing municipal sci-tech commission. Supported by $8.4B (57.7B yuan) in strategic credit lines from 12 Chinese banks; targets space-based AI compute infrastructure.,Space,Satellite Communications,Deployment & Operation,Pre-commercial,China_Made_In_China_2025;US_Export_Controls_China,Pre-Series A,venture,,,2026-04-20,20-Apr-26,Apr-26,2Q26,2026,China (Beijing),"Haisong Capital, CITIC Construction Investment Capital","Cathay Capital, InnoAngel Fund, Anhui Xinhua Group, Zhike Industrial Investment, Kunlun Capital, Lizhe Fund",,"$8.4B in strategic credit from 12 Chinese state banks alongside an undisclosed equity round is sovereign-scale industrial policy — Beijing is funding orbital data centers as the AI-compute counter to Starlink and US space-AI, with bank credit doing the heavy lifting that VC cannot at this magnitude. Comp set: Sophia Space and Lonestar on US/Japan orbital DC peers, Lumen Orbit on US scale, Starcloud on Starship-deployed; Equinix (EQIX) as terrestrial counter. Export controls are the binary geopolitical risk.",https://spacenews.com/china-backs-orbital-data-center-startup-with-8-4-billion-in-credit-lines/
atmos-space-cargo,ATMOS Space Cargo,German earth-to-space-to-earth orbital reentry company building the PHOENIX series of reentry vehicles for cargo return from orbit. Operating recovery missions near the Azores under a Portuguese ANACOM license; targets the European sovereign return-from-orbit market.,Space,In-Orbit Services,Deployment & Operation,Pre-commercial,EU_NZIA,Series A,venture,30.5,,2026-04-22,22-Apr-26,Apr-26,2Q26,2026,Germany (Lichtenau),"Balnord, Expansion Ventures","Keen Defence and Security, EIC Accelerator, OTB Ventures, HTGF, APEX Ventures, Seraphim, Faber, E2MC, Kirch Ventures, Lennertz & Co., Mätch VC, MBG Baden-Württemberg, Tech Horizons",,"PHOENIX 2 fleet operating under Portugal's ANACOM license is the regulatory moat — being the only European operator with sovereign reentry approval creates structural advantage as EU return-from-orbit demand materializes. Comp set: Varda Space on US pharmaceuticals-return, Inversion Space on US reentry capsules, Outpost Space on cargo return; no European listed peer. Booz Allen-adjacent Keen Defence on the cap table tags this for dual-use orbital-logistics positioning, which is where margins materialize.",https://spacenews.com/atmos-space-cargo-raises-30-million-for-reentry-missions/
pld-space,PLD Space,"Spanish launch vehicle company developing MIURA 5, a small reusable launcher for European commercial and government missions. Mitsubishi Electric is a strategic investor anchoring Asian customer access.",Space,Launch,Deployment & Operation,Medium,None,Debt Financing,debt,35.0,,2026-04-07,7-Apr-26,Apr-26,2Q26,2026,Spain (Elche),European Investment Bank,InvestEU guarantee,,"EIB's first-ever direct investment in small launchers is the policy-precedent signal — European institutional capital is finally underwriting sovereign-launch capacity at the venture-debt layer, not just equity. Brings 2026 cumulative raise to E210M, the largest year for a European small-launcher. Comp set: Rocket Lab (RKLB) on small-lift cadence, Isar Aerospace and Latitude as European peers, ArianeGroup and Avio (AVIO IM) on state-aligned heavy-lift. MIURA 5 maiden flight execution remains the binary milestone.",https://spacenews.com/pld-space-secures-35-million-european-investment-bank-loan-for-miura-5-launcher/
rocket-lab-mynaric,Rocket Lab / Mynaric,Mynaric: German manufacturer of laser optical communication terminals for satellite-to-satellite and ground-to-satellite data links. Acquired by Rocket Lab for $155.3M; the CONDOR Mk3 terminal is integrated into Rocket Lab's SDA Tranche 3 contracts.,Space,Space Components,Components & Subsystems,Medium,None,M&A,venture,155.3,155.3,2026-04-14,14-Apr-26,Apr-26,2Q26,2026,Germany (Munich),Rocket Lab,,,"Rocket Lab (RKLB) completing the Mynaric acquisition at a higher price than originally agreed signals the SDA Tranche 3 contract is the load-bearing economic justification — RKLB cannot win $1.3B in CONDOR Mk3 commitments without owning the laser terminal vendor. Strategic frame is end-to-end vertical integration: RKLB now controls launch, bus, components, and optical comms, mirroring Maxar's pre-acquisition stack. Bullish for RKLB prime positioning, bearish for competing terminal vendors (CACI, BridgeComm, Mbryonics).",https://www.satellitetoday.com/technology/2026/04/14/rocket-lab-closes-mynaric-acquisition-at-higher-price-than-originally-agreed/
amazon-globalstar,Amazon / Globalstar,Globalstar: operates a satellite communications network with MSS spectrum used by Apple for iPhone and Apple Watch emergency satellite connectivity. Acquired by Amazon for $11.57B in cash to bolster Amazon's Project Kuiper LEO ambitions against Starlink and AST SpaceMobile.,Space,Satellite Communications,Deployment & Operation,Medium,US_DPA_Title_III,M&A,venture,11570.0,11570.0,2026-04-14,14-Apr-26,Apr-26,2Q26,2026,"USA (Covington, LA)",Amazon,,,"Amazon's first real offensive move in direct-to-cell, paying 90/share cash for the Apple-anchored MSS spectrum and infrastructure. Bearish read-through for AST SpaceMobile (ASTS): Project Kuiper now has the spectrum, the Apple commercial relationship, and the capital base to fight Starlink in D2C, leaving ASTS as the third option in a market that may only fit two. Iridium (IRDM) and Globalstar's pre-deal multiples were the public-market anchors here, both now repriced.",https://www.cnbc.com/2026/04/14/amazon-globalstar-satellite-leo-internet.html
citra-space,Citra Space,"Provides space domain awareness through orbital object identification ('fingerprinting') of the roughly 35,000 objects in orbit. Founded by former US Space Force and Air Force officers; targets defense and Golden Dome adjacent customers.",Space,Earth Observation,Deployment & Operation,Pre-commercial,US_DPA_Title_III,Series A,venture,15.0,,2026-04-13,13-Apr-26,Apr-26,2Q26,2026,"USA (Colorado Springs, CO)",Washington Harbour Partners,"Industrious Ventures, Reliable Properties, Scout VC, Squadra Ventures, Alumni Ventures, Flex Capital",,"Washington Harbour Partners leading is the second SDA-infrastructure round from WHP in April after Turion — signals a clear thesis on space domain awareness as Golden Dome procurement scales. Comp set: LeoLabs on radar-based SDA, ExoAnalytic Solutions on optical SDA, Slingshot Aerospace on listed-adjacent peer, NorthStar Earth & Space on Canadian SDA peer. 10,000 unidentified objects out of 35,000 in orbit is the TAM-defining metric; ex-Space Force founder team gives the DoD-channel underwrite. Reads as cleanest pure-play on US SDA buildout.",https://spacenews.com/citra-space-raises-15-million-series-a-to-expand-platform-for-identifying-objects-in-orbit/
spacety,Spacety,"Chinese commercial satellite manufacturer specializing in synthetic aperture radar (SAR) spacecraft. 38 satellites launched across 21 missions; sanctioned by US Treasury in 2023 for alleged SAR imagery provided to the Wagner Group, and now state-linked.",Space,Earth Observation,Deployment & Operation,Medium,China_Made_In_China_2025;US_Export_Controls_China,Strategic,strategic_corporate,190.0,,2026-04-09,9-Apr-26,Apr-26,2Q26,2026,China (Changsha),Liangxi Sci-Tech Innovation Phase II Fund (Bohua Capital),"Turing Capital, Puhua Capital, Guoxin Guozheng, Xiangjiang State Investment",,"$190M from Chinese state-linked LPs immediately ahead of an A-share IPO is the cleanest case study in how OFAC-designated companies recapitalize inside the Chinese state-financial system. The 2023 Treasury sanctions over alleged Wagner SAR imagery closed Western capital channels; this round shows the Beijing alternative is fully operational. Comp set: Capella Space, ICEYE, Synspective on Western SAR; HEAD Aerospace and MinoSpace as domestic Chinese peers. Bearish read-through for US export-control durability.",https://spacenews.com/spacety-raises-190-million-to-scale-satellite-manufacturing-plans-ipo/
renewable-metals,Renewable Metals,"Australian lithium-ion battery recycler using an alkali-based hydrometallurgical process. Recovers lithium, cobalt, nickel, copper, and manganese at over 95% efficiency, with up to 30% more lithium capture than acid-based methods. Plant ramping from 960 to 2,000 tpa.",Materials,Battery Materials,Upstream Materials,Pre-commercial,US_Critical_Minerals_List,Series A,venture,12.0,,2026-04-27,27-Apr-26,Apr-26,2Q26,2026,"Australia (Perth, WA)",Clean Energy Finance Corporation (via Virescent Ventures),"Neglected Climate Opportunities, European Metal Recycling (EMR), Investible, Climate Tech Partners",,"Round upsized from $8M target days after Ascend Elements bankruptcy on April 9 — the distressed-comp signal is the load-bearing piece, with capital rotating from centralized Redwood/Ascend toward smaller distributed alkali-based hydrometallurgical plants. Comp set: Redwood Materials on US centralized recycling, Li-Cycle (post-restructuring) on listed-precedent peer, Cirba Solutions on US private. Alkali process captures 30% more lithium vs acid-based — economics edge that distributed model needs to clear scale-economics gap.",https://www.cefc.com.au/media/media-release/renewable-metals-raises-12-million-series-a-to-scale-next-generation-lithium-ion-battery-recycling-technology/
carbon-upcycling-technologies,Carbon Upcycling Technologies,"Canadian company sequestering CO2 from cement kilns to produce low-carbon supplementary cementitious materials. Operates at the Ash Grove Mississauga cement plant with up to 30,000 tpa capacity; strategic backers include CRH, Cemex, and TITAN.",Materials,Structural Materials,Upstream Materials,Medium,None,Debt Financing,debt,10.0,,2026-04-02,2-Apr-26,Apr-26,2Q26,2026,"Canada (Calgary, AB)",ATEL Ventures,,,"Asset-secured debt financing with future equity option is the canonical project-finance hybrid emerging for cement decarb post-DOE OCED grant cancellations — capital is rotating from federal-grant dependence to asset-collateralized debt at the plant level. Comp set: Sublime Systems and Brimstone on US cement-decarb peers, Heirloom on CO2-mineralization, Holcim (HOLN SW) and CRH (CRH) as listed cement-counters. CRH Ventures, Cemex, and TITAN strategic participation locks in offtake — debt-plus-strategic structure is the survivable model for cement decarb in 2026.",https://www.prnewswire.com/news-releases/carbon-upcycling-secures-10m-in-financing-from-atel-ventures-to-support-clean-cement-manufacturing-302732403.html
cluster-protocol,Cluster Protocol,Decentralized GPU compute infrastructure platform with verifiable AI execution and modular orchestration. Operates the CodeXero browser-native AI IDE for EVM smart contract deployment.,Token,Decentralized AI / DePIN,Software & Services,Medium,None,Strategic,token,5.0,,2026-04-24,24-Apr-26,Apr-26,2Q26,2026,Undisclosed (HQ unspecified; Web3-native),DAO5,"Paper Ventures, JPEG Trading, Mapleblock Capital",,"Decentralized GPU compute with an EVM-IDE application layer is a borderline DePIN-AI fit — true infrastructure thesis is the verifiable-inference stack, not CodeXero. Comp set: io.net and Render on GPU DePIN, Gensyn on verifiable AI training, Akash on decentralized compute, Bittensor on subnet-based AI markets. $5M strategic round is dev-tooling capital, not protocol-scale. Application-layer dependency on EVM dApp deployment volume is the binary risk if AI-IDE adoption stalls.",https://www.theblock.co/post/398581/cluster-protocol-raises-5-million-to-accelerate-codexero-a-browser-native-vibe-coding-ai-ide-for-evm-bringing-total-funding-to-7-75-million
zipline,Zipline,"Operates an autonomous drone delivery network for medical supplies, retail goods, and food. Started with blood and vaccine delivery in Rwanda and Ghana; now expanding US operations to Houston, Phoenix, and Seattle. Builds both the fixed-wing delivery drones and the operating software stack.",Robotics,Autonomous Systems & Drones,System Integration,Medium,None,Series H (extension),venture,200.0,,2026-03-23,23-Mar-26,Mar-26,1Q26,2026,"USA (San Francisco, CA)",Paradigm,"Fidelity Management & Research, Baillie Gifford, Valor Equity Partners, Tiger Global Management",,"Series H extension brings total H round to $800M and tags Paradigm onto a crossover-heavy IPO-prep syndicate (Fidelity, Baillie Gifford, Tiger, Valor). Crypto-fund participation in autonomous logistics is the tell — Paradigm crossing into physical AI signals private market is treating Zipline as a near-term liquidity event. Comp framing remains thin: no public pure-play, Wing (under GOOGL) and Matternet as private peers a tier below. Houston/Phoenix/Seattle expansion is the test of US suburban economics.",https://techcrunch.com/2026/03/23/zipline-snaps-up-another-200m-to-fuel-its-drone-delivery-expansion/
saeki,SAEKI,"SAEKI develops autonomous microfactories that combine large-format 3D printing with robotic CNC machining and inspection in a single closed-loop workflow. The Swiss company targets aerospace, automotive, and construction customers needing large precision components in days rather than weeks.",Robotics,Industrial Robots,Fabrication & Manufacturing,Pre-commercial,None,Seed,venture,6.7,,2025-02-05,5-Feb-25,Feb-25,1Q25,2025,"Zurich, Switzerland",Lightbird,"Founderful, 2100VC, Danobat",,"$6.7M seed for an ETH-Zurich spinout running a hybrid 3D-print-plus-CNC robotic cell at industrial scale. Comp set is thin pre-commercial — closest listed analog is Markforged/3D Systems (DDD) on large-format additive plus Hexagon (HXGBY) on inline metrology, but neither integrates the full robotic loop SAEKI is building. Lightbird leading signals deep-tech capital is betting on closed-loop microfactories rather than mega-fabs. Catalyst is the first paying aerospace tier-one order proving multi-material throughput at production rates.",https://www.globenewswire.com/news-release/2025/02/05/3021227/0/en/Manufacture-the-impossible-SAEKI-raises-6-7M-to-transform-large-scale-manufacturing.html
dyna-robotics,Dyna Robotics,"Dyna Robotics builds low-cost stationary robotic arms paired with a robotics foundation model called DYNA-1 for repetitive tasks such as food prep, folding, and packaging. The Redwood City team comes out of the Caper AI exit to Instacart.",Robotics,Industrial Robots,,Pre-commercial,None,Seed,venture,23.5,,2025-03-25,25-Mar-25,Mar-25,1Q25,2025,"Redwood City, USA","CRV, First Round Capital",,,"$23.5M seed at the high end of the bracket — CRV and First Round co-leading a Caper-AI-exit team building task-sequenced robotic arms plus a foundation model. Closest listed comps are limited: Symbotic (SYM) on warehouse automation and ABB (ABBNY) on industrial arms, neither building task-conditioned VLA models. The thesis is whether per-task fine-tuning on $5K-class arms beats general-purpose humanoid platforms on near-term ROI. Six months later the round was followed by a $120M Series A with NVIDIA Amazon Samsung — pricing the seed in retrospect at venture conviction levels.",https://www.prnewswire.com/news-releases/dyna-robotics-raises-23-5-million-to-commercialize-embodied-ai-with-low-cost-robots-302410263.html
rerun,Rerun,"Rerun builds open-source visualization tooling plus a commercial database for multimodal robot, drone, and autonomous-vehicle data — video streams, 3D scenes, and time-varying tensors. The Stockholm-based team is making physical-AI data infrastructure a horizontal category.",Robotics,Software & Simulation,,Pre-commercial,None,Seed,venture,17.0,,2025-03-20,20-Mar-25,Mar-25,1Q25,2025,"Stockholm, Sweden",Point Nine,"Sunflower Capital, Costanoa Ventures, Seedcamp",,"$17M seed for the de-facto open-source visualization layer for physical AI — adopted inside Meta Google Hugging Face Unitree workflows. No clean listed comp; closest adjacency is Datadog (DDOG) on observability and Confluent (CFLT) on streaming data, but Rerun is purpose-built for multimodal sensor streams. Point Nine leading signals the data-infrastructure layer is being repriced as a robotics primitive, not a SaaS niche. Catalyst is whether the commercial DB monetizes the existing open-source distribution into seven-figure ARR.",https://techcrunch.com/2025/03/20/reruns-open-source-ai-platform-for-robots-drones-and-cars-revs-up-with-17m-seed/
ihub-robotics,iHub Robotics,"iHub Robotics builds semi-humanoid service robots for hospitality, healthcare, transportation, and customer-service deployments. Its Tara Gen-1 robot ships into UAE and Saudi Arabia, and the company is the first Indian member of NVIDIA's Humanoid Robotics Program.",Robotics,Humanoid & Service Robots,,Pre-commercial,None,Pre-Seed,venture,0.52,,2025-03-19,19-Mar-25,Mar-25,1Q25,2025,"Kerala, India",Undisclosed,,,"Sub-$1M pre-seed flagged because iHub is the first Indian humanoid maker accepted into NVIDIA's program and is already shipping the Tara Gen-1 into Gulf hospitality contracts. Comp set is thin — listed analogs are Pudu Robotics (private) on hospitality service bots and Bear Robotics on F&B; neither has Indian manufacturing scale. Plan to build ""India's largest humanoid robotics facility"" is binary — either Kerala ramp delivers volume or the round was prematurely flagged.",https://www.business-standard.com/content/press-releases-ani/ihub-robotics-raises-rs-4-3-crore-pre-seed-funding-from-us-based-investors-125032000786_1.html
scout-ai,Scout AI,Scout AI builds unmanned ground and aerial vehicles plus a vision-language-action foundation model called Fury for defense applications. The California team operates prototypes in the Santa Cruz Mountains and holds a multi-contract DoD backlog.,Robotics,Autonomous Systems & Drones,,Pre-commercial,Export controls; Defense procurement,Seed,venture,15.0,,2025-04-16,16-Apr-25,Apr-25,2Q25,2025,"Sunnyvale, USA","Align Ventures, Booz Allen Ventures","Draper Associates, Decisive Point Ventures, Perot Jain, Sigmas Group, Evolution VC, BVVC, Habitat Partners, Piedmont Capital Investments, FJ Labs, Revelry Venture Partners, Monte Carlo Capital, Expansion VC, Gaingels",,"$15M seed with Booz Allen's venture arm co-leading — the integrator stamp matters for DoD pipeline. Comp set is the listed defense autonomy basket — Kratos (KTOS), AeroVironment (AVAV), Palantir (PLTR) on the software side — though Scout is earlier on the curve. The thesis is whether a VLA-trained robotics foundation model layered onto small ground/air vehicles converts a contract backlog into a defense-prime platform. Series A came one year later at $100M, validating the seed thesis but pricing the late-2025 entrants out of the cheap window.",https://www.washingtontechnology.com/companies/2025/04/scout-ai-emerges-stealth-15m-seed-capital/404610/
rlwrld,RLWRLD,"RLWRLD builds a robotics foundation model that combines large language models with traditional robotics software, trained directly inside operating manufacturing and logistics facilities. The Korean team targets industrial-scale precision and reasoning tasks rather than humanoid form factor.",Robotics,Software & Simulation,,Pre-commercial,None,Seed,venture,14.8,,2025-04-14,14-Apr-25,Apr-25,2Q25,2025,"Seoul, South Korea",Hashed,"Mirae Asset Venture Investment, Global Brain",,"$14.8M seed — large by Korean robotics standards — for a foundation-model team paired with corporate strategics CJ Logistics LG SK Hyosung. Comp set: Physical Intelligence and Skild on the foundation-model side, Naver (NAVER.KS) on Korean robotics integration. Hashed leading rather than a traditional VC signals crossover capital flowing into physical AI from crypto-native funds. The follow-on $26M Seed 2 in February 2026 priced the conviction higher — combined $41M of seed capital before a labeled Series A is unusual and worth tracking.",https://techcrunch.com/2025/04/14/rlwrld-raises-14-4m-to-build-foundation-model-for-robotics/
fawn-friends,Fawn Friends,"Fawn Friends builds AI-powered social robots designed for adolescents to develop emotional intelligence, regulation, and relationship skills through AI-driven conversations. The San Francisco company partners with child development experts on conversation design.",Robotics,Humanoid & Service Robots,,Pre-commercial,None,Pre-Seed,venture,2.6,,2025-04-18,18-Apr-25,Apr-25,2Q25,2025,"San Francisco, USA",Maple VC,"SNR, Louis Kearns, Joon Sung Park",,"Pre-seed in a sub-segment with almost no clean comps — social companion robots for teens. Listed analogs are weak; Embodied Inc. (private, now dormant) is the cautionary tale, while Hasbro (HAS) and Mattel (MAT) hover near the consumer end. The thesis turns on whether an AI-conversational social robot can find paid distribution before Embodied-style burn forces a shutdown. Sub-$5M raise is appropriate for the pre-commercial stage — the founder team is the asset here, not pricing.",https://www.roboticstomorrow.com/news/2025/06/04/fawn-friends-social-robotics-startup-secures-26-million-in-seed-funding-/24876/
sunrise-robotics,Sunrise Robotics,"Sunrise Robotics builds modular two-armed industrial robots paired with AI models trained in simulation that deploy onto a production line in under 10 weeks versus a typical eight-month integration cycle. The Ljubljana team has LOIs with around 10 customers in supercar, high-performance battery, and consumer electronics manufacturing.",Robotics,Industrial Robots,System Integration,Pre-commercial,None,Seed,venture,8.5,,2025-06-13,13-Jun-25,Jun-25,2Q25,2025,"Ljubljana, Slovenia",Plural,"Tapestry, Seedcamp, Tiny.vc, Prototype Capital",,"$8.5M seed with Plural leading — the European hard-tech founder fund increasingly active in robotics. Comp set: ABB (ABBNY) Fanuc (FANUY) and Yaskawa (YASKY) on traditional industrial arms, plus Sereact and Theker on the AI-arm retrofit side. The thesis is whether simulation-first deployment compresses the eight-month integration cycle hard enough to win against the listed primes on per-cell economics. Slovenia base plus customer pull in EU supercar segment is the asymmetric exposure — not yet visible to US capital.",https://fortune.com/2025/06/13/sunrise-robotics-seed-funding-8-5-million-plural-industrial-robots/
theker-robotics,Theker Robotics,Theker Robotics turns standard industrial robots into adaptive AI-driven machines using a deep-learning vision-control stack delivered as Robot-as-a-Service. The Barcelona team is already deployed inside Inditex factory operations and counts the retailer as both customer and investor.,Robotics,Industrial Robots,System Integration,Pre-commercial,None,Seed,venture,21.0,,2025-07-16,16-Jul-25,Jul-25,3Q25,2025,"Barcelona, Spain",Kibo Ventures,"Kfund, JME Ventures, Itnig, Mission VC, s16vc, Mundi Ventures",,"$21M — Spain's largest seed round ever — for a Barcelona team retrofitting installed industrial arms with adaptive AI. Comp set: Sereact (Series B at $110M) on warehouse adaptive picking, Theker on RaaS-style retrofit. Inditex as both anchor customer and strategic investor is the asymmetric edge; the holding's textile-logistics complex needs flexible automation that the listed prime offerings can't deliver economically. Risk is whether RaaS economics work outside the Inditex flywheel at this seed valuation.",https://theaiinsider.tech/2025/07/16/theker-robotics-raises-21-million-in-seed-round/
tric-robotics,TRIC Robotics,"TRIC Robotics deploys autonomous tractor-sized robots called Luna that use UV-C light and vacuum to treat strawberry fields for fungal disease and pests without chemical pesticides. The San Luis Obispo team operates a Robotics-as-a-Service fleet at night, targeting 40-50 units in California strawberry farms.",Robotics,Autonomous Systems & Drones,Deployment & Operation,Pre-commercial,None,Seed,venture,5.5,,2025-07-23,23-Jul-25,Jul-25,3Q25,2025,"San Luis Obispo, USA",Version One Ventures,"Garage Capital, Todd and Rahul Capital, Lucas Venture Group",,"$5.5M seed for night-shift UV-C ag robots running RaaS in California strawberry country. Comp set: Carbon Robotics (private, Series D weed control) and listed John Deere (DE) on the autonomous-tractor end; the closest pure-play pricing comp is Bear Flag Robotics pre-acquisition. Thesis is whether UV-C cuts chemical-pesticide spend hard enough to drive 100-acre per-deployment economics, and whether the strawberry-specific edge generalizes to other high-value row crops.",https://techcrunch.com/2025/07/23/how-tric-robotics-is-reducing-pesticide-use-on-strawberries-using-uv-light/
alloy-robotics,Alloy,"Alloy is a robotics-data platform that lets teams organize, search, and analyze multimodal robot data using natural language, claiming up to 90% reduction in data-processing time. Early Australian customers include Hullbot, Breaker, and Greenroom Robotics.",Robotics,Software & Simulation,,Pre-commercial,None,Pre-Seed,venture,4.5,,2025-09-24,24-Sep-25,Sep-25,3Q25,2025,"Sydney, Australia",Blackbird,"Airtree, Xtal, Skip Capital",,$4.5M pre-seed flagged as one of Australia's largest pre-seed rounds. Direct comp is Rerun ($17M seed for Stockholm-based physical-AI data infra) plus US adjacent player Neuracore. Blackbird leading rather than a US generalist fund signals the data-layer thesis is now defended regionally. Angel roster includes operators from Tesla Waymo Carbon Robotics — strong signal on the founder. Thesis is whether the natural-language query surface on robot data is durable as foundation-model providers extend into the data tooling layer.,https://retailtechinnovationhub.com/home/2025/9/24/robotics-and-data-startup-alloy-nabs-45-million-pre-seed-funding-round-fronted-by-blackbird
airbound,Airbound,"Airbound builds ultra-light blended-wing-body delivery drones that launch vertically tail-sitter-style and fly horizontally. The Bengaluru team, led by 20-year-old founder Naman Pushp, targets one-cent unit-economics on parcel delivery via aerodynamic efficiency.",Robotics,Autonomous Systems & Drones,,Pre-commercial,None,Seed,venture,8.65,,2025-10-14,14-Oct-25,Oct-25,4Q25,2025,"Bengaluru, India",Lachy Groom,"Humba Ventures, Lightspeed Venture Partners",,"$8.65M seed at very-young-founder pricing — Lachy Groom (Physical Intelligence co-founder) anchoring with Lightspeed plus angels from Tesla SpaceX Anduril. Comp set on delivery drones: Zipline (private, late-stage), Wing (Alphabet subsidiary), Matternet (private). Airbound's claim is structural: blended-wing-body efficiency drives a one-cent target that Zipline's fixed-wing platform can't reach. Indian first market plus medical-delivery pilot is the wedge. Risk is regulatory and operational, not technical — drone delivery scale is bottlenecked on airspace approvals not aerodynamics.",https://techcrunch.com/2025/10/14/indias-airbound-led-by-20-year-old-bags-8-65m-to-work-toward-one-cent-drone-deliveries-at-scale/
roboparty,RoboParty,"RoboParty is a Shanghai-based startup building a fully open-source bipedal humanoid robot called ROBOTO ORIGIN, with hardware designs, low-level control code, and Sim2Real solutions all publicly available. Founded by 21-year-old Huang Yi.",Robotics,Humanoid & Service Robots,,Pre-commercial,Export controls; China-origin,Seed,venture,10.0,,2025-11-15,15-Nov-25,Nov-25,4Q25,2025,"Shanghai, China","Matrix Partners China, Xiaomi Strategic Investment","L2F Light Source Entrepreneurs Fund, Galbot",,"$10M seed — the largest seed in China's open-source humanoid sector. Matrix Partners China plus Xiaomi Strategic Investment co-leading signals corporate consumer-electronics capital is treating open-source humanoid as a developer-distribution play, not a product-revenue play. Comp set: Unitree (private, more mature closed-source) on bipedal hardware, plus US analogs like K-Scale Labs (open hardware seed). Thesis is whether open-source distribution converts to enterprise integration revenue.",https://humanoidroboticstechnology.com/industry-news/roboparty-launches-origin-a-full-stack-open-source-bipedal-humanoid-robot/
sensetics,Sensetics,"Sensetics develops a touch-sensing platform combining Touch Signature programmable fabrics with AI-powered tactile capture and replay tools. The Princeton team is targeting robotic arms, surgical tools, wearables, and VR/AR touch controllers.",Robotics,Machine Vision & Sensors,Components & Subsystems,Pre-commercial,None,Pre-Seed,venture,1.75,,2025-11-13,13-Nov-25,Nov-25,4Q25,2025,"Princeton, USA","MetaVC Partners, Fitz Gate Ventures","Blue Sky Capital, AIC Ventures",,"Sub-$2M pre-seed for a UC Berkeley/Virginia Tech tactile-sensing spinout. Comp set is genuinely thin — listed analogs are stretched: TE Connectivity (TEL) on industrial sensors, plus private players SynTouch (acquired by Tekscan) and Contactile (Australia) on robotic tactile fingertips. The Sensetics edge is the recording-and-replay framing rather than pure sensing — turning touch into a transmissible medium. Thesis turns on whether surgical-robot and humanoid-hand OEMs adopt a third-party tactile stack at scale.",https://www.prnewswire.com/news-releases/sensetics-raises-1-75m-to-take-touch-sensing-and-haptics-into-the-digital-age-302614844.html
buildroid-ai,Buildroid AI,"Buildroid AI develops simulation-first construction robotics, integrating specialized and general-purpose robots into contractor workflows starting with block-laying robots using BIM-to-BUILD simulation. The US team is targeting UAE construction with deployments planned for Q2 2026.",Robotics,Industrial Robots,,Pre-commercial,None,Pre-Seed,venture,2.0,,2025-11-24,24-Nov-25,Nov-25,4Q25,2025,USA / UAE deployment,Tim Draper,,,"$2M pre-seed flagged because of Tim Draper anchoring solo — typical Draper signal for early hardware bets. Comp set in construction robotics: All3 (already in dataset, $25M seed for legged construction platform), Sitegeist (€4M pre-seed concrete renovation), plus listed Caterpillar (CAT) Komatsu (KMTUY) on equipment automation. UAE-first commercial wedge is unusual and defendable given Gulf labor economics. Risk is the simulation-to-physical gap at masonry tolerances — block-laying isn't trivial.",https://www.wamda.com/2025/11/buildroid-emerges-stealth-2-million-pre-seed-investment
neuracore,Neuracore,Neuracore is a London-based cloud-native robot-learning platform that lets robotics teams move from data collection to deployed ML models in days rather than months. Founded by Stephen James of Imperial College London; deployed across 50+ commercial and academic robotics organizations.,Robotics,Software & Simulation,,Pre-commercial,None,Pre-Seed,venture,3.0,,2025-11-27,27-Nov-25,Nov-25,4Q25,2025,"London, UK",Earlybird Venture Capital,"firstminute capital, Heracles Capital, Clem Delangue",,"$3M pre-seed in the same data-infrastructure category as Rerun ($17M) and Alloy ($4.5M) — three teams attacking the same pain point from different angles. Neuracore's edge is the academic distribution plus the Clem Delangue check, which echoes Hugging Face's open-source-to-enterprise playbook. Listed adjacencies are stretched: Datadog (DDOG) on observability, Snowflake (SNOW) on platform monetization of data. Thesis turns on whether being the standard learning stack inside universities converts to commercial pull as those PhDs ship into industry.",https://techfundingnews.com/neuracore-3m-preseed-robotics-infrastructure/
antioch,Antioch,"Antioch is a robotics simulation infrastructure platform that lets teams build, test, and deploy autonomous systems entirely in software, creating thousands of digital twins in parallel and integrating with CI/CD workflows. Co-founded by Stanford graduates with ex-Tesla, DeepMind, and Meta Reality Labs backgrounds.",Robotics,Software & Simulation,,Pre-commercial,None,Pre-Seed,venture,4.24,,2025-12-08,8-Dec-25,Dec-25,4Q25,2025,"New York, USA",A*,"Abstract Ventures, MaC Venture Capital, Box Group, Icehouse Ventures",,"$4.24M pre-seed for a Tesla-Autopilot-and-DeepMind-pedigree team building parallel simulation infrastructure. Comp set: Nvidia (NVDA) Isaac Sim on the proprietary side, plus private players Foretellix and Applied Intuition on the AV simulation pricing curve. Antioch's pitch is generalizing the Tesla/Waymo internal simulation stack to every robotics team as a third-party. Four months later the seed priced at $60M post — pricing the pre-seed conviction at meaningful gains while keeping the company in the seed-tier still.",https://www.therobotreport.com/antioch-raises-pre-seed-funding-accelerate-ai-robotics-testing/
scrubmarine,ScrubMarine,ScrubMarine is a UK maritime robotics startup developing an autonomous system for cleaning and inspecting ship hulls. Founded by 21-year-old engineer Rohith Devanathan and targets the shipping industry's hull-fouling fuel-efficiency problem.,Robotics,Autonomous Systems & Drones,,Pre-commercial,None,Pre-Seed,venture,1.0,,2025-12-23,23-Dec-25,Dec-25,4Q25,2025,United Kingdom,PXN Ventures,,,"Pre-seed at the threshold — flagged because hull-fouling drives an estimated 9% of shipping fuel waste, a clearly bounded TAM in a regulated sector. Comp set: Greensea IQ (private) and Notilo Plus (acquired) on subsea inspection robots, plus listed shipping adjacencies Maersk (AMKBY) on operator demand and PSI Software on fleet optimization. Solo founder plus solo lead is high beta — execution risk is the binding constraint, not technology or market pull.",https://www.uktechnews.info/2025/12/23/scrubmarine-secures-740k-pre-seed-investment-led-by-pxn-ventures/
allonic,Allonic,"Allonic develops an automated 3D tissue braiding manufacturing process that weaves robotic bodies in a continuous process rather than assembling hundreds of precision parts. The Budapest team is targeting manipulators, hands, and grippers, with arms and full-body systems as later expansion.",Robotics,Motion Control & Actuators,Components & Subsystems,Pre-commercial,None,Pre-Seed,venture,7.2,,2026-02-10,10-Feb-26,Feb-26,1Q26,2026,"Budapest, Hungary",Visionaries Club,"Day One Capital, Prototype Capital, SDAC Ventures, TinyVC, RoboStrategy",,"$7.2M — Hungary's largest pre-seed ever — for a robotics manufacturing-process play rather than a robot OEM. Comp set is thin: closest listed adjacency is Harmonic Drive (private) on actuator manufacturing, plus private peer Wandelbots on robot-component flexibility. The angel roster from OpenAI Hugging Face ETH Zurich Northwestern is the strongest signal in this batch — implies the technical thesis cleared deep AI/robotics scrutiny. Thesis is whether the manufacturing-process IP is licensable or whether they go full robot-platform vertical.",https://sifted.eu/articles/openai-hugging-face-hungary-biggest-ever-pre-seed
octobotics,Octobotics,Octobotics builds AI-enabled non-destructive testing inspection robots designed for harsh industrial environments. The Indian team targets industrial asset inspection and rail automation.,Robotics,Machine Vision & Sensors,,Pre-commercial,None,Seed,venture,1.1,,2026-02-07,7-Feb-26,Feb-26,1Q26,2026,India,Navam Capital,BYT Capital,,"$1.1M seed — at the lower threshold, flagged for sector category. Comp set: Gecko Robotics (private, unicorn-status on industrial inspection) and ABB (ABBNY) plus listed AOI player Cognex (CGNX) on machine vision. India inspection-robotics density is rising — both Octobotics and Armatrix raising within weeks of each other in February signals a regional cluster forming. Risk is execution at scale in nuclear/oil-and-gas industrial customer cycles.",https://www.business-standard.com/content/press-releases-ani/ai-enabled-ndt-robotics-startup-octobotics-raises-rs-10-crore-in-series-seed-funding-to-transform-asset-integrity-across-industries-126020700010_1.html
upside-robotics,Upside Robotics,"Upside Robotics builds lightweight solar-powered autonomous robots that deliver precise fertilizer doses to crop root zones, currently focused on corn farms. The Waterloo team has cut customer fertilizer use by ~70% with 100% retention, scaling from 70 to 3,000+ acres in 18 months.",Robotics,Autonomous Systems & Drones,Deployment & Operation,Pre-commercial,None,Seed,venture,7.5,,2026-02-11,11-Feb-26,Feb-26,1Q26,2026,"Waterloo, Canada",Plural,"Garage Capital, Entrepreneurs First",,$7.5M seed with Plural leading — the second Plural-led robotics seed in this sweep after Sunrise Robotics. Comp set on ag automation: listed Deere (DE) AGCO (AGCO) CNH (CNHI) on tractor automation; private peers Carbon Robotics (Series D weed control) and Burro (Series A in-field carts). Upside's edge is fertilizer-specific economics — $150/acre savings is a hard-to-fake operator-pull metric. Plural plus Clearpath founders is meaningful — Clearpath-network capital backs Canadian ag automation.,https://uwaterloo.ca/news/75-million-seed-funding-helps-upside-robotics-plant-seeds
index-robotics,Index Robotics,"Index Robotics develops upper-body humanoid robots built around proprietary high-precision actuators that resolve gear-reducer limitations. The Korean team's INDEX01 prototype targets logistics handling, machining support, and precision assembly tasks.",Robotics,Humanoid & Service Robots,Components & Subsystems,Pre-commercial,None,Seed,venture,1.0,,2026-02-20,20-Feb-26,Feb-26,1Q26,2026,South Korea,Futureplay,"Bass Ventures, 500 Global",,"$1M seed at the threshold — flagged because of the actuator-first thesis. Index's CEO Seung-hoon Shin explicitly frames hardware not AI as the binding constraint for humanoid commercialization. Comp set: Harmonic Drive (Tokyo: 6324) on listed actuators, AILOS Robotics (already in dataset, €3.5M seed) on European actuator startups, plus private Reflex Robotics on wheeled mobile manipulation. Korea's robotics components depth is the under-priced moat — Samsung LG Hanwha all sourcing locally.",https://en.wowtale.net/2026/02/20/233542/
sitegeist-robotics,Sitegeist Robotics,"Sitegeist Robotics develops AI-enabled robots for concrete removal in bridge, tunnel, and building renovation work. The Munich TUM spinout uses advanced perception, AI-based decision support, and adaptive control to operate on existing structures without pre-existing 3D models.",Robotics,Industrial Robots,System Integration,Pre-commercial,None,Pre-Seed,venture,4.4,,2026-02-21,21-Feb-26,Feb-26,1Q26,2026,"Munich, Germany","b2venture, OpenOcean",,,"€4M (~$4.4M) pre-seed for a TUM spinout attacking concrete renovation — a labor-bottlenecked, regulation-heavy adjacent to All3 (already in dataset, $25M seed construction robotics). Comp set on infrastructure renovation: listed Heidelberg Materials (HEI) on concrete demand-side, Caterpillar (CAT) on heavy equipment, plus private competitor Renovai. Sitegeist's edge is operating on existing structures without pre-existing CAD/BIM. Munich plus b2venture suggests strong DACH industrial customer access.",https://roboticsandautomationnews.com/2026/02/21/sitegeist-robotics-raises-e4-million-pre-seed-funding-to-commercialize-its-construction-robots/99052/
armatrix,Armatrix,"Armatrix develops hyper-redundant snake-like robotic arms for inspection and maintenance inside hazardous confined industrial spaces — tanks, reactors, engines. The Bengaluru team serves shipbuilding, nuclear, oil and gas, and aviation customers.",Robotics,Machine Vision & Sensors,,Pre-commercial,None,Pre-Seed,venture,2.1,,2026-02-25,25-Feb-26,Feb-26,1Q26,2026,"Bengaluru, India",pi Ventures,"Inuka Capital, Boundless Ventures, Boost VC, Turbostart, gradCapital",,"$2.1M pre-seed for snake-arm industrial inspection — paired with Octobotics ($1.1M seed three weeks earlier) signals an Indian inspection-robotics regional cluster. Comp set: Gecko Robotics (US unicorn) on industrial wall-climbing inspection, OC Robotics (acquired) on confined-space arms. The hyper-redundant arm geometry is competitively differentiated for nuclear and reactor work. Risk concentration is industrial certification cycles — multi-year qualification before scaled deployment is the bottleneck.",https://theheadandtale.com/ai-emerging-tech/robotics-startup-armatrix-raises--2-1-million-funding-led-by-pi-ventures/
rlwrld,RLWRLD,"RLWRLD builds a robotics foundation model that combines large language models with traditional robotics software, trained directly inside operating manufacturing and logistics facilities. This Seed 2 brings total seed funding to $41M.",Robotics,Software & Simulation,,Pre-commercial,None,Seed II,venture,26.0,,2026-02-25,25-Feb-26,Feb-26,1Q26,2026,"Seoul, South Korea","Headline Asia, Z Venture Capital","CJ Logistics, Kakao Investment, Lotte Ventures, Hanwha Asset Management, Mirae Asset-Emart Investment Fund I, Hyosung Ventures, Smilegate Investment, T Investment, Hashed Ventures",,"$26M Seed II at 11 months post Seed 1 — the strategic-investor stack (CJ Kakao Lotte Hanwha Hyosung) is the asymmetric edge versus pure-financial peers. Comp set: Physical Intelligence (Series C at $5B) and Skild AI (Series C at $14B) on the foundation-model side, plus listed Naver (035420.KS) and SK Telecom (017670.KS) on Korean strategic-investor signaling. The cumulative $41M of seed across 11 months without a labeled Series A is unusual structuring — likely a deliberate decision to keep dilution in the strategic-capital lane before institutional pricing.",https://www.globenewswire.com/news-release/2026/02/26/3245146/0/en/RLWRLD-Raises-26M-Seed-2-Bringing-Total-Funding-to-41M-to-Scale-Industrial-Robotics-AI.html
general-autonomy,General Autonomy,General Autonomy builds AI-driven humanoid robots and robot dogs to automate labor-intensive workflows for Indian factories and warehouses. Co-founded in 2023 by ex-ShareChat founders Farid Ahsan and Bhanu Pratap Singh.,Robotics,Humanoid & Service Robots,,Pre-commercial,None,Seed,venture,3.3,29.4,2026-02-25,25-Feb-26,Feb-26,1Q26,2026,India,"Elevation Capital, India Quotient","Blue Asva Varenya Fund, FBC Venture Partners, Spearhead Capital",,"$3.3M seed at $29.4M post-money — Indian humanoid pricing benchmark with serial-founder-from-ShareChat-exit pedigree. Comp set: General Autonomy is one of the first labeled Indian humanoid plays alongside iHub Robotics (pre-seed sub-$1M) and Addverb (private, more mature). Listed comparables don't exist locally — closest is Tata Group robotics initiatives. Thesis is whether Indian labor-cost arbitrage on humanoid manufacturing offers cost-of-build edge versus US/China humanoid leaders even pre-foundation-model.",https://inc42.com/buzz/exclusive-robotics-startup-general-autonomy-raises-%E2%82%B932-cr-at-%E2%82%B9280-cr-valuation/
stendr,Stendr,"Stendr is a Norwegian defense-technology company building AI-powered drone detection and counter-drone solutions as a vertically integrated hardware-plus-software stack designed for European sovereignty. Founded by Aleksander Leonard Larsen, formerly COO of Sky Mavis.",Robotics,Autonomous Systems & Drones,,Pre-commercial,EU defense procurement; Export controls,Pre-Seed,venture,5.4,,2026-04-15,15-Apr-26,Apr-26,2Q26,2026,Norway,"RainFall, ACME Capital, SkyFall Ventures","Sisyphus, Antler, StartupLab, Off Piste, Andøya Ventures",,"$5.4M pre-seed described as one of the largest in Nordic defense-tech history. Comp set: Anduril (private) and Helsing (private, European) on the broader defense-AI side, plus listed BAE Systems (BAESY) Saab (SAABF) on European primes. Stendr's Sky Mavis pedigree is unusual — crypto-native founder reentering defense-tech is a 2026-era pattern worth flagging. Thesis turns on whether European sovereignty mandates from the 2025-2026 EU defense package convert into Stendr orders ahead of incumbents.",https://techfundingnews.com/stendr-5-4m-ai-drone-detection-defence/
online-oceans,Online Oceans,"Online Oceans builds autonomous solar-powered surface vessels and a fleet command platform for defense and maritime security, currently focused on anti-submarine warfare, subsea infrastructure protection, and border security. UK-headquartered, founded 2025.",Robotics,Autonomous Systems & Drones,,Pre-commercial,EU defense procurement; UK defense procurement,Seed,venture,5.4,,2026-04-30,30-Apr-26,Apr-26,2Q26,2026,United Kingdom,Seraphim Space,"Peter Rive, Frank Thieser, Florian Seibel, Koro Capital",,"£4M (~$5.4M) seed for autonomous surface vessels — Seraphim Space leading signals space-and-defense capital crossover into maritime autonomy. Co-investor mix Peter Rive (SolarCity co-founder) plus Quantum Systems founders is a strong technical-operator signal. Comp set: Saildrone (private, more mature) on the ASV side, plus listed Kongsberg (KOG.OL) BAE (BAESY) on the European naval primes. Already has commercial deliveries in April plus initial defense customers — that's late-seed traction at seed pricing.",https://www.uktechnews.info/2026/04/30/online-oceans-secures-4-million-seed-investment-led-by-seraphim-space/
breaker,Breaker,"Breaker develops AI-powered software letting military operators coordinate autonomous systems across air, land, and sea via voice commands — managing teams of up to 100 robots per operator. The Sydney-headquartered company runs its software onboard each robot to operate in communications-denied environments.",Robotics,Autonomous Systems & Drones,,Pre-commercial,Export controls; Defense procurement,Seed,venture,9.0,,2026-02-20,20-Feb-26,Feb-26,1Q26,2026,"Sydney, Australia",Bessemer Venture Partners,Main Sequence,,"$9M seed with Bessemer leading — first major US-fund check into an Australian defense robotics software play. Main Sequence's prior $2M pre-seed (early 2025) was a signal, this seed is the validation. Comp set: Anduril Lattice (private) and Palantir (PLTR) on the multi-domain coordination layer, plus Scale AI (private) on the data-plus-software defense pattern. The voice-as-control-interface is differentiated against the listed primes' fixed-station coordination paradigms. Catalyst is US DoD pilot conversion.",https://www.startupdaily.net/topic/funding/defence-drone-and-robotics-startup-breaker-pilots-9-million-seed-round/
snowcap-compute,Snowcap Compute,"Develops superconducting compute chips using niobium-titanium nitride (NbTiN) cooled by standard helium cryogenic equipment, targeting AI, HPC, and quantum-classical hybrid workloads. Claims 25× performance-per-watt over leading CMOS chips, net of cooling overhead. First basic chip targeted for end of 2026.",Semiconductors,Frontier Compute,,Pre-commercial,US_CHIPS_Act,Seed,venture,23.0,,2025-06-23,23-Jun-25,Jun-25,2Q25,2025,"Palo Alto, USA",Playground Global,"Cambium Capital, Vsquared Ventures",,"$23M seed for commercial-scale superconducting compute — first credible non-quantum cryogenic logic play since Northrop Grumman's RSFQ era stalled. Comp set is thin: closest public proxies are NVDA + INTC for power-per-watt benchmarks, with Pat Gelsinger on the board signaling pedigree but no near-term offtake. 25× efficiency claim is bench-only; full system economics depend on whether He cryo CAPEX scales with rack density. We're skeptical until 2026 chip tape-out.",https://siliconangle.com/2025/06/23/superconducting-chip-startup-snowcap-compute-reels-23m/
chipmind,Chipmind,"Develops ""design-aware"" AI agents that integrate with existing EDA workflows to automate RTL design, verification, and tape-out preparation tasks, with stated goal of cutting engineer time on repetitive low-level tasks by ~40%. Founded by two ETH Zurich PhDs with 20+ chip tape-outs combined. First European pure-play in agentic EDA.",Semiconductors,EDA & IP,,Pre-commercial,EU_Chips_Act,Pre-Seed,venture,2.5,,2025-10-21,21-Oct-25,Oct-25,4Q25,2025,"Zurich, Switzerland",Founderful,Undisclosed,"SNPS, CDNS","$2.5M pre-seed for European-built agentic EDA — comp set is ChipAgents (now $50M Series A1 at scale) and Cognichip ($93M cumulative), both US-based. Chipmind is the smallest, latest, and most explicitly verification-focused. Strategic frame: SNPS and CDNS are racing to own this layer natively (ChipStack, Questa One); a $2.5M pre-seed has to ship product before incumbents close the gap. ETH founders + 20-tape-out track record is the moat.",https://tech.eu/2025/10/21/chipmind-exits-stealth-with-25m-to-launch-ai-agents-for-faster-chip-design/
oxmiq-labs,Oxmiq Labs,"Founded by Raja Koduri (ex-Intel/AMD/Apple GPU architect), Oxmiq licenses modular GPU IP (OXCORE) and chiplet architecture (OXQUILT) with native Python/CUDA compatibility through OXPython, targeting edge-to-datacenter compute. First software revenue recorded in 2025. Positioned as ""the Arm of GPUs.""",Semiconductors,EDA & IP,IP & Design,Pre-commercial,US_Export_Controls_China; US_CHIPS_Act,Seed,venture,20.0,,2025-08-26,26-Aug-25,Aug-25,3Q25,2025,"San Jose, USA",MediaTek,Undisclosed,"ARM, NVDA, AMD, INTC","$20M seed at unicorn-grade ambition — Koduri's third act after Intel GPU exit, betting GPU IP licensing follows Arm's CPU playbook. Comp set is ARM (public, $130B+ mcap) and never-public competitors (Imagination). MediaTek as lead signals real customer intent for mobile/edge; the open question is whether OXPython actually runs CUDA workloads at competitive perf vs the native NVDA stack. Brand premium > tech maturity at this stage.",https://www.hpcwire.com/off-the-wire/oxmiq-labs-emerges-from-stealth-with-software-defined-gpu-architecture-for-edge-to-data-center/
maieutic-semiconductor,Maieutic Semiconductor,"Develops a generative-AI copilot specifically for analog integrated circuit design, targeting the still-manual portions of analog/mixed-signal layout that resist conventional EDA automation. Founders are veteran analog designers with 70+ semiconductor patents and >1B units shipped between them. India-headquartered with global commercial intent.",Semiconductors,EDA & IP,,Pre-commercial,None,Seed,venture,4.15,,2025-07-30,30-Jul-25,Jul-25,3Q25,2025,"Bengaluru, India","Endiya Partners, Exfinity Venture Partners",Undisclosed,"SNPS, CDNS","$4.15M seed for analog-EDA copilot — comp set: Astrus (Canada, $8M Khosla seed, also physics-aware AI for analog) and Cognichip (US, $33M+$60M, broader scope). Maieutic is the cheapest entry point and India's first credible bet in EDA-AI; Endiya + Exfinity is a respectable domestic deeptech syndicate but lacks the US-VC distribution Cognichip enjoys. Analog automation remains the highest-value, lowest-penetration EDA segment — SNPS/CDNS have not cracked it natively.",https://india.entrepreneur.com/news-and-trends/fabless-chip-startup-sensesemi-secures-inr-25-cr-seed/502074
upscale-ai,Upscale AI,"Designs open-standard AI networking silicon, systems, and a SONiC/SAI-based network operating system for ultra-low-latency AI fabrics. Built on UALink and Ultra Ethernet open standards. Incubated by Auradine; led by Innovium/Cavium/Marvell veterans. Positioned as the open-stack alternative to NVIDIA Spectrum-X / Mellanox.",Semiconductors,Fabless Design,IP & Design,Pre-commercial,US_CHIPS_Act,Seed,venture,100.0,,2025-09-17,17-Sep-25,Sep-25,3Q25,2025,"Palo Alto, USA","Mayfield Fund, Maverick Silicon","StepStone Group, Celesta Capital, Xora Innovation, Qualcomm Ventures, Cota Capital, MVP Ventures, Stanford University","NVDA, AVGO, MRVL, ARM","$100M ""seed"" is structural, not stage — closer to a stealth Series A with seed-style preferred. Comp set: NVDA Spectrum-X (proprietary, dominant), AVGO (Tomahawk silicon switching), MRVL (Innovium acquisition lineage). Upscale's open-standards thesis (UALink, UE) is a direct bet against NVDA lock-in; the syndicate (Mayfield + Qualcomm Ventures + StepStone) signals corporate-strategic intent. Already raised $200M Series A within months — round structure is more about capital-markets optics than capital need.",https://upscaleai.com/press-release/
unconventional-ai,Unconventional AI,"Founded by Naveen Rao (ex-Databricks AI head, MosaicML founder, Nervana → Intel) to build neuromorphic / analog-inspired computers targeting AI energy efficiency, modeled on biological systems' compute-per-joule envelope. First $475M tranche of planned $1B round; only public AI-hardware ""seed"" at $4.5B post-money valuation in 2025.",Semiconductors,Frontier Compute,,Pre-commercial,US_CHIPS_Act,Seed,venture,475.0,4500.0,2025-12-09,9-Dec-25,Dec-25,4Q25,2025,USA (HQ not specified),"Andreessen Horowitz, Lightspeed Venture Partners","Lux Capital, DCVC, Sequoia Capital, Future Ventures, Databricks, Jeff Bezos","NVDA, AMD, INTC","$475M seed at $4.5B is the largest ""seed"" in semiconductor history — categorical noise; round label reflects pre-product status, not capital structure. Comp set is empty: closest analogs are Cerebras and Etched at later rounds, no neuromorphic incumbents at scale (Mythic wound down 2022). Rao's prior exits (MosaicML $1.3B to DDOG, Nervana to INTC) buy execution credibility; a16z+Lightspeed co-lead with $10M founder check signals conviction. Single-bet exposure for the sector — outcome binary.",https://techcrunch.com/2025/12/09/unconventional-ai-confirms-its-massive-475m-seed-round/
ricursive-intelligence,Ricursive Intelligence,"Frontier AI lab founded by Anna Goldie and Azalia Mirhoseini (creators of Google AlphaChip) targeting AI-driven automation across the full semiconductor design stack: architecture, RTL, verification, physical design. Built around recursive feedback loop where AI designs chips that train more advanced AI models. First product still pre-disclosure.",Semiconductors,EDA & IP,,Pre-commercial,US_CHIPS_Act,Seed,venture,35.0,750.0,2025-12-02,2-Dec-25,Dec-25,4Q25,2025,"Palo Alto, USA",Sequoia Capital,Undisclosed,"SNPS, CDNS, NVDA","$35M seed at $750M post — Sequoia paying full founder premium for the AlphaChip team. Comp set: Cognichip ($93M cumulative), Astrus ($8M Khosla), Chipmind ($2.5M); Ricursive is the deepest pedigree, broadest scope (architecture-to-PD), highest valuation. Series A ($300M / $4B post) closed within 8 weeks — fastest deeptech markup of 2025-26. SNPS / CDNS native AI is the structural competitor; whether incumbent-built or startup-built EDA-AI wins depends on data access, not models.",https://www.prnewswire.com/news-releases/ricursive-intelligence-launches-frontier-ai-lab-to-transform-semiconductor-design-and-accelerate-path-toward-artificial-superintelligence-302630776.html
vertical-compute,Vertical Compute,"imec spin-off (Belgium) developing 3D-integrated memory stacked directly on compute logic within a single 300mm wafer manufacturing process. Reduces memory–compute distance from cm to nm scale, targeting AI inference / HBM-class workloads with chiplet form factor. First test chip taped-out in 2025.",Semiconductors,Frontier Compute,,Pre-commercial,EU_Chips_Act,Seed (extension),venture,42.9,,2026-03-04,4-Mar-26,Mar-26,1Q26,2026,"Louvain-la-Neuve, Belgium",Quantonation,"Flanders Future Techfund, Wallonie Entreprendre, Sambrinvest, Noshaq, InvestBW, Drysdale Ventures, Kima Ventures, Eurazeo, XAnge, Vector Gestion, imec.xpand, imec","TSM, NVDA","€37M ($42.9M) seed extension brings total seed to €57M — comp set: SK hynix HBM stacked memory (incumbent), Niobium ($23M Seed, cryo memory), AheadComputing (compute layer only). Vertical Compute is the only credible European 3D memory-on-logic play. imec lineage is the moat: process integration access most startups can't replicate. Strategic frame: memory bandwidth is now the binding constraint on AI training, and HBM is supply-constrained through 2027 — any credible alternative architecture commands premium even pre-product.",https://sifted.eu/articles/vertical-compute-ai-chips-memory-37m
quamcore,QuamCore,"Israeli quantum compute startup developing superconducting quantum processor architecture engineered to integrate up to 1 million qubits in a single cryostat, reducing inter-qubit cabling by >1000× via on-chip control electronics. Founded by Mobileye / Technion / Weizmann veterans. Out of stealth March 2025.",Semiconductors,Frontier Compute,,Pre-commercial,None,Seed,venture,9.0,,2025-03-13,13-Mar-25,Mar-25,1Q25,2025,"Herzliya, Israel",Viola Ventures,"Earth & Beyond, Surround Ventures, Israel Innovation Authority","IBM, IONQ, RGTI","$9M seed for superconducting million-qubit cryo-integration — comp set: IBM Quantum (incumbent, integrated stack), IONQ + RGTI (public, sub-1k physical qubits), QuEra, PsiQuantum (private $1B+). QuamCore's distinct claim is on-chip control electronics that eliminate the cabling explosion that plagues IBM's roadmap past 1k qubits. Series A ($26M Aug 2025) closed within 5 months — pace of pull suggests technical milestone, not just narrative. Single-bet, binary.",https://thequantuminsider.com/2025/03/12/quamcore-emerges-from-stealth-with-9-million-in-seed-funding-to-build-worlds-first-scalable-1-million-qubit-quantum-computer/
isentroniq,Isentroniq,"Paris-based quantum infrastructure startup developing dense, low-thermal-load cryogenic interconnects that enable 1000× more qubits per dilution refrigerator. Targets the wiring bottleneck that caps superconducting quantum systems at a few hundred qubits today. Founded May 2025 by ETH Zürich quantum PhD and ex-Bain consultant.",Semiconductors,Silicon & Substrates,,Pre-commercial,EU_Chips_Act,Pre-Seed,venture,8.7,,2025-10-14,14-Oct-25,Oct-25,4Q25,2025,"Paris, France",Heartcore Capital,"OVNI Capital, Kima Ventures, IXCORE Group, Better Angle, EPSL VC, Bpifrance","IBM, IONQ, RGTI","€7.5M ($8.7M) pre-seed at 5 months old — French quantum-supply-chain play that complements QuamCore's on-chip approach from the other direction (rack-level wiring vs. control-electronics integration). Comp set: Bluefors (cryostat incumbent, private), Quantcore (UK, niobium components). Heartcore lead with full France 2030 / Bpifrance ecosystem support is structurally similar to how Pasqal scaled. Pre-commercial; binding constraint is whether IBM/Rigetti/Google adopt third-party cryo wiring or keep in-house.",https://thequantuminsider.com/2025/10/14/isentroniq-raises-e7-5m-to-fix-quantum-computings-scalabilityproblem/
quantcore,Quantcore,"University of Glasgow spin-out building the only UK-domestic manufacturing line for niobium-based superconducting components (processors, resonators, sensors) for quantum computing, secure comms, and medical imaging. Operates from James Watt Nanofabrication Centre. Sovereign-supply-chain positioning under UK National Quantum Strategy.",Semiconductors,Silicon & Substrates,,Pre-commercial,UK_National_Quantum_Strategy,Seed,venture,3.4,,2026-02-24,24-Feb-26,Feb-26,1Q26,2026,"Glasgow, United Kingdom","PXN Ventures, Blackfinch Ventures, Scottish Enterprise","Quantum Exponential, STAC","IBM, IONQ, RGTI","£2.5M ($3.4M) seed for UK-sovereign superconducting components — comp set: Quantum Motion, Oxford Instruments NanoScience (Imperial-adjacent), no direct US/EU analog. Strategic frame is post-CHIPS / post-EU Chips Act: every major bloc now wants domestic quantum supply. Quantcore is the smallest pure-play but the only one with active fab output at Glasgow JWNC. Government-grant ratio (Scottish Enterprise co-lead) signals policy-grade derisking, not commercial pull.",https://thequantuminsider.com/2026/02/24/quantcore-raises-2-5m-uk-quantum-manufacturing/
photon-ip,PHOTON IP,Eindhoven-based silicon photonics startup developing process to integrate active III-V materials (indium phosphide) onto silicon substrates for energy-efficient photonic engines used in datacenter optical interconnects and sensing. Founded 2020; €2M+ in prior EIC grants. Later rebranded to Photon Bridge in Sep 2025.,Semiconductors,Frontier Compute,,Pre-commercial,EU_Chips_Act,Seed,venture,4.9,,2025-01-13,13-Jan-25,Jan-25,1Q25,2025,"Eindhoven, Netherlands",Innovation Industries,"Faber, BOM, PhotonDelta","ASML, NVDA, MRVL","€4.75M ($4.9M) seed for III-V-on-silicon photonics integration — comp set: Ayar Labs (US, $300M Series D), Lightmatter (US, growth), Aledia (FR, microLED-adjacent). PHOTON IP is the smallest in the photonic-integration cohort but sits in the Eindhoven PhotonDelta cluster, the only EU silicon-photonics ecosystem at scale. Rebrand to Photon Bridge 9 months later suggests pivot or refocus; rate of derisking remains pre-commercial.",https://tech.eu/2025/01/14/netherlands-startup-photon-ip-raises-4-75m-for-low-energy-optical-chips/
volantis,Volantis,California silicon-photonics startup developing photonic interconnects using directly-modulated VCSELs (vertical cavity surface-emitting lasers) integrated with on-chip optical waveguides — explicitly positioned as a departure from conventional silicon photonics. Targets AI datacenter inter-chip bandwidth bottleneck. Sam Altman has backed since April 2022 (pre-stealth).,Semiconductors,Frontier Compute,,Pre-commercial,US_CHIPS_Act,Seed,venture,9.0,,2025-06-11,11-Jun-25,Jun-25,2Q25,2025,"San Mateo, USA",Undisclosed,"Sam Altman, Alex Wang (Scale AI), Trevor Blackwell (Y Combinator)","AVGO, MRVL, NVDA","$9M seed for VCSEL-based photonic compute — divergent bet vs. the dominant silicon-photonics path (Ayar Labs, Lightmatter, NcodiN). Comp set is mostly negative: every other photonic-interconnect startup uses heterogeneous Si + III-V; Volantis claims VCSEL direct modulation is the path forward. Founder-backed by Altman pre-public commitment to the AI infra thesis (2022) signals high-conviction angel layer, but the round lacks a named institutional lead — a structural risk flag for Series A pricing.",https://www.optica-opn.org/home/industry/2025/july/volantis_snags_us$9_million_for_photonic_interconnects/
pseudolithic,PseudolithIC,"UCSB-rooted RF chiplet startup integrating compound-semiconductor (GaN, GaAs, InP) chiplets with silicon substrates for high-performance wireless products — millimeter-wave power amplifiers, low-noise amplifiers — targeting 5G/6G, satellite communications, aerospace. ~15-person team in Santa Barbara.",Semiconductors,Fabless Design,,Pre-commercial,US_CHIPS_Act,Seed,venture,6.0,,2025-01-27,27-Jan-25,Jan-25,1Q25,2025,"Santa Barbara, USA",Entrada Ventures,"Foothill Ventures, Uncork Capital","QCOM, MRVL, AVGO","$6M seed for compound-semi chiplet integration in RF — comp set: MACOM (public), Qorvo (public), and emerging private MMICs (Skywater, Wolfspeed RF). PseudolithIC's positioning is the chiplet-era response to fully-integrated MMICs: silicon for digital + III-V chiplets for RF front-end. UCSB lineage and Entrada (semi-specialist) lead suggests technical proof; the win condition is GaN-on-Si yield economics at scale. Pre-commercial.",https://www.entradaventures.com/post/pseudolithic-inc-raises-6m-in-seed-funding-to-revolutionize-wireless-chips-with-proprietary-chiple
oso-semiconductor,Oso Semiconductor,"UC Berkeley spinout designing low-loss beamforming chipsets for phased-array antennas targeting SATCOM, 5G mmWave, and radar systems. Proprietary ""Combiner-First"" architecture for phase shifting and signal combining claims up to 4× efficiency improvement vs. conventional phased-array silicon. Founded 2022.",Semiconductors,Fabless Design,,Pre-commercial,US_CHIPS_Act,Seed,venture,5.2,,2025-02-12,12-Feb-25,Feb-25,1Q25,2025,"Berkeley, USA",Engine Ventures,"Entrada Ventures, Berkeley SkyDeck, J-Ventures","QCOM, MRVL, ASTS, IRDM","$5.2M seed for satcom beamforming silicon — comp set: Qualcomm (incumbent), Anokiwave (acquired by Qorvo), and the public satcom names (IRDM, ASTS) that consume this kind of phased-array IC. Oso's edge is academic — Berkeley's phased-array research lineage produced Sapient Networks (acq Broadcom) and others. Engine Ventures lead signals real DoD/dual-use overlap. 4× efficiency claim depends on production yield, not architecture; pre-commercial.",https://www.satellitetoday.com/finance/2025/02/12/oso-semiconductor-secures-5-2m-in-seed-funding-for-phased-array-chipsets/
astrus,Astrus,Toronto/Waterloo AI startup building physics-aware reinforcement-learning models specifically for analog chip layout — generates thousands of candidate layouts in seconds against months of manual engineering today. Co-founders include former satellite-sensor chip designer and reinforcement-learning researcher trained by AlphaGo's Martin Müller.,Semiconductors,EDA & IP,,Pre-commercial,US_CHIPS_Act,Seed,venture,8.0,,2025-09-09,9-Sep-25,Sep-25,3Q25,2025,"Toronto, Canada",Khosla Ventures,"Pradeep Sindhu, 1517 Fund, Drive Capital, Alumni Ventures","SNPS, CDNS","$8M seed for physics-aware analog-EDA — direct comp: Maieutic ($4.15M, India) and Cognichip ($93M cumulative, US, broader scope). Astrus's claim is the deepest RL training pedigree (Müller-trained) targeting the hardest unautomated EDA segment (analog layout). Khosla lead is structurally bullish for AI-on-EDA; Pradeep Sindhu (Juniper founder) adds chip-industry credibility. Strategic frame: analog layout is where SNPS+CDNS revenue per design is highest and incumbent tools are weakest — biggest white-space in EDA.",https://pulse2.com/astrus-8-million-raised-to-transform-analog-chip-design-with-physics-aware-ai/
sensesemi-technologies,Sensesemi Technologies,"Bengaluru-based fabless designer of integrated edge-AI silicon combining AI inferencing, wireless mesh connectivity, and precision analog signal processing on a single chip. Targets industrial IoT, automotive ADAS, and medical devices (cardiac monitoring, smart drug delivery). DLI-approved under India's Design Linked Incentive scheme. First two test chips tape-out planned 2026.",Semiconductors,Fabless Design,,Pre-commercial,India_DLI_Scheme,Seed,venture,2.75,,2026-01-21,21-Jan-26,Jan-26,1Q26,2026,"Bengaluru, India",Piper Serica,"LetsVenture Angel Fund, Sun Icon Ventures, MyAsiaVC, Whitepine Investments, Jain Oncor","QCOM, NXPI, STM","₹25 Cr ($2.75M) seed for edge-AI silicon at Indian fabless rate card — comp set: Mindgrove (India, $10M cumulative), BigEndian ($9M cumulative), HrdWyr ($13M Series A). Sensesemi's edge is multi-modal integration (AI + wireless + analog) for medical/industrial verticals where DLI subsidies move volume. Founded 2014 but first capital raise — atypical late seed for an 11-year-old company suggests prior bootstrapping + DLI grant runway; commercial chip not yet taped out.",https://india.entrepreneur.com/news-and-trends/fabless-chip-startup-sensesemi-secures-inr-25-cr-seed/502074
mueon,Mueon,"Portland Oregon startup developing modular stackable ""Cubelets"" that integrate compute, memory, power delivery, and thermal management into a single physical unit — replacing rack-of-servers form factor for AI datacenters. Team includes shipped-billions-of-units veterans in CPU, GPU, memory architecture, power delivery, and IO design from prior Intel/AMD generations.",Semiconductors,Fabless Design,,Pre-commercial,US_CHIPS_Act,Seed,venture,15.5,,2025-09-17,17-Sep-25,Sep-25,3Q25,2025,"Portland, USA",Intel Capital,"Geodesic Alliance Fund, Oregon Venture Fund","NVDA, AMD, INTC, AVGO","$15.5M seed for system-level chiplet form-factor — comp set: NVIDIA NVL72 (productized rack-scale, $30k+ per node), AMD MI300X racks, no startup analog at this integration level. Mueon's ""Cubelet"" framing is system-scale chiplet, closer to a custom motherboard architecture than a chip — value capture depends on whether hyperscalers buy modular units or just custom-design their own. Intel Capital lead is a clear strategic-corp signal; team pedigree (Intel/AMD veterans) carries the round.",https://www.prnewswire.com/news-releases/mueon-emerges-from-stealth-with-15-5m-seed-to-redefine-data-centers-for-the-ai-era-302558448.html
cnuic,Cnuic,"Edinburgh, Scotland startup developing reconfigurable, light-based photolithography device — a working prototype that uses structured-light properties to enable rapid 3D-controlled production of photonic chips, metalenses, AR/VR waveguides, and 3D photonic crystals. Targets the photonic-chip manufacturing bottleneck.",Semiconductors,Equipment,,Pre-commercial,UK_National_Quantum_Strategy,Pre-Seed,venture,3.0,,2026-04-28,28-Apr-26,Apr-26,2Q26,2026,"Edinburgh, United Kingdom","Tensor Ventures, Blank Space Ventures","Silicon Roundabout Ventures, Phasechange, SANDS, Superlative","ASML, AMAT, KLAC","$3M pre-seed for reconfigurable photolithography — comp set: ASML (incumbent, photolith but for silicon), Heidelberg Instruments (private, maskless lithography). Cnuic's claim is reconfigurable / 3D / multi-material photonic-chip patterning at scale — adjacent rather than competitive to ASML's silicon EUV. Tensor + Blank Space lead signals high-conviction seed, but the address-market (photonic-chip fabs) is still small in 2026. Pre-commercial; binding constraint is fab adoption, not technology.",https://tech.eu/2026/04/28/cnuic-secures-eur3m-pre-seed-to-unlock-next-generation-photonic-chip-production/
skycore-semiconductors,Skycore Semiconductors,Danish startup with silicon-validated Power IC platform engineered for emerging 800V High-Voltage DC (HVDC) AI datacenter architectures — addresses the physical limits of 54VDC distribution when racks exceed 200kW. First focus is rack-level power conversion for hyperscale AI racks.,Semiconductors,Power & Analog,,Pre-commercial,EU_Chips_Act,Seed,venture,5.8,,2025-11-13,13-Nov-25,Nov-25,4Q25,2025,"Copenhagen, Denmark",Amadeus APEX Technology Fund,"First Momentum Ventures, Mätch VC, Balnord","WOLF, AVGO, NVDA, MRVL","€5M ($5.8M) seed for 800V HVDC power ICs targeting AI datacenter racks — comp set: Empower Semiconductor ($140M+ Series D, IVR incumbent), Navitas (NVTS, GaN power), Vertical Semiconductor ($11M seed, vGaN). Skycore is the only Denmark-domiciled power-semi seed in 2025, leveraging Northern European wind-power-conversion expertise. Strategic frame: 800V HVDC is the rack-architecture transition NVDA/AMD will force across hyperscalers post-2026; first credible power-IC vendors win 2-3 year incumbency.",https://arcticstartup.com/skycore-semiconductors-raises-e5m-seed/
chiral,Chiral,"ETH Zurich + Empa spin-off (Switzerland) developing robotic wafer-scale nanomaterial integration platform — automated, contamination-free placement of 2D materials (graphene, transition-metal dichalcogenides, hexagonal boron nitride) into silicon wafers for post-silicon transistors. Sub-micron alignment, room-temperature transfer. Founded 2023.",Semiconductors,Equipment,Equipment & Tools,Pre-commercial,EU_Chips_Act,Seed,venture,12.0,,2026-02-06,6-Feb-26,Feb-26,1Q26,2026,"Zurich, Switzerland",Crane Venture Partners,"Quantonation, HCVC, Founderful, Innosuisse","ASML, AMAT, LRCX, KLAC","$12M seed for wafer-scale 2D-material integration — comp set: ASML / AMAT / LRCX as deposition+lithography incumbents (none of which directly handle nanomaterial transfer at wafer scale). Chiral is positioned as the ""next ASML"" for post-silicon (Sifted's framing), which is overclaim — but the underlying equipment niche is real: every credible post-CMOS transistor candidate requires sub-micron precise 2D-material placement, and nobody has automated it. ETH+Empa lineage is genuine deep-tech moat; commercial timeline is 5+ years out.",https://www.globenewswire.com/news-release/2026/02/06/3233564/0/en/Chiral-raises-12M-to-unlock-post-silicon-computing-beyond-Moore-s-Law.html
uviquity,Uviquity,"Develops solid-state far-UVC (200-230nm) semiconductor light sources via proprietary photonic integrated circuit that couples blue laser into frequency-doubling waveguides — single-chip alternative to bulb-based far-UVC for chemical-free disinfection of air, food, water. Founded 2022.",Semiconductors,Fabless Design,,Pre-commercial,None,Seed,venture,6.6,,2025-05-07,7-May-25,May-25,2Q25,2025,USA (HQ not specified),Emerald Development Managers,"AgFunder, MANN+HUMMEL",,"$6.6M seed for far-UVC PIC — adjacent semiconductor application; closest comp is GE Current and the bulk far-UVC bulb incumbents (Ushio), no fabless-chip analog. Uviquity's positioning straddles photonics + life-sciences supply chain; MANN+HUMMEL (filtration) as strategic co-investor signals industrial-offtake intent. Thin comp set — true niche bet. Pre-commercial; binding constraint is regulatory adoption (FDA, EPA), not silicon.",https://www.semiconductor-today.com/news_items/2025/may/uviquity-090525.shtml
lucidean,Lucidean,"Santa Barbara, CA AI interconnect company developing 3.2 / 6.4 Tbps coherent optical transceivers for AI datacenter fabrics. CohZero platform is a ""coherent-lite"" architecture targeting coherent-class reach and signal integrity at IMDD-class power and cost. Founded by UCSB compound-semiconductor / optical-link veterans (Schow, Coldren academic co-founders).",Semiconductors,Frontier Compute,,Pre-commercial,US_CHIPS_Act,Seed,venture,18.0,,2025-12-23,23-Dec-25,Dec-25,4Q25,2025,"Santa Barbara, USA","Entrada Ventures, Koch Disruptive Technologies","Foothill Ventures, M Ventures, Cerberus Ventures, Raptor Group","AVGO, MRVL, INFN, COHR","$18M seed for coherent-lite AI datacenter optics — comp set: Marvell ($24M DustPhotonics acq for ~$1.3B in 2025), Broadcom Tomahawk-class silicon, Coherent + Lumentum (legacy coherent). Lucidean's framing is the gap between high-power coherent (long-haul) and low-power IMDD (datacenter intra-rack) — a $5-10B addressable market once 1.6T+ AI fabrics scale. KDT (Koch family deeptech) lead signals patient capital for fab-process roadmap.",https://www.businesswire.com/news/home/20251223818151/en/Lucidean-Raises-Series-Seed-Funding-to-Accelerate-Next-Gen-Coherent-Optical-Links-for-Data-Centers-Announces-Dr.-James-Raring-as-Chief-Executive-Officer
claros,Claros,"Los Angeles startup commercializing integrated voltage regulator (IVR) ICs and a DC-native Power Gateway for AI datacenters — claims 30% power-loss reduction vs. typical IVRs. Three IVR designs already fabbed (Samsung partnership), fourth in development. Founded 2024 by ex-Red Cell Partners alumni.",Semiconductors,Power & Analog,,Pre-commercial,US_CHIPS_Act,Seed,venture,30.0,,2026-03-19,19-Mar-26,Mar-26,1Q26,2026,"Los Angeles, USA","General Catalyst, Red Cell Partners","Systemiq Capital, Aero X Ventures, Trenches Capital","NVDA, AVGO, MPWR, MRVL","$30M seed for chip-to-grid datacenter power architecture — comp set: Empower Semiconductor ($140M+ Series D), Monolithic Power Systems (MPWR public), Vicor (VICR public), emerging private IVR (Vertical Semi, Skycore). Claros differentiates by spanning IVR (silicon) + Power Gateway (DC distribution) — full-stack approach to data-center efficiency. Red Cell + General Catalyst lead at $30M is unusually large for Seed naming; comparable to Mueon ($15.5M Intel-led) in form-factor ambition. Pre-commercial.",https://www.datacenterdynamics.com/en/news/power-management-company-claros-raises-30m-seed-round/
pinc-technologies,PINC Technologies,"Caltech spin-out (Pasadena, CA) developing integrated nonlinear photonic devices and circuits for quantum information processing, optical communications, biomedical sensing, and industrial photonics. Founded 2023. Seed+ round closes a multi-tranche $6.8M raise.",Semiconductors,Frontier Compute,,Pre-commercial,US_CHIPS_Act,Seed (extension),venture,6.8,,2025-10-01,1-Oct-25,Oct-25,4Q25,2025,"Pasadena, USA",Quantonation,"Wilson Hill Ventures, Freeflow Ventures, Hamamatsu Ventures, Qubits Ventures, Santec, Caltech Seed Fund","HCKHF, IPGP","$6.8M seed+ for nonlinear photonics — comp set: NcodiN ($16M seed, also nonlinear-photonic interposer); Lightium, Akhetonics, Enlightra (all photonic-compute adjacents). PINC's distinct positioning is nonlinear (vs. linear) photonics — frequency conversion, parametric amplification — that unlocks quantum + industrial sensing applications closed to standard silicon photonics. Quantonation lead aligns with quantum-thesis discipline; Hamamatsu + Santec corporate participation signals real off-take pipeline.",https://thequantuminsider.com/2025/10/02/pinc-technologies-emerges-from-stealth-with-6-8m-in-funding-to-unlock-scalable-nonlinear-photonics/
euqlid,EuQlid,"College Park, MD startup commercializing Qu-MRI — a quantum diamond-microscope platform using synthetic-diamond nitrogen-vacancy centers for non-destructive 3D imaging of buried currents in semiconductor devices and battery cells. One-micron resolution, AI-driven magnetic-field analysis. Founded by Harvard/Yale/UMD physicists.",Semiconductors,Equipment,Equipment & Tools,Pre-commercial,US_CHIPS_Act,Seed,venture,3.0,,2025-11-04,4-Nov-25,Nov-25,4Q25,2025,"College Park, USA",QDNL Participations,Quantonation,"KLAC, AMAT, ONTO","$3M seed for quantum metrology — comp set: KLAC ($90B+ mcap), Onto Innovation, none with NV-center-based imaging at semiconductor scale. EuQlid is the first commercial quantum-diamond microscope startup to apply NV magnetometry to inline semiconductor inspection — adjacent to the SEM/X-ray inspection workflow rather than replacing it. $1.5M early revenue at announce is rare for a $3M seed; indicates traction with research labs. Pre-commercial for inline fab adoption.",https://siliconangle.com/2025/11/04/quantum-diamond-microscope-startup-euqlid-launches-3m/
catalyx-space,Catalyx Space,"US-based space-infrastructure startup providing turnkey orbital mission services. Developing the Cosmotron satellite bus and the Rex reentry capsule for microgravity research, in-space manufacturing, and hypersonic-defense testing. Founded 2024 by Rifath Shaarook (of KalamSat fame), Clinton D Antony, Keerthan Chand Aluvala, and Saqib Hussain.",Space,In-Orbit Services,,Pre-commercial,US_DoD_Customer_Track,Pre-Seed,venture,1.7,,2025-01-19,19-Jan-25,Jan-25,1Q25,2025,"USA (San Francisco, CA)",Founders Inc.,"HF0 Residency, Techstars, Arka Venture Labs, Together Fund, Higher Life Ventures, Nivesha Ventures, Prana Tech Ventures, KDX Management, Bria, Lex Reddy",,"Pre-seed at $1.7M with an unusually long syndicate (Founders Inc. + HF0 + Techstars + India deeptech angels) signals VC consensus that reentry-capsule + standardized bus = the cleanest seed wedge in the orbital-logistics race. Capsule drop test in <6 months is faster than Varda's pre-Series A cadence. Comps: Varda (private $500M+ post-C), Inversion, Reditus. Real catalyst is whether the Rex/Cosmotron stack converts the disclosed pharma + hypersonic LOIs into orbital flight heritage by 2026.",https://founderlodge.com/round/OrbitAID-Aerospace-raises-1500000-Pre-Seed-2025-01-15-SAKTHIKUMAR-R-MjE1OTI
spaceium,Spaceium,"Y Combinator-backed in-orbit refueling startup developing proprietary fuel tanks for long-term cryo propellant storage and robotic arms for space-based refueling. Targets a ""network of gas stations"" in orbit by decade's end.",Space,In-Orbit Services,,Pre-commercial,None,Seed,venture,6.3,,2025-01-24,24-Jan-25,Jan-25,1Q25,2025,USA (California),Initialized Capital,Y Combinator,,"Initialized leading at $6.3M makes Spaceium the highest-profile refueling-services seed since Orbit Fab, with the YC backing differentiating it from Indian-incumbent OrbitAID and Polish Liftero on time-to-demo. Refueling is the single biggest unlock for the orbital-logistics layer once Orbit Fab's RAFTI standard becomes prevalent. Comp set is thin (no public comps); private: Orbit Fab, Astroscale (TSE listed), OrbitAID. Catalyst is binary: a successful demo wins the entire serviceable-satellite market.",https://payloadspace.com/spaceium-closes-6-3m-seed-round/
ascendarc,AscendArc,"Portland, OR-based small-GEO satellite communications startup developing sub-1,000kg geostationary satellites for cost-efficient broadband connectivity. Founded by Chris McLain, ex-SpaceX Starlink principal engineer. Holds $1.8M AFWERX STTR contract; partnered with Optisys on 3D-printed RF components; secured first commercial order from KT SAT in September 2025.",Space,Satellite Communications,,Pre-commercial,US_DoD_Customer_Track,Seed,venture,4.0,,2025-01-29,29-Jan-25,Jan-25,1Q25,2025,"USA (Portland, OR)",Seraphim Space,"Everywhere Ventures, Portland Seed Fund, Thermo, Hunter Communications",,"$4M seed plus a strategic ISP customer (Hunter Communications) on the cap table is rare for a sub-Series-A satcom company. McLain's Starlink lineage matters because the small-GEO thesis — cheaper, faster, fiber-class economics from one slot — only works if a SpaceX-grade engineer architects the bus. Public comps: VSAT, IRDM, ASTS (small-GEO disrupting LEO assumption). Real catalyst is converting the KT SAT order book into delivered units before incumbent GEO operators (Eutelsat, Hughes) respond with their own NGSO programs.",https://payloadspace.com/ascendarc-raises-4m-for-its-small-geo-sats/
kapta-space,Kapta Space,"Seattle-based spaceborne radar startup developing electronically-steered metasurface antenna arrays for LEO satellites. Targets persistent geospatial imagery for Earth observation and ground target tracking for defense — competing structurally with AESA-based incumbents. Founded by Milton Perque (ex-Echodyne) and Adam Bily (ex-Apple, ex-Astranis).",Space,Earth Observation,,Pre-commercial,US_DoD_Customer_Track,Seed,venture,5.0,,2025-02-21,21-Feb-25,Feb-25,1Q25,2025,"USA (Seattle, WA)",MetaVC Partners,"Entrada Ventures, Blue Collective",,"MetaVC lead (the dedicated metamaterials VC) anchors Kapta as the metasurface-radar pure-play to Echodyne's predecessor playbook. Spaceborne radar at LEO is structurally adjacent to ICEYE/Capella SAR but with electronically-steered ground-target-tracking — the GMTI-from-orbit play DoD has pursued for two decades. Public comp set is thin; closest: BlackSky (BKSY) RF, Capella, Iceye (private). Defense customer concentration is the catalyst — and the risk.",https://spacenews.com/kapta-space-exits-stealth-mode-with-bold-plans-for-space-based-target-tracking/
magdrive,Magdrive,"UK-based satellite propulsion startup developing high-power electric plasma thrusters using solid metal as propellant — potentially refuelable from recycled ""space junk."" Combines Hall-Effect specific impulse with order-of-magnitude better thrust per kg. Founded 2019 in Oxfordshire by Mark Stokes (CEO) and Dr Thomas Clayson (CTO). First in-orbit test of Magdrive Rogue scheduled June 2025 with D-Orbit.",Space,Space Components,,Pre-commercial,UK_National_Strategic_Capability,Seed,venture,10.5,,2025-02-25,25-Feb-25,Feb-25,1Q25,2025,UK (Oxfordshire),Redalpine,"Founders Fund, Balerion Space Ventures, Alumni Ventures, Outsized Ventures, 7percent Ventures, Entrepreneur First",,"$10.5M seed with Redalpine leading and Founders Fund following-on (after leading the pre-seed) is the largest UK satellite-propulsion seed on record. Solid-metal propellant is the structural bet — if Rogue's June flight closes on a working spec impulse, Magdrive becomes a sole-source for the post-Hall-thruster era. Comp set: Phase Four, ISPTech, Bellatrix Aerospace (private); public comp set is essentially zero. Catalyst is the orbital demo; the risk is plasma physics not scaling at the claimed thrust level.",https://payloadspace.com/magdrive-propels-us-expansion-with-10-5m-seed-round/
esper-satellites,Esper Satellites,"Australian hyperspectral imaging satellite startup building a four-satellite ""Four Leaf Clover"" constellation in shortwave-infrared for mining-deposit detection. Targets cost <$2 per km² versus the mineral-exploration incumbents. CEO Shoaib Iqbal; expansion office in Darwin.",Space,Earth Observation,,Pre-commercial,Australia_Critical_Minerals_Aligned,Seed,venture,3.1,,2025-03-04,4-Mar-25,Mar-25,1Q25,2025,Australia (Adelaide),"Hejaz Financial Services, Paspalis Capital",Undisclosed,,"$3.1M AUD-equivalent seed makes Esper the Australian counterpart to Pixxel and Kuva Space in the SWIR-hyperspectral-for-mining thesis. The mineral-exploration positioning aligns Esper directly with KoBold Metals' AI-exploration thesis but from the orbital sensor side — a complementary picks-and-shovels play. Public comp set: Planet Labs (PL) hyperspectral roadmap, BlackSky (BKSY). Catalyst is the OTR-2 launch (Aug 2025 on Dhruva Space platform) producing commercially-priced SWIR data the mining majors actually buy.",https://payloadspace.com/esper-satellites-raises-3-1m-seed-round/
pilogic,PiLogic,"California-based startup developing ""exact AI"" — mathematically precise model architecture optimized for onboard satellite deployment, surpassing generative AI in speed, accuracy, and compute efficiency. Validated NASA Electrical Power Systems Diagnostics Model and a Radar Model for object tracking.",Space,Space Components,,Pre-commercial,US_DoD_Customer_Track,Seed,venture,4.0,,2025-05-23,23-May-25,May-25,2Q25,2025,USA (California),"Scout Ventures, Seraphim Space","Sovereign's Capital, Flex Capital, FN Fund, Gokul Rajaram",,"Scout Ventures + Seraphim Space co-leading puts PiLogic into the ""AI-for-orbital-edge"" lane that Sophia Space, Edgx, and Diffraqtion all compete in — but PiLogic's mathematical-precision angle differentiates against the GPU-heavy compute thesis. NASA-validated power-systems diagnostics is the wedge into US space defense customers. Public comp set: NVDA edge-compute roadmap, AMD; private: Sophia Space, Edgx. Catalyst is converting the early defense LOIs into a sole-source contract for orbital AI before Lockheed/Raytheon build it in-house.",https://spacenews.com/pilogic-raises-4-million-for-bespoke-satellite-ai-models/
sarsatx,SARsatX,"Saudi Arabian SAR satellite startup spun out of KAUST's TAQADAM accelerator. Building small-SAR satellites for Earth observation with claimed 4-hour data delivery — targeting deforestation, oil-leak detection, disaster response, urban development, and border security across MENA, Africa, Southeast Asia.",Space,Earth Observation,,Pre-commercial,Saudi_Vision_2030,Seed,venture,2.6,,2025-05-20,20-May-25,May-25,2Q25,2025,Saudi Arabia (Thuwal),TONOMUS,"Wa'ed Ventures, Access Bridge Ventures, KAUST Innovation Ventures",,"Saudi state-aligned syndicate (TONOMUS/NEOM + Wa'ed/Aramco + KAUST) leading reads less like a venture bet than national-champion seeding for KSA's sovereign-SAR capability. $2.6M is small relative to the global SAR cohort (ICEYE €600M raised, Capella, Umbra) but the geopolitical anchor makes it the MENA SAR consolidator candidate. Public SAR comp set: BKSY (RF), ICEYE (private), Capella (private). Catalyst is whether SARsatX builds the satellites in-country or buys from existing SAR vendors — the former unlocks the sovereign-asset positioning.",https://spaceinsider.tech/2025/05/20/sarsatx-secures-2-6-million-seed-round-for-middle-east-north-africa-earth-observation-analytics-and-satellite-integration/
sophia-space,Sophia Space,"Pasadena-based orbital-compute startup founded by retired JPL Fellow Dr. Leon Alkalai in 2023. Developing modular TILE™ architecture — solid-state, self-sustaining compute modules with passive space-cooling and integrated solar power for orbital data centers. Plans a constellation by the 2030s.",Space,In-Orbit Services,,Pre-commercial,US_DoD_Customer_Track,Pre-Seed,venture,3.5,,2025-05-19,19-May-25,May-25,2Q25,2025,"USA (Pasadena, CA)",Unlock Venture Partners,Undisclosed,,"Pre-seed precedes the Feb-26 $10M seed already in the dataset; the founding ex-JPL pedigree is the unlock — Alkalai led JPL's pre-cosmonaut-era exploration architecture. Orbital data centers is one of the most-hyped 2026 theses (Starcloud, Lonestar, SpaceComputer) but Sophia's passive-cooling angle differentiates from GPU-heavy Starcloud. Public comps: NVDA edge thesis, SuperMicro orbital ambitions; private: Starcloud, SpaceComputer. Catalyst is the first TILE in orbit and whether passive cooling actually delivers the claimed efficiency at >10kW thermal loads.",https://sophia.space/news/sophia-space-closes-pre-seed-financing
inspecity,InspeCity,"Mumbai/Thane-based satellite life-extension and ISAM startup. Building a vertically-integrated platform combining propulsion, robotics, and RPOD capabilities for satellite servicing, refueling, deorbit, and mission-life extension. Founded 2022 by IIT Bombay alumni.",Space,In-Orbit Services,,Pre-commercial,India_Make_In_India,Seed,venture,5.6,,2025-05-07,7-May-25,May-25,2Q25,2025,India (Thane),Ashish Kacholia,"Speciale Invest, Shastra VC, Antler India, DeVC, MGF Kavachh, Anicut Capital",,"Kacholia leading (a public-equity ace, not a typical seed-stage VC) signals India's domestic capital believes ISAM is the next exit window after Pixxel/Skyroot. $5.6M for India's first vertically-integrated ISAM platform positions InspeCity as Astroscale's emerging-market analog. Public comp set: ASTR (Tokyo) Astroscale; private: ClearSpace, OrbitAID. Catalyst: hitting space-qualification milestones within the disclosed 12-month window; risk is whether MoU with Japan's Orbital Lasers becomes binding offtake.",https://www.inspecity.com/in-the-news/inspecity-secures-5-6-million-in-seed-funding-to-pioneer-the-future-of-in-orbit-satellite-servicing
lux-aeterna,Lux Aeterna,"Denver, CO-based startup developing fully-reusable satellite buses that survive atmospheric reentry and re-fly with new payloads. Flagship Delphi spacecraft (~200kg, ~25% payload mass fraction) targeting Q1 2027 demonstration mission. Vision: 15-flight reusability per vehicle.",Space,In-Orbit Services,,Pre-commercial,US_DoD_Customer_Track,Pre-Seed,venture,4.0,,2025-06-25,25-Jun-25,Jun-25,2Q25,2025,"USA (Denver, CO)",Space Capital,"Dynamo Ventures, Channel 39",,"Pre-seed at $4M makes Lux Aeterna the most-funded reusable-satellite-bus seed since Outpost; the Q1-2027 demo is one of the cleanest binary catalysts in the orbital-logistics class. Reusable buses are the structural inverse to disposable-smallsat orthodoxy — if Delphi survives reentry, the customer thesis flips from ""buy a new sat every mission"" to ""lease and refly."" Comps thin: Outpost (private), Inversion (private), Reditus (private); public: RKLB (Photon). Catalyst is binary; reusability either works or it doesn't.",https://www.satellitetoday.com/finance/2025/06/25/lux-aeterna-raises-pre-seed-funding-for-reusable-satellite-bus/
apolink,Apolink,"Palo Alto-based satellite-connectivity startup (formerly Bifrost Orbital) building a 32-satellite LEO relay constellation for real-time 24/7 connectivity. FCC-licensed; each orbital ring designed for 256 users at 9.6kbps. Founded by 19-year-old Onkar Singh Batra. $140M+ in LOIs from Astro Digital, Hubble Network, Star Catcher.",Space,Satellite Communications,,Pre-commercial,US_FCC_Spectrum,Seed,venture,4.3,45.0,2025-07-11,11-Jul-25,Jul-25,3Q25,2025,"USA (Palo Alto, CA)",Y Combinator,"468 Capital, Unshackled Ventures, Rebel Fund, Maiora Ventures, Laura Crabtree, Benjamin Bryant, Kanav Kariya",,"Oversubscribed seed at $45M post-money is the highest valuation of any space pre-Series-A in this window — a YC-effect amplifier on what is essentially a thin-customer-validated cold-start play. The $140M LOI book is the real story; if even 10% converts to bookings by 2027, Apolink eats Iridium's (IRDM) LEO relay segment. Public comps: IRDM (TDRSS analog), ASTS (LEO comms). Risk: 19-year-old founder navigating Iridium- and Hughes-incumbent regulatory friction.",https://techcrunch.com/2025/07/11/yc-backed-apolink-by-19-year-old-bags-4-3m-to-build-24-7-connectivity-for-leo-satellites/
cascade-space,Cascade Space,"California-based satellite-communications-platform startup (fka Heliosphere Network) building an end-to-end design + ops platform for spacecraft comms — including the open-source Spacelink library for link-budget modeling, an online design tool, and a planned ground-station network for lunar missions. Founded by Jacob Portukalian (architected SpaceX Crew Dragon comms) and Arlen Abraham (Astra launch systems).",Space,Ground Systems & Antennas,,Pre-commercial,None,Seed,venture,5.9,,2025-07-24,24-Jul-25,Jul-25,3Q25,2025,USA (California),Undisclosed,"Y Combinator, Nova Threshold, Undeterred Capital, Night Capital, Olive Capital, Valkyrie Ventures, Karman Ventures, Palm Drive Capital, Garage Capital, TRAC, Aurelia Foundry, Hawktail, MGV.VC, Pioneer Fund, Liquid 2 Ventures",,"Long-tail syndicate ($5.9M across 15+ funds, no clean lead) reads as a Y Combinator party round on an unusually broad cap table — risky for governance but signals consensus on space-comms software being the under-built layer. Crew Dragon comms architect on the founding team is the unlock. Public comp set: Viasat (VSAT), Iridium (IRDM); private: Atlas Space, AWS Ground Station. Catalyst is whether the open-source Spacelink library captures developer mindshare the way GitHub Copilot did for code — a 2-3 year horizon.",https://www.satellitetoday.com/finance/2025/07/25/new-startup-cascade-space-targets-satellite-communication-system-design/
spaceflux,Spaceflux,London-based space-domain-awareness startup developing a proprietary global telescope network with AI-driven analytics. Combines visible + SWIR optical sensors for 24/7 satellite/debris tracking across all orbits. Founded 2022; holds three multi-year UK Government SST contracts under NSpOC framework.,Space,Ground Systems & Antennas,,Pre-commercial,UK_National_Strategic_Capability,Seed,venture,7.3,,2025-07-25,25-Jul-25,Jul-25,3Q25,2025,UK (London),"UK Innovation & Science Seed Fund, Foresight Group, Blackfinch Ventures",Seraphim Space,,"Tri-led seed at $7.3M (£5.4M) with the UK government's seed fund anchoring is the cleanest UK-MoD signal yet — Spaceflux subsequently won all three NSpOC SDA contracts. SDA is the under-built domain where geopolitical urgency (Russia-Ukraine, Taiwan) creates 5-year demand visibility. Public comp set: LeoLabs (private), Slingshot (private), HawkEye 360 (private $150M Series E in dataset). Catalyst is whether the UKSA/MoD contracts grow from data feeds into the operational layer of UK Space Command.",https://www.foresight.group/news/spaceflux-raises-54-million-in-seed-funding
orbital-paradigm,Orbital Paradigm,Madrid-based reusable orbital reentry capsule startup. Building Kestrel reentry vehicles with ceramic thermal shields and proprietary guidance software for low-G recovery on European soil. Test capsule KID flies maiden mission late 2025; €81M LOI pipeline across 18 clients; founded 2023 by ex-ESA engineer Francesco Cacciatore.,Space,In-Orbit Services,,Pre-commercial,EU_Sovereign_Space,Pre-Seed,venture,1.6,,2025-08-07,7-Aug-25,Aug-25,3Q25,2025,Spain (Madrid),"Akka, Demium Capital",id4 Ventures,,"Pre-seed at €1.5M with €81M in LOIs is the strongest LOI-to-funding ratio in this entire sweep. Orbital Paradigm is the European complement to US-based Varda/Catalyx/Reditus — same reentry-services thesis, different sovereign exposure (European customers want EU-controlled return-cargo for ITAR-sensitive payloads). Comp set: Varda (private), Reditus (private), Catalyx (private); thin public comps. Catalyst is the KID mission separating + transmitting + surviving; the second mission is already 80% pre-sold.",https://www.eu-startups.com/2025/08/spanish-spacetech-orbital-paradigm-raises-e15-million-to-build-reusable-space-capsules/
edgx,EDGX,Ghent-based Belgian spacetech building EDGX Sterna — an NVIDIA-powered edge-AI computer for satellites with a SpaceFeather software stack including radiation-fault recovery and post-launch app deployment. Multi-unit deal with undisclosed operator (€1.1M) plus February 2026 SpaceX Falcon 9 in-orbit demo. Founded 2023.,Space,Space Components,,Pre-commercial,EU_Strategic_Tech,Seed,venture,2.6,,2025-08-11,11-Aug-25,Aug-25,3Q25,2025,Belgium (Ghent),imec.istart future fund,Flanders Future Tech Fund,,"Belgian regional-fund-led seed at €2.3M with an NVIDIA-anchored hardware stack puts EDGX in the same orbital-AI lane as Sophia Space/PiLogic but with a different defensibility model — the Sterna board ships hardware, not just software. The pre-Series-A commercial booking (€1.1M offtake before institutional series A) is the strongest revenue signal in this cohort. Public comp set: NVDA datacenter, AMD MI300; private: Sophia Space, PiLogic. Catalyst: the Feb-26 SpaceX flight proving radiation-tolerance specs.",https://www.eu-startups.com/2025/08/belgian-spacetech-innovator-edgx-raises-e2-3-million-to-boost-onboard-ai-compute-for-satellites/
space-dots,Space DOTS,London-based space-tech-instrumentation startup detecting in-orbit material anomalies via Barnacle™ embedded test platform. Launched 2022 to provide spaceflight-data services for space-tech manufacturers and operators. Founded by Bianca Cefalo.,Space,Earth Observation,,Pre-commercial,UK_National_Strategic_Capability,Seed,venture,1.5,,2025-09-08,8-Sep-25,Sep-25,3Q25,2025,UK (London),Female Founders Fund,"Feel Ventures, General Electric Company, Sie Ventures",,"$1.5M seed plus GE on the cap table is unusual — GE doesn't typically participate at pre-Series-A in space, suggesting Barnacle™ is structurally relevant to GE Aerospace's materials qualification workflow. Female Founders Fund leading is the rare gender-anchored space-tech check (founder Bianca Cefalo). Comp set is thin: Space DOTS is more adjacent to Aerospace Corp's contract-research than to a public comp. Catalyst is whether GE converts to a binding offtake.",https://techcrunch.com/2025/09/08/space-dots-raises-1-5m-seed-round-to-provide-insights-on-orbital-threats/
rendezvous-robotics,Rendezvous Robotics,"Golden, CO-based modular in-orbit assembly startup developing TESSERAE technology — flat-packed, dinner-plate-sized tiles that self-assemble in orbit using electromagnetic formation flight. Spinout from MIT (Dr. Ariel Ekblaw) via the Aurelia Institute. Test flight on ISS in early 2026 with 32 tiles. Co-founders: Ekblaw, Phil Frank, Joe Landon (ex-Lockheed Martin Ventures).",Space,In-Orbit Services,,Pre-commercial,US_DoD_Customer_Track;NASA_Customer_Track,Pre-Seed,venture,3.0,,2025-09-11,11-Sep-25,Sep-25,3Q25,2025,"USA (Golden, CO)","Aurelia Foundry, 8090 Industries","ATX Venture Partners, Mana Ventures",,"$3M pre-seed for in-orbit assembly is the largest disclosed seed in the space-station-successor cohort post-Axiom/Vast. MIT-derived TESSERAE technology + Joe Landon (ex-Lockheed Martin Ventures, ex-Voyager Space) is the credibility stack. The ISS demo in early 2026 is the binary catalyst. Comp set thin: Axiom (private, $350M debt Feb-26), Vast (Series A in dataset $500M), Starlab; public: nil. Risk is whether self-assembly works at the claimed precision with electromagnetic formation flight.",https://www.media.mit.edu/articles/rendezvous-robotics-raises-funding-to-develop-technology-for-self-assembling-space-structures/
kreios-space,Kreios Space,Spanish VLEO-satellite startup developing ABEP (air-breathing electric propulsion) engines that enable satellites to operate between 150-400km altitude — three-times-sharper imagery and broadband direct-to-device connectivity. Two test satellites planned including world's first in-orbit ABEP demonstration.,Space,Earth Observation,,Pre-commercial,EU_Sovereign_Space;NATO_Strategic,Seed,venture,9.4,,2025-09-18,18-Sep-25,Sep-25,3Q25,2025,Spain (Vigo),NATO Innovation Fund,JOIN Capital,,"NATO Innovation Fund's first satellite investment, at €8M seed, is a strong sovereign-VLEO signal — VLEO is the structural answer to Starlink for European defense customers wanting sub-LEO resolution without Russian/Chinese exposure. Comp set: Univity (Series A in dataset $32M, similar VLEO 5G), Earth-i, satellogic (SATL); public comp set is essentially zero for VLEO. Catalyst is the ABEP demo flight — if it works, Kreios becomes Europe's structural answer to Starshield.",https://www.nif.fund/news/the-nato-innovation-fund-invests-in-kreios-space-to-bring-satellites-closer-to-earth-and-europe-closer-to-strategic-autonomy/
astradyne,Astradyne,"Bari-based Italian SpaceTech developing Solar-Z — ultralight foldable solar panels for satellites, plus parallel Solar-Y product line for terrestrial deployable PV. Targets TRL 9 via in-orbit LEO testing and satellite-integrator offtake agreements. Founded 2021.",Space,Space Components,,Pre-commercial,EU_Strategic_Tech,Seed,venture,2.4,,2025-09-26,26-Sep-25,Sep-25,3Q25,2025,Italy (Bari),Primo Capital,"Galaxia, Obloo Ventures, Eureka Fund I, Puglia Co-Investment Fund",,"Primo Capital (Italy's dedicated space-economy VC) lead at €2M for a foldable-PV startup with dual space + terrestrial product lines is one of the cleanest sole-source Italian-space seeds. Solar arrays are the most under-discussed bottleneck in the smallsat cost curve — every kg saved on PV unlocks more payload. Comp set thin: SolAero (acquired by Rocket Lab RKLB), Spectrolab (BA-owned); private: Solestial (Series A in dataset $17M). Catalyst is satellite-integrator design wins; risk is competing against vertically-integrated PV from Rocket Lab.",https://primo.capital/en/post/astradyne-raises-a-eur2-milion-seed-round-ultra-light-solar-power-for-the-new-space-economy
akashalabdhi,Akashalabdhi,"Indian space-habitat startup developing ANTARIKSHAB — expandable orbital structures for microgravity research, defense, and habitation use cases. Also developing inflatable solar arrays and analogue environment studies. Incubated at FSID (IISc) and TIDES (IIT Roorkee); KickSky Accelerator alumnus. Founded by Siddharth Jena.",Space,In-Orbit Services,,Pre-commercial,India_Make_In_India,Pre-Seed,venture,1.2,,2025-09-25,25-Sep-25,Sep-25,3Q25,2025,India (Bengaluru),"LVX, 1Crowd, Riceberg Ventures","Uday Chatterjee, Romesh Sobti, Suraj Nalin",,"$1.2M pre-seed with three-way VC lead (LVX/1Crowd/Riceberg) puts Akashalabdhi into India's emerging space-habitat thesis alongside Cosmoserve and Aule Space. Expandable habitats are structurally aligned with Sierra Space LIFE module + Bigelow legacy but at sub-1% the capital intensity. Comp set: Sierra Space (private $8B post-money), Vast (Series A $500M, Mar-26), Axiom (private). Catalyst is the MVP launch; risk is whether Indian launch capacity (PSLV/SSLV) can host the expanded form factor.",https://www.indianstartuptimes.com/investment/akashalabdhi-secures-1-2m-in-pre%E2%80%91seed-to-build-expandable-space-habitats-and-dual%E2%80%91use-defense-tech/
vyomic,VyomIC,"Chennai-based deeptech startup building India's first private LEO-PNT constellation — onboard atomic clocks, encrypted signal layers, AI-driven orbit determination for indoor/urban/contested-environment navigation as a GPS-alternative. Founded by IIT Madras alumni Lokesh Kabdal, Vibhor Jain, Anurag Patil.",Space,Satellite Communications,,Pre-commercial,India_Make_In_India;Sovereign_PNT,Pre-Seed,venture,1.6,,2025-09-22,22-Sep-25,Sep-25,3Q25,2025,India (Chennai),Speciale Invest,"BYT Capital, DeVC",,"Speciale Invest lead at INR 14Cr (~$1.6M) makes VyomIC India's most-credible LEO-PNT seed. Sovereign-PNT is the long-tail GPS-replacement market China (BeiDou), Russia (GLONASS), and Europe (Galileo) already monetize at $B-scale — India has been the conspicuous absence. Comp set: Xona Space Systems (Series C in dataset $170M), TrustPoint, Astranis (not PNT but private $1.2B raised). Catalyst is the spaceborne demo mission; risk is sovereign-PNT requiring 30+ satellites before usable signal coverage.",https://www.specialeinvest.com/post/our-investment-in-vyomic-rethinking-navigation-for-a-sovereign-autonomous-future
cosmoserve-space,Cosmoserve Space,Indian space-tech startup developing autonomous robotic spacecraft for orbital-debris mitigation. Founded by Dr. Chiranjeevi Phanindra (former ISRO scientist + Deputy Project Director of India's Gaganyaan human-spaceflight mission). Heavily oversubscribed pre-seed; LOIs include Skyroot co-founder Pawan Kumar Chandana as strategic backer.,Space,In-Orbit Services,,Pre-commercial,India_Make_In_India,Pre-Seed,venture,3.17,,2025-09-30,30-Sep-25,Sep-25,3Q25,2025,India (Hyderabad),Alan Rutledge,"AUM Ventures, Shakti VC, Ram Shriram",,"$3.17M pre-seed is among the largest concept-stage Indian space rounds disclosed. Ex-Gaganyaan deputy-project-director + Ram Shriram (early Google + Sequoia veteran) on the cap table is rarified validation for a pre-revenue founder team. Active-debris-removal is the under-funded twin to ISAM — Astroscale's market positioning but for distributed removal at scale. Comp set: ASTR (Astroscale, Tokyo public), ClearSpace (private CHF40M raised), Privateer (private). Catalyst is the first robotic-spacecraft demo and whether IN-SPACe certification accelerates.",https://www.indianstartuptimes.com/investment/cosmoserve-space-secures-3-17m-to-tackle-orbital-debris-with-robotic-spacecraft/
orbitaid-aerospace,OrbitAID Aerospace,"Chennai-based on-orbit-refueling startup developing the Standard Interface Docking and Refueling Port (SIDRP). Plans a miniature tanker satellite demo within 4 months of close, full tanker by 2027, and a deployed fuel-station network by 2030. Founded 2021 by Sakthikumar R, Nikhil Balasubramanian, Mano Balaji K.",Space,In-Orbit Services,,Pre-commercial,India_Make_In_India,Pre-Seed,venture,1.5,,2025-01-15,15-Jan-25,Jan-25,1Q25,2025,India (Chennai),Unicorn India Ventures,Tamil Nadu Startup and Innovation Mission,,"$1.5M pre-seed with a state-government co-investor (TANSIM) positions OrbitAID as Tamil Nadu's flagship space play — comparable to Karnataka's backing of Skyroot/Pixxel. Refueling-services market is structurally aligned with Spaceium (YC), Orbit Fab, and Liftero (Poland) — global TAM is ~$10B by 2030 per Astroscale estimates. SIDRP standard adoption is the leverage point. Comp set thin: ORF, Orbit Fab (private), Spaceium (YC seed in this list); public: nil. Catalyst is the miniature tanker demo and whether SIDRP becomes a de facto industry standard.",https://www.finsmes.com/2025/01/orbitaid-raises-1-5m-in-pre-seed-funding.html
titan4,Titan4,"Rome-based AI-driven Earth-intelligence platform. Integrates satellite data, ground sensors, and climate models to analyze infrastructure conditions (bridges, dams, water/energy/transport networks) and identify anomalies. Founded 2019; ESA BIC Lazio alumnus; spun out of ESA Earth-Observation HQ in Frascati.",Space,Earth Observation,,Pre-commercial,EU_Strategic_Tech;EU_NextGenerationEU,Seed (extension),venture,4.5,,2025-10-14,14-Oct-25,Oct-25,4Q25,2025,Italy (Rome),CDP Venture Capital,"Vertis (Vertis Venture 6 Digital South), Galaxia, Obloo Ventures",,"€4M extension led by CDP (Italy's sovereign-wealth-adjacent venture arm) with NextGenerationEU backing — explicitly classified as Series A by company but functionally a Seed-extension by ticket size. EO-as-infrastructure-monitoring is the post-Planet thesis: not selling pixels but selling integrity assessments for capital-asset operators. Comp set: Planet Labs (PL), BlackSky (BKSY), Satellogic (SATL); private: ICEYE, Capella. Catalyst is winning national-grid or rail infrastructure offtake — a deep-customer-validation play, not technology risk.",https://commercialisation.esa.int/2025/10/titan4-esa-bic-lazio-alumni-raises-e4-million-to-boost-predictive-infrastructure-monitoring/
bull-space,BULL,"Japanese space-sustainability startup spun out of ALE Co.'s 2022 debris-management-division divestiture. Develops Post-Mission Disposal — a thin-film membrane coating that creates drag, slowing satellites and accelerating natural deorbit. J-Startup public-private-partnership 5th-cohort selection. Founded by Yasuhito Uto.",Space,In-Orbit Services,,Pre-commercial,Japan_Space_Strategy_Fund,Seed,venture,2.5,,2025-11-25,25-Nov-25,Nov-25,4Q25,2025,Japan (Tokyo),Undisclosed,Undisclosed,,"Seed (third-party allotment + loans, exact composition undisclosed) makes BULL the only Japanese post-mission-disposal pure-play with a J-Startup designation. PMD-as-a-service is the structural offshoot of the active-debris-removal market — instead of removing existing debris, prevent future debris at the satellite-design stage. Comp set: Astroscale (ASTR Tokyo public), Privateer (private), ClearSpace (private). Catalyst is whether JAXA's debris-mitigation regulation mandates PMD-style devices on Japanese satellites — a regulatory tailwind catalyst, not a technology one.",https://bull-space.com/pr/pr_20251125
reditus-space,Reditus Space,"Atlanta-based reusable-spacecraft startup developing ENOS — a free-flying, reusable reentry vehicle with 40kg payload return capability. ""Microgravity-as-a-Service"" model targeting pharma, biotech, and semiconductor-substrate customers. Founded October 2024 by Stef Crum and Will Sherman, both Georgia Tech engineering grads. Y Combinator W25 cohort.",Space,In-Orbit Services,,Pre-commercial,None,Seed,venture,7.1,,2025-12-02,2-Dec-25,Dec-25,4Q25,2025,"USA (Atlanta, GA)","Y Combinator, Antler",Aera VC,,"$7.1M is the largest reusable-reentry-vehicle seed disclosed since Outpost ($7.1M, 2022) and Inversion ($10.2M, 2022). YC + Antler co-anchoring with a party-style cap table reflects YC's deepening space-thesis allocation (Apolink, Catalyx, Sophia all YC). Microgravity-as-a-Service competes structurally with Varda's pharma path but at 1/20th the burn — Reditus' 40kg payload is small enough to fly on rideshares. Comp set: Varda (private), Catalyx (in this list), Lux Aeterna (in this list), Orbital Paradigm (in this list). Catalyst: summer-2026 demo launch.",https://spacenews.com/reditus-space-joins-reusable-satellite-wave-with-7-million-seed-round/
fortastra,Fortastra,"California-based defense-space startup building maneuverable, resilient spacecraft for satellite-defense, defensive RPO, and assured mission execution. Founded 2025 in Torrance, CA. CEO Mike Smayda (5yrs SpaceX senior aerodynamics; Hermeus co-founder).",Space,In-Orbit Services,,Pre-commercial,US_DoD_Customer_Track;Space_Force_Strategic,Seed,venture,8.0,,2025-12-11,11-Dec-25,Dec-25,4Q25,2025,"USA (Torrance, CA)",Upfront Ventures,"Generational Partners, Forward Deployed VC, Bloomberg Beta, Wave Function Ventures",,"$8M seed for a year-old space-defense startup with a SpaceX+Hermeus-pedigreed CEO is the cleanest defense-space-pure-play seed since True Anomaly's 2022 raise. Pentagon's mounting urgency on orbital-defense capability (post-2024 Russian anti-sat doctrine) creates a 5-year demand catalyst. Comp set: True Anomaly (Series D in dataset $650M Apr-26 — i.e., 4yrs from seed-to-$2.2B-valuation), Apex (Series D), Anduril (private $30B). Catalyst is converting ""intent to procure"" into DoD prime-contract awards under SDA Tranche 3+ or Space Force NSSL Lane 1 adjacent.",https://payloadspace.com/fortastra-lands-8m-seed-to-develop-orbital-defense-sats/
eradrive,EraDrive,California-based Stanford spinoff developing software-hardware autonomy modules for satellites — enabling cooperative maneuvering using observational data to reduce collision risk. CEO Sumant Sharma; won $1M NASA contract. Plans to double headcount to 15.,Space,Space Components,,Pre-commercial,US_DoD_Customer_Track;NASA_Customer_Track,Seed,venture,5.3,,2025-12-16,16-Dec-25,Dec-25,4Q25,2025,USA (California),Haystack Ventures,"Harpoon Ventures, Brave Capital, Point Nine, 2100 Ventures, Entropy Industrial Capital",,"Stanford spinoff + NASA contract + Haystack lead at $5.3M oversubscribed positions EraDrive as the cooperative-autonomy edge-case to Slingshot/LeoLabs (which sense + warn, don't act) — EraDrive sells the responsive layer. As LEO traffic doubles by 2030 (Starlink + Kuiper + Guowang + Thousand Sails), autonomous evasion becomes table-stakes for any operator with >100 satellites. Comp set: Slingshot (private), LeoLabs (private), Privateer (private); public: nil yet. Catalyst is whether SDA-Tranche-3+ requires onboard autonomy.",https://spacenews.com/eradrive-raises-5-3-million-for-software-hardware-kits-to-enhance-satellite-autonomy/
diffraqtion,Diffraqtion,"Somerville, MA-based MIT/UMD spinout developing quantum-camera technology for satellite and telescope constellations. Claims up to 20x higher resolution + 1,000x faster processing vs conventional sensors. Founders: Johannes Galatsanos (CEO), Christine Wang (CTO), Prof. Saikat Guha (Chief Science Advisor). Galileo-1 launch 2028; second satellite 2029.",Space,Earth Observation,,Pre-commercial,US_DoD_Customer_Track;DARPA_Funded,Pre-Seed,venture,4.2,,2026-01-13,13-Jan-26,Jan-26,1Q26,2026,"USA (Somerville, MA)",QDNL Participations,"milemark capital, Aether VC, ADIN, Offline Ventures",,"$4.2M pre-seed (dilutive + DARPA SBIR Phase 2 non-dilutive) for an MIT+UMD quantum-imaging spinout is the rare quantum-sensing-for-space play with a Space Force SDA-TAP-Lab partnership. The 20x-resolution claim is the wedge — if validated at altitude, Diffraqtion eats Maxar's sub-meter market. Public comp set: MAXR.PR (Maxar private now), Planet (PL), BlackSky (BKSY). Private comp: Albedo. Risk is whether quantum imaging scales beyond benchtop physics; catalyst is the 2026 on-sky demo at UC Lick Observatory.",https://www.prnewswire.com/news-releases/diffraqtion-raises-pre-seed-to-build-quantum-camera-enabled-satellite-and-telescope-constellations-302659776.html
aule-space,Aule Space,"Bengaluru-based satellite life-extension startup developing autonomous ""jetpack"" satellites that dock with and maintain GEO satellites — extending operational life by up to 6 years. Differentiator: non-cooperative docking for legacy/unprepared satellites. Founded 2024.",Space,In-Orbit Services,,Pre-commercial,India_Make_In_India,Pre-Seed,venture,2.0,,2026-01-15,15-Jan-26,Jan-26,1Q26,2026,India (Bengaluru),pi Ventures,"Eash Sundaram, Arvind Lakshmikumar",,"$2M pre-seed for India's first GEO-satellite-life-extension play, with ex-Intelsat board member Sundaram as a key angel, is the rare strategic-angel signal that elevates a pre-seed to a credible go-to-market thesis. GEO life-extension is the highest-ARPU corner of ISAM — Northrop Grumman MEV demonstrated $13M/year contracts for Intelsat-901 servicing. Comp set: Astroscale (ASTR), Northrop Grumman MEV, InspeCity (in this list). Catalyst is the demonstration satellite launch; risk is whether non-cooperative docking (no GEO satellite was built for it) physically works.",https://payloadspace.com/aule-space-raises-2m-to-build-life-extension-jet-packs/
the-compression-company,The Compression Company,"UK/US SpaceTech building AI-driven onboard satellite-data compression — claims >95% file-size reduction and context-aware compression (heavy on clouds, full fidelity on tracked objects). Entrepreneurs First alumnus; founded by Michael Stanway (CEO) and Joe Griffith (CTO), Imperial College neurotech researchers. First orbital deployment Q1 2026.",Space,Space Components,,Pre-commercial,None,Pre-Seed,venture,3.4,,2026-02-12,12-Feb-26,Feb-26,1Q26,2026,UK (London),Long Journey Ventures,Undisclosed,,"Long Journey (early SpaceX, Uber, Anduril backer) leading a $3.4M pre-seed is the highest-pedigree compression-onboard seed disclosed — data egress is one of the under-discussed bottlenecks in the orbital-data thesis. If even 50% of the EO market adopts smart-compression, it adds 5-10x effective downlink bandwidth without buying more spectrum. Comp set: Planet's onboard processing, Maxar, BlackSky; private: Edgx (in this list), Sophia Space (Seed in dataset). Risk: encoder lock-in is sticky once flown; catalyst is the Q1-26 orbital deployment going live.",https://www.satellitetoday.com/imagery-and-sensing/2026/02/12/the-compression-company-announces-3-4m-pre-seed-round-led-by-long-journey/
isptech,ISPTech,"Karlsruhe, Germany-based green-propulsion startup spun out of German Aerospace Center (DLR) in 2023. Produces two thruster classes: HyNOx (nitrous oxide + ethane bipropellant for smallsats) and HIP_11 (hypergolic system with hydrogen peroxide + ionic liquid for larger spacecraft). Plans to scale output from handfuls to dozens of units/year by 2030. Founded by Lukas Werling and Felix Lauck.",Space,Space Components,,Pre-commercial,EU_Strategic_Tech;Germany_BMWK_Aligned,Seed,venture,5.8,,2026-02-27,27-Feb-26,Feb-26,1Q26,2026,Germany (Karlsruhe),Join Capital,"High-Tech Gründerfonds, Faber, First Momentum Ventures, Lightfield Equity, Final Frontier Liftoff, DLR, Start-up BW Seed Fonds",,"Join Capital leading €5.5M seed with HTGF and the DLR (Germany's NASA equivalent) anchors ISPTech as Germany's national green-propulsion champion — directly competing with Phase Four (USA), Magdrive (UK, in this list), Bellatrix (India). The dual-thruster portfolio (CubeSat-class HyNOx + larger-spacecraft HIP_11) hedges customer segment risk. Public comp set: thin; private: Magdrive (in this list), Phase Four. Catalyst is the 2026 first-customer smallsat flight; risk is whether ESA's preferred-supplier processes lock incumbents like Avio (AVIO IM) or Safran out of new entrants.",https://spacenews.com/isptech-raises-e5-5m-seed-round-to-redefine-how-spacecraft-manoeuvre-in-orbit/
lux-aeterna,Lux Aeterna,"Denver, CO-based reusable-satellite-bus startup. Delphi spacecraft (~200kg, ~25% payload mass fraction) targets Q1 2027 demo mission with payload recovery at Australia's Koonibba Test Range via Southern Launch. Long-term: 15-flight reusability. Follow-on to Jun-25 pre-seed.",Space,In-Orbit Services,,Pre-commercial,US_DoD_Customer_Track,Seed,venture,10.0,,2026-03-10,10-Mar-26,Mar-26,1Q26,2026,"USA (Denver, CO)",Konvoy Ventures,"Decisive Point, Cubit Capital, Wave Function Ventures, Space Capital, Dynamo Ventures, Channel 39",,"$10M seed (after the Jun-25 $4M pre-seed) puts Lux Aeterna at $14M total raised pre-flight — comparable to Outpost's pre-flight position 12 months before its first reentry attempt. Konvoy's lead is unusual (a gaming-VC pivoting into space) but Space Capital + Dynamo follow-on signals continued institutional confidence. Comp set: Outpost (private), Reditus (in this list), Catalyx (already in dataset); public: thin. Binary catalyst is the Q1-27 SpaceX rideshare flight — if Delphi survives reentry and recovers, the reusable-bus market opens at full TAM.",https://payloadspace.com/lux-aeterna-closes-10m-seed-to-build-reusable-sats/
airmo,AIRMO,German methane-monitoring SpaceTech (Berlin + Luxembourg). Building the world's first active spaceborne greenhouse-gas monitoring instrument — combining SWIR imager with micro-LiDAR. Founded 2022 by Daria Stepanova (rocket scientist; 12 prior satellite launches). ESA-backed (€3.7M ESA contract part of 2023 pre-seed). First satellite launch Q2 2027.,Space,Earth Observation,,Pre-commercial,EU_Methane_Regulation;EU_NextGenerationEU,Seed,venture,5.8,,2026-03-12,12-Mar-26,Mar-26,1Q26,2026,Germany (Berlin),Ananda Impact Ventures,"Unconventional Ventures, Kopa Ventures, Desai Ventures, Hypernova, New Venture Securities, Matthias Fackler, Francesco Starace, Antler, Findus Venture, E2MC, Pi Labs",,"€5M seed with two EQT partners on the cap table (rare for €5M-stage rounds) anchors AIRMO as Europe's leading methane-monitoring play — directly competing with MethaneSAT (EDF, US, nonprofit-funded) and Kayrros. Methane regulation (EU MRR, US EPA Subpart W, IMEO) creates a 2026-2030 compliance market measured in tens of billions. Comp set: GHGSat (private), Kayrros (private); public: thin. Catalyst is the 2027 satellite launch and whether AIRMO captures the regulated-monitoring market vs free-data nonprofit alternatives.",https://payloadspace.com/airmo-raises-e5m-for-methane-monitoring-sats/
mantis-space,Mantis Space,"Albuquerque, NM-based orbital-energy infrastructure startup. Building constellation of laser-power-beaming satellites that stay in continuous sunlight and transmit power to customer spacecraft temporarily in eclipse. Targets 20-30% generation efficiency boost via wavelength-tuned lasers. First launch 2028. Founders Wyman Howard III, Eric Truitt, Jeremy Scheerer.",Space,Space Components,,Pre-commercial,US_DoD_Customer_Track;NM_State_Aid,Seed,venture,10.0,,2026-03-12,12-Mar-26,Mar-26,1Q26,2026,"USA (Albuquerque, NM)",Rule 1 Ventures,Montauk Capital,,"$10M seed (oversubscribed) plus $24M NM/Albuquerque cash + tax incentive package is the largest combined seed + state-aid package in this entire sweep. Power-beaming-as-a-service is the under-discussed orbital infrastructure layer — every LEO satellite spends ~30% of orbital time in shadow, currently relying on batteries. Comp set: thin (no public comps for orbital power-beaming); private: Star Catcher Industries, Solestial (Series A in dataset $17M as a panel play). Catalyst is the 2028 launch demonstrating laser power transfer at orbital distances; risk is whether laser-to-PV efficiency holds at km-scale separations.",https://payloadspace.com/mantis-space-emerges-from-stealth-with-10m-seed/
satellites-on-fire,Satellites on Fire,"Argentine climate-tech startup founded 2020 by three Argentine secondary-school students. AI-powered wildfire detection platform integrating satellite imagery from NASA/NOAA/ESA (8+ satellites, 5-min update cadence), tower cameras, fire-propagation modeling, real-time alerts. Detects fires ~35min ahead of NASA FIRMS. AON insurance using for LATAM forestry-portfolio risk; partnership with Watch Duty in US.",Space,Earth Observation,,Pre-commercial,None,Seed,venture,2.7,,2026-04-06,6-Apr-26,Apr-26,2Q26,2026,Argentina (Buenos Aires),Dalus Capital,"Draper Associates, Draper Cygnus, AIR Capital, Antom VC, Avesta Fund, Embarca Tech, Gain VC, Innventure, Reciprocal, Savia Ventures, VitaminC, Zenani Capital",,"$2.7M LATAM-led seed for an AI-EO-application startup is the rare wildfire-tech play with verifiable performance advantage vs NASA FIRMS (35-min head start, 600+ fires managed). Insurance underwriting is the cleanest monetization path — AON already integrating. Comp set: Pano AI (Series B private), GeoWildfire, ALERTCalifornia; public: thin (insurance-tech overlap with VRSK and CRBG). Catalyst is the US expansion converting from pilot to recurring SaaS revenue; risk is satellite-data-cost economics if NASA FIRMS gets faster.",https://thenextweb.com/news/satellites-on-fire-wildfire-ai-raises-2-7m
satleo-labs,SatLeo Labs,"Ahmedabad-based Indian SpaceTech building multi-spectral satellite constellation combining thermal (IR) + visible imaging for Earth observation. Applications: defense, agriculture, disaster response, urban climate intelligence. TAPAS-1 thermal payload integrated for first launch. LOIs grew from $15M to $42M YoY. Cumulative funding $5.5M post-round.",Space,Earth Observation,,Pre-commercial,India_Make_In_India,Seed,venture,2.2,,2026-04-06,6-Apr-26,Apr-26,2Q26,2026,India (Ahmedabad),Unicorn India Ventures,"Merak Ventures, Java Capital, IIMA-CIIE, Manish Gandhi",,"$2.2M seed (post-prior $3.3M pre-seed — total $5.5M) makes SatLeo the most-funded Indian thermal-EO play. Thermal-IR + visible multi-spectral is the differentiated wedge against Planet's RGB and Pixxel's hyperspectral focus — and the urban-heat-island / methane-leak application is well-aligned with India's environmental-monitoring policy. Comp set: Pixxel (private, $95M+ raised), Albedo (Series A in dataset $35M), constellr (Series A in dataset $44M); public: PL, BKSY. Catalyst is TAPAS-1 launch readiness and conversion of LOIs to commercial revenue.",https://www.indianweb2.com/2026/04/satleo-labs-secures-22m-to-advance-ai.html
spaceflux,Spaceflux,"London-based SDA startup (see seed-round entry). Extension brings total seed-round funding to £9M / ~$12M. SPARX Asset Management (Tokyo, Space Frontiers Fund II) joins as new Japanese strategic investor. Capital supports global expansion of AI-powered space-intelligence products.",Space,Ground Systems & Antennas,,Pre-commercial,UK_National_Strategic_Capability;Japan_AUKUS_Aligned,Seed (extension),venture,4.7,,2026-04-27,27-Apr-26,Apr-26,2Q26,2026,UK (London),Blackfinch Ventures,"SPARX Asset Management, Foresight Group, UK Innovation & Science Seed Fund",,"£3.5M extension at ~$4.7M brings Spaceflux total seed funding to £9M / ~$12M — the largest UK SDA seed-stack. Adding SPARX (Tokyo) as a new strategic investor opens the Japan + AUKUS allied-space-intelligence customer corridor that Slingshot Aerospace and HawkEye 360 have not yet captured. Comp set: HawkEye 360 (Series E in dataset $150M, large gap upstream), LeoLabs (private), Slingshot (private). Catalyst is whether the NSpOC contract expansion + Japan partnership unlock the $100M+ Series A window.",https://europeanspaceflight.com/spaceflux-extends-funding-round-bringing-total-to-9-million/
bioorbit,BioOrbit,London-based in-space pharmaceutical-manufacturing startup. BOX (microwave-sized autonomous manufacturing unit) flies to space and produces crystallized cancer-drug formulations inside a reentry vehicle or commercial space station. Targets anti-cancer-antibodies reformulation from IV to self-injectable subcutaneous. First BOX flew on The Exploration Company's Nyx demonstrator; second mission 2026; up to two missions 2027. Founded 2023 by Dr. Katie King.,Space,In-Orbit Services,,Pre-commercial,UK_National_Strategic_Capability,Seed,venture,12.2,,2026-04-30,30-Apr-26,Apr-26,2Q26,2026,UK (London),"LocalGlobe, Breega","Auxxo, Seedcamp, Type One Ventures, 7percent Ventures",,"£9.8M seed (~$12.2M) is the largest disclosed in-space-manufacturing seed in history — comparable to Varda's Series A trajectory. The pharma-reformulation thesis (microgravity yields more uniform protein crystals → IV-to-subcutaneous conversions for marketed antibodies) is the highest-NPV in-space-manufacturing application versus semiconductors or fiber optics. Comp set: Varda (private, Series C $187M in dataset), Lambda Vision (private), Microgravity Lab; public: thin pharma + space overlap. Catalyst is whether the 2026-27 BOX missions produce marketable crystallized API; risk is regulatory approval pathway for space-produced pharma.",https://payloadspace.com/bioorbit-raises-9-8m-seed-to-manufacture-cancer-drugs-in-orbit/
moonwatt,Moonwatt,"Designs sodium-ion battery energy storage systems integrated with solar power plants. Goal: lift solar capacity factors to 80% by storing daytime production for dispatch in peak hours, using abundant sodium chemistry instead of lithium.",Materials,Battery Materials,Upstream Materials,Pre-commercial,EU_CRMA,Seed,venture,8.3,,2025-03-03,3-Mar-25,Mar-25,1Q25,2025,Netherlands (Amsterdam),"Daphni, LEA Partners","Founders Future, AFI Ventures, Kima Ventures",,"€8M Daphni/LEA-led seed is the cleanest Dutch sodium-ion BESS comparable in the public-market thinness pre-stationary-deployment. Comp set: HiNa Battery (private CN) and CATL (300750 CH) on the sodium-ion chemistry side; on listed solar-plus-storage developers, NextEra (NEE) and Enphase (ENPH). Moonwatt's bet is structural — sodium beats lithium on $/kWh for stationary if cycle-life closes the gap. Binary: first pilot deployment in 2026 has to clear 5,000+ cycle threshold to draw Series A.",https://techcrunch.com/2025/03/03/moonwatt-secures-8-3m-to-dial-up-solars-staying-power-with-sodium-ion-storage/
homeostasis,Homeostasis,"Converts captured CO₂ into synthetic battery-grade graphite using a proprietary electrochemical reactor (Lombardi Reactor) that splits CO₂ into carbon and oxygen, building graphite crystals from the carbon. Targets US graphite-supply dependency on Chinese imports for batteries and nuclear.",Materials,Battery Materials,Upstream Materials,Pre-commercial,US_Critical_Minerals_List;US_DOE_LPO_Eligible,Pre-Seed,venture,1.2,,2025-03-17,17-Mar-25,Mar-25,1Q25,2025,"USA (Tacoma, WA)",Shakopee Mdewakanton Sioux Community,"Kayak Ventures, Washington Department of Commerce (Climate Commitment Act non-dilutive grant — $600K of the $1.2M), Angel investors",,"$1.2M pre-seed (half non-dilutive WA-state grant) is too small to comp publicly, but the strategic frame is interesting: US graphite is on the Critical Minerals List with ~95% Chinese-controlled supply, and DOE LPO has graphite carve-outs. Comp set: Novonix (NVX AU), Westwater (WWR), GrafTech (EAF) for graphite production, and KoBold Metals on AI-driven extraction. Tribal-fund leading the dilutive portion is unusual — signals a sovereign-pool capital novelty. Binary catalyst is the Aramco LAB7 partnership announced Dec-2025 maturing to commercial pilot.",https://www.prnewswire.com/news-releases/homeostasis-raises-1-2m-to-synthesize-american-made-graphite-from-waste-co2--302402454.html
nascent-materials,Nascent Materials,"Develops a pCAM-free cathode manufacturing process for lithium-ion batteries — bypasses the precursor cathode active material step, producing CAM in a modular system with lower energy intensity and reduced supply-chain dependency on China.",Materials,Battery Materials,Upstream Materials,Pre-commercial,US_Critical_Minerals_List,Seed,venture,2.3,,2025-06-25,25-Jun-25,Jun-25,2Q25,2025,"USA (Newark, NJ)",SOSV,"New Jersey Innovation Evergreen Fund, UM6P Ventures",,"$2.3M SOSV-led seed is small but the pCAM-free angle is a real differentiator versus the conventional precipitation-pyrolysis route that dominates CAM today. Comp set: Mitra Chem (private, BEV-backed), Sila Nanotechnologies (private, $1.4B raised), and listed pure-plays Novonix (NVX AU) and Talon Metals (TLO TSX). With Chinese CAM controlling ~85% global, every domestic startup has tailwind from IRA. Binary: scaling pCAM-free chemistry to commercial-spec kg batches without yield drop versus established BTR / Ronbay processes.",https://www.nascentmaterials.com/news/nascent-raises-2-3m-seed-funding/
material-inc,MATERIAL,"3D-prints custom-form-factor lithium-ion batteries — anode, cathode, separator and casing all printed inside a single Hybrid3D platform container. Initial customer focus on defense drones, with consumer electronics, robotics, and mobility downstream.",Materials,Battery Materials,Upstream Materials,Pre-commercial,US_DOE_LPO_Eligible,Seed,venture,7.1,,2026-01-14,14-Jan-26,Jan-26,1Q26,2026,"USA (Miami, FL)","Outlander Ventures, Harpoon Ventures","GoAhead Ventures, Myelin VC, Demos Capital, Giant Step Capital",,"$7.1M Outlander/Harpoon-led seed sits at the intersection of form-factor freedom and defense-drone offtake — Harpoon's national-security thesis signals DoD pull-through. Comp set: Sakuu (private) on dry-printed batteries, Cuberg (Northvolt-acquired) on lithium-metal, and listed Energizer Holdings (ENR) and Spectrum Brands (SPB) on consumer-battery form factors. The 3D-print conformal battery angle is a genuinely differentiated wedge but production economics versus 18650/4680 cells stay binary until 2027. Defense pull is the near-term catalyst.",https://refreshmiami.com/news/material-raises-7-1m-to-reshape-how-batteries-are-made/
emerald-battery-labs,Emerald Battery Labs,Develops sodium-ion battery chemistry as a domestic-supply alternative to lithium for stationary storage and certain mobility segments. Uses table-salt-derived sodium chemistry to avoid lithium-supply-chain dependency.,Materials,Battery Materials,Upstream Materials,Pre-commercial,US_Critical_Minerals_List,Pre-Seed,venture,1.1,,2026-02-15,15-Feb-26,Feb-26,1Q26,2026,"USA (Seattle, WA)",Undisclosed,Undisclosed,,"$1.1M pre-seed is sub-scale on its own, but the Seattle-based sodium-ion angle has structural tailwind: lithium is on the Critical Minerals List, sodium is abundantly available domestically, and Bedrock Materials' April-2025 shutdown left a North American sodium-ion gap. Comp set: HiNa Battery (private CN), CATL (300750 CH) on sodium chemistry; Northvolt (private SE pre-bankruptcy) on integrated cells. Date approximate; primary source paywall-protected; flagged source_status pending pending direct verification.",https://www.geekwire.com/2026/the-race-to-replace-lithium-seattle-startup-lands-funding-for-salt-powered-battery-technology/
hades-mining,Hades Mining,"Builds drilling and ultra-deep subsurface access systems to extract critical minerals (lithium, copper, REE) and tap geothermal energy from reserves kilometers underground. Vertically integrated: licensing through production using in-situ recovery to minimize surface disturbance.",Materials,Rare Earths & Critical Minerals,Upstream Materials,Pre-commercial,EU_CRMA,Pre-Seed,venture,6.0,,2025-08-20,20-Aug-25,Aug-25,3Q25,2025,Germany (Munich),Project A,"Visionaries Tomorrow, Founders Factory (Rio Tinto-backed Venture Fund), Florian Seibel, Roman Hölzl, Daniel Wiegand, Moritz von der Linden, Hélène Huby, Chris O'Connor, Nicolas Burkardt, Viessmann Generations Group",,"€5.5M Project-A-led pre-seed at the stealth stage with Rio Tinto's Founders Factory and German deep-tech founder syndicate (Quantum Systems, Marvel Fusion, Lilium, RobCo) is a heavyweight cap-table for pre-seed. Comp set: KoBold Metals (private, $537M Series C) on AI-driven exploration, Lithium Americas (LAC) and MP Materials (MP) on US-listed primary-extraction, Eavor (private) on closed-loop geothermal. Hades's wedge is depth + in-situ — the binary is whether vertical drilling/recovery economics compress at >5km vs. surface mining capex. Munich + EU CRMA tailwind for domestic European supply.",https://tech.eu/2025/08/20/hades-mining-emerges-from-stealth-with-eur55m-pre-seed-funding/
chemfinity-technologies,ChemFinity Technologies,"Develops sorbent-based mineral recovery technology that selectively extracts over 20 different critical minerals from complex industrial waste streams at low cost. Targets battery metals, REE, and platinum-group metals out of tailings, recycling streams, and brines.",Materials,Rare Earths & Critical Minerals,Upstream Materials,Pre-commercial,US_Critical_Minerals_List,Seed,venture,7.0,,2025-08-19,19-Aug-25,Aug-25,3Q25,2025,USA,"At One Ventures, Overture Ventures","Closed Loop Ventures Group, Pace Ventures, WovenEarth Ventures, Climate Capital",,"$7M At-One/Overture-co-led seed lands in the selective-sorbent niche — distinct from Alta's protein binding and Endolith's microbial extraction. Comp set: MP Materials (MP) and Energy Fuels (UUUU) on listed REE; Phoenix Tailings (private) and Cyclic Materials (private) on tailings-recovery; KoBold (private) on AI exploration. The ""20-mineral selective"" claim is technically aggressive — most sorbent systems optimize for 1-3 targets. Binary: whether multi-target sorbent chemistry maintains separation factors at industrial flow rates. At One's climate-deep-tech mandate is the relevant signal.",https://finance.yahoo.com/news/chemfinity-technologies-raises-7m-unlock-130200567.html
carbonyx,Carbonyx,"Vancouver-based startup that extracts usable critical-mineral materials from mining, construction, and manufacturing waste streams. Prototype device induces accelerated electrochemical rock-mineralization reactions with electricity and water to mimic natural carbon-capturing rates.",Materials,Rare Earths & Critical Minerals,Upstream Materials,Pre-commercial,None,Pre-Seed,venture,0.85,,2025-09-15,15-Sep-25,Sep-25,3Q25,2025,"Canada (Vancouver, BC)",Undisclosed,Undisclosed,,"C$1.2M pre-seed sub-million USD is sub-scale by US comp; but Carbonyx's value prop is dual — mineral extraction + carbon sequestration via mineralization. Comp set: Heirloom Carbon (private, $54M Series A) and 8 Rivers (private) on mineralization-style DAC; Phoenix Tailings on REE-from-tailings; CarbonCure (private) on cementitious carbonation. Sub-million USD pre-seed at this stage suggests reliance on Canadian provincial grants and SDTC mechanisms; binary catalyst is demonstration of carbon-capture rate at industrial throughput. flagged source_status pending pending paywall-blocked primary URL retrieval.",https://betakit.com/carbonyx-raises-1-2-million-to-turn-mining-waste-into-usable-materials/
queens-carbon,Queens Carbon,"Develops Q-System platform for carbon-neutral cement manufacturing. Uses thermochemical process to displace traditional clinker-firing kilns, producing cement at competitive cost without thermal-energy emissions. Buzzi Unicem strategic partnership signals industrial-cement offtake intent.",Materials,Structural Materials,Upstream Materials,Pre-commercial,US_DOE_LPO_Eligible,Seed,venture,10.0,,2025-04-30,30-Apr-25,Apr-25,2Q25,2025,USA,Clean Energy Ventures,"Plug and Play, Clean Energy Venture Group, Buzzi Unicem USA",,"$10M Clean-Energy-Ventures-led seed brings total raised to ~$30M including the $14.5M ARPA-E grant — Queens Carbon is among the better-capitalized seed-stage cement-decarb startups. Comp set: Sublime Systems (private, ~$200M raised) on electrolytic cement; Terra CO2 (private, Cemex-backed); listed Heidelberg Materials (HEI GR), Holcim (HOLN SW), CRH (CRH). The Buzzi Unicem co-investor signals industrial-offtake intent, not financial bet — same playbook as CRH-Sublime. Binary: pilot-plant scaleup demonstrating <$10/t green premium.",https://cleanenergyventures.com/clean-energy-venture-capital/queens-carbon-seed-round-low-carbon-cement/
sequestra,Sequestra,"Vienna-based startup using machine-learning-optimized CO₂ mineralization to lock carbon into solid stone-like carbonates by reacting CO₂ with mineral-rich industrial residues (slag, steelmaking byproducts). Combines waste-stream monetization with carbon storage.",Materials,Structural Materials,Upstream Materials,Pre-commercial,EU_CRMA,Seed,venture,3.3,,2026-03-19,19-Mar-26,Mar-26,1Q26,2026,Austria (Vienna),VSE Beteiligungs-GmbH,"Dr. Rudolf Fries Familien-Privatstiftung, Carbon Drawdown Initiative",,"€3M VSE-led seed brings Sequestra's total stack to ~€5M including grants — small but the slag-input chemistry is genuinely differentiated. Comp set: Carbon Upcycling (private CAD), Heirloom Carbon (private), CarbonCure (private) on mineralization-style sequestration; listed Holcim (HOLN SW), CRH (CRH), Heidelberg Materials (HEI GR) on incumbent cement. Sequestra's ML-driven carbonation reaction-time compression (hours vs. months) is the technical hook; binary catalyst is industrial-scale steelmaker partnership (voestalpine, ArcelorMittal). Austrian deep-tech-fund-only cap-table signals regional capital strategy.",https://www.eu-startups.com/2026/03/austrias-sequestra-secures-e3-million-seed-to-scale-its-co2-mineralisation-technology-for-industrial-use/
cambridge-electric-cement,Cambridge Electric Cement,Cambridge-University spinout producing low-carbon recycled cement by reactivating waste cement paste inside electric arc furnaces used in steel recycling. First commercial integration of cement and steel recycling streams into a single thermal process.,Materials,Structural Materials,Upstream Materials,Pre-commercial,EU_CRMA,Seed,venture,2.87,,2025-06-12,12-Jun-25,Jun-25,2Q25,2025,United Kingdom (Cambridge),Zero Carbon Capital,"Legal & General, Cambridge Enterprise Ventures, Parkwalk Advisors, Delph25, Almanac Ventures",,"£2.25M Zero-Carbon-Capital-led seed is small but the structural play is unusual — Cambridge Electric Cement piggybacks on steel-EAF infrastructure rather than building dedicated cement kilns, which compresses capex versus Sublime Systems (private, ~$200M raised) and Brimstone (private). Comp set: listed Holcim (HOLN SW), Heidelberg Materials (HEI GR), CRH (CRH); private Brimstone, Sublime, Queens Carbon. The Legal & General cornerstone is the relevant institutional anchor signaling UK pension-fund commercialization interest. Binary: EAF-cement integration at commercial steel-recycling scale.",https://cambridgeelectriccement.com/university-of-cambridge-spin-out-cambridge-electric-cement-cec-raises-2-25m-seed-fund/
pluralis-research,Pluralis Research,"Builds ""Protocol Learning"" — a decentralized large-language-model training stack that runs across globally distributed GPU compute, allowing smaller teams to train foundation-grade models without single-cloud dependency. Crypto-economic incentives govern compute contribution and model co-ownership.",Token,Decentralized AI / DePIN,Software & Services,Pre-commercial,None,Seed,venture,7.6,,2025-03-19,19-Mar-25,Mar-25,1Q25,2025,Australia (Melbourne),"Union Square Ventures, CoinFund","Topology, Variant, Eden Block, Bodhi Ventures, Balaji Srinivasan, Clem Delangue",,"$7.6M USV/CoinFund co-led seed lands Pluralis among the first-wave decentralized-training comp set — Nous Research (private, $50M Paradigm-led, ~$1B token valuation), Prime Intellect (private, $5.5M seed plus rumored $15M Jan-2025 follow-on), Gensyn (in dataset, $43M Series A May-2023). Compared to public DePIN incumbents Bittensor (TAO) and Render (RNDR), Pluralis sits earlier on the training-vs-inference axis. Variant's involvement signals crypto-native conviction; Balaji + Hugging-Face CEO angels lend technical credibility. Binary catalyst is whether protocol-learning training runs match centralized-cloud throughput per dollar at >1B-parameter scale.",https://www.globenewswire.com/news-release/2025/03/19/3045635/0/en/Pluralis-Research-Pioneers-Protocol-Learning-to-Scale-Decentralized-AI-Announces-7-6M-Seed-Round-Led-by-USV-and-CoinFund.html
mira-network,Mira Network,"Decentralized AI verification network — trustlessly validates AI model outputs and agent actions in real-time using distributed GPU compute via partnerships with io.net, Aethir, Hyperbolic, Spheron, exaBITS. Targets the hallucination-detection and AI-safety verticals.",Token,Decentralized AI / DePIN,Software & Services,Pre-commercial,None,Seed,venture,9.0,,2025-01-30,30-Jan-25,Jan-25,1Q25,2025,USA,"Bitkraft Ventures, Framework Ventures",,,"$9M Bitkraft/Framework co-led seed pegs Mira against the verifiable-AI-output cohort — OpenGradient (private, $9.5M raised), Inference Labs (private, $6.3M strategic), and Ritual (in dataset, $25M seed Nov-2023). Compared to incumbents Render (RNDR) and Bittensor (TAO), Mira sits on the verification/coordination layer rather than raw compute supply. Framework Ventures backing signals DeFi-style coordination mechanism conviction. Binary catalyst is whether verifier-network economics close once first AI-agent enterprise contract signs. flagged source_status pending pending The Block primary-URL access verification.",https://www.theblock.co/post/305596/crypto-ai-startup-mira-seed-funding
general-tensor,General Tensor,"Toronto-based vertical operator on Bittensor — runs miners and validators on multiple subnets, develops subnet-specific software, and creates DeFi applications on top of TAO. Generates TAO via integrated operations rather than secondary purchase, achieving lower cost basis than market acquisition.",Token,Decentralized AI / DePIN,Software & Services,Pre-commercial,None,Seed,venture,5.0,,2026-03-13,13-Mar-26,Mar-26,1Q26,2026,Canada (Toronto),Good Morning Holdings,"Lvna Capital (pre-seed lead), Digital Currency Group, X Ventures, Proof of Talk, Outliers Fund, Goldman Sachs (LP in lead)",,"$5M Good-Morning-Holdings/Goldman-Sachs-LP-led combined pre-seed+seed at $25M-$75M valuation step is meaningful for a Bittensor infrastructure operator. Comp set: TAO Synergies (NASDAQ-listed parent BLBD), Inference Labs (private, $6.3M strategic), Ritual (in dataset, $25M seed); on listed-DePIN side Bittensor (TAO ~$3B FDV) and Render (RNDR). General Tensor's vertical-mining angle is a real economic edge — TAO emissions accrue to operators with technical/op-ex advantage, not passive token holders. Binary: subnet performance versus peers as dynamic-TAO sub-economies bifurcate.",https://pulse2.com/general-tensor-5-million-raised-for-decentralized-ai-infrastructure-on-bittensor/
deepnode-ai,DeepNode AI,Decentralized AI inference network on Base (Coinbase L2) — turns idle global GPUs into a trustless marketplace for sub-cent AI inference via Proof-of-Work Relevance (PoWR) consensus. Targets AI developers seeking cheaper inference than centralized cloud.,Token,Decentralized AI / DePIN,Software & Services,Pre-commercial,None,Seed,venture,2.0,25.0,2025-12-05,5-Dec-25,Dec-25,4Q25,2025,Undisclosed,Undisclosed,"WildSageLabs (RoundTable21), Rizzo (DNA), Gateway.FM",,"$2M seed at $25M post-money (+$3M strategic round at $75M back-to-back) shows DeepNode is doing community-distributed-fundraise on top of small institutional check — a pattern emerging across L2-native DePIN. Comp set: io.net (private, $40M raised), Aethir (Series A-level), Hyperbolic (Series A, Variant-backed), Akash (decentralized public network); on the listed side Bittensor (TAO) and Render (RNDR). DeepNode's Base/Coinbase L2 anchor is the relevant differentiator — sub-$0.01 transaction costs make per-inference-call economics work. Binary: mainnet launch and per-call cost vs. AWS Inferentia / centralized inference price floors.",https://crypto.news/deepnode-raises-5m-to-build-decentralized-ai-on-base/
acurast,Acurast,Swiss DePIN turning smartphones into a decentralized confidential-compute network. Phones contribute CPU/GPU cycles via TEE-secured execution layer; developers deploy workloads cryptographically verifiable. Mainnet launched Nov-2025 with $ACU token.,Token,Decentralized AI / DePIN,Software & Services,Pre-commercial,None,Seed,venture,11.0,,2025-11-13,13-Nov-25,Nov-25,4Q25,2025,Switzerland,Undisclosed,"Gavin Wood, Leonard Dörlochter (peaq), Michael van de Poppe, Scytale Digital, Ogle (GlueNet), Vineet Budki (Sigma Capital), Tezos Foundation",,"$11M cumulative across 2023-2025 (including a $5.4M public token sale May-2025) is consolidated as a Seed-equivalent — Acurast's smartphone-compute thesis is genuinely novel in DePIN. Comp set: io.net (private, $40M, GPU-side), Render (RNDR, GPU rendering), Hivemapper-Bee Maps (private, $32M, dashcam DePIN), Helium (HNT, IoT radio); peaq (in dataset, $15M Pre-Series A Mar-2024) on the machine-economy adjacency. Gavin Wood backing + Tezos Foundation lends Polkadot-/Tezos-ecosystem distribution. Binary: $ACU emission curve vs. 146k+ phone supplier economics at mainnet scale. No clear ""lead"" in primary source — co-investors recorded per Rule 8.",https://tech.eu/2025/11/13/acurast-raises-11m-to-launch-the-worlds-first-smartphone-powered-compute-network/
azen,aZen,"Decentralized AI-native compute infrastructure for Web 3.0. Onboards mobile-device users (600K+ at announcement) and aggregates idle device compute into a DePIN for AI workloads. Targets the ""AI for everyone"" thin-client distribution edge.",Token,Decentralized AI / DePIN,Software & Services,Pre-commercial,None,Seed,venture,1.2,,2025-05-02,2-May-25,May-25,2Q25,2025,Undisclosed (Asia-Pacific likely),Waterdrip Capital,"DWF Ventures, Rootz Labs, Mindfulness Capital, Attention Ventures, DePIN-X, ODIG",,"$1.2M Waterdrip-led seed is sub-scale but aZen's user-side traction (600K+ onboarded devices) is unusual for pre-token DePIN — distribution-first model contrasts with io.net's GPU-supply-first approach. Comp set: io.net (private, $40M raised), Aethir (private), Acurast (above, $11M smartphone-side); Helium (HNT) on user-side IoT radio analogy. The DWF/Waterdrip cap-table signals Asia-Pacific crypto-native conviction. Binary catalyst is whether compute-per-device economics close once token incentives go live. Sub-$25M total likely; flag for upgrade if Series A materializes.",https://dailyhodl.com/2025/05/02/azen-secures-1-2-million-seed-round-and-web-3-0-grants-to-build-depin-for-ubiquitous-ai-after-onboarding-600000-users/
